bacdive_id,fold,genome_accession,species,genus,family,optimal_temperature_c,optimal_ph,salt_tolerance_pct,oxygen_requirement,true_media_ids,true_media_names,n_true_media
98,0,GCA_000025305,Acidaminococcus fermentans,Acidaminococcus,Acidaminococcaceae,37.0,,,anaerobe,110|693,CHOPPED MEAT MEDIUM WITH CARBOHYDRATES|COLUMBIA BLOOD MEDIUM,2
110,0,GCA_004364865,Ilumatobacter fluminis,Ilumatobacter,Ilumatobacteraceae,28.0,,,,514,BACTO MARINE BROTH (DIFCO 2216),1
219,0,GCA_000160075,Abiotrophia defectiva subsp. subspepi var. varfungi,Abiotrophia,Aerococcaceae,37.0,,,anaerobe,104,PYG MEDIUM (modified),1
221,0,GCA_001543285,Aerococcus viridans,Aerococcus,Aerococcaceae,31.5,,,microaerophile,693|92,COLUMBIA BLOOD MEDIUM|TRYPTICASE SOY YEAST EXTRACT MEDIUM,2
223,0,GCA_001543175,Aerococcus urinae,Aerococcus,Aerococcaceae,37.0,,,facultative anaerobe,693|92,COLUMBIA BLOOD MEDIUM|TRYPTICASE SOY YEAST EXTRACT MEDIUM,2
224,0,GCA_001543145,Aerococcus sanguinicola,Aerococcus,Aerococcaceae,37.0,,6.5,facultative anaerobe,215|693,BHI MEDIUM|COLUMBIA BLOOD MEDIUM,2
229,0,GCA_900100125,Dolosicoccus paucivorans,Dolosicoccus,Aerococcaceae,37.0,,,microaerophile,693|92,COLUMBIA BLOOD MEDIUM|TRYPTICASE SOY YEAST EXTRACT MEDIUM,2
235,0,GCA_900110675,Ignavigranum ruoffiae,Ignavigranum,Aerococcaceae,37.0,,6.5,microaerophile,693|92,COLUMBIA BLOOD MEDIUM|TRYPTICASE SOY YEAST EXTRACT MEDIUM,2
411,0,GCA_900107035,Alicyclobacillus hesperidum subsp. hesperidum,Alicyclobacillus,Alicyclobacillaceae,50.0,,,,,,0
412,0,GCA_030161355,Alicyclobacillus hesperidum subsp. hesperidum,Alicyclobacillus,Alicyclobacillaceae,50.0,,,,,,0
425,0,GCA_900156755,Alicyclobacillus vulcanalis,Alicyclobacillus,Alicyclobacillaceae,55.0,4.0,1.0,aerobe,,,0
428,0,GCA_004366795,Alicyclobacillus sacchari,Alicyclobacillus,Alicyclobacillaceae,47.5,4.25,1.0,aerobe,,,0
431,0,GCA_001552655,Alicyclobacillus kakegawensis,Alicyclobacillus,Alicyclobacillaceae,52.5,4.25,1.0,aerobe,,,0
432,0,GCA_900116805,Alicyclobacillus macrosporangiidus,Alicyclobacillus,Alicyclobacillaceae,52.5,4.25,2.5,aerobe,,,0
436,0,GCA_000092905,Kyrpidia tusciae,Kyrpidia,Alicyclobacillaceae,50.0,,,,,,0
437,0,GCA_020687825,Aestuariibacter halophilus,Aestuariibacter,Alteromonadaceae,40.0,7.5,0.0,obligate aerobe,514,BACTO MARINE BROTH (DIFCO 2216),1
439,0,GCA_900129565,Marisediminitalea aggregata,Marisediminitalea,Alteromonadaceae,28.0,,,,514,BACTO MARINE BROTH (DIFCO 2216),1
444,0,GCA_000172635,Alteromonas macleodii,Alteromonas,Alteromonadaceae,25.0,,,aerobe,514,BACTO MARINE BROTH (DIFCO 2216),1
445,0,GCA_000020585,Alteromonas mediterranea,Alteromonas,Alteromonadaceae,30.0,,,,514,BACTO MARINE BROTH (DIFCO 2216),1
447,0,GCA_001562115,Alteromonas stellipolaris,Alteromonas,Alteromonadaceae,20.5,,,obligate aerobe,514,BACTO MARINE BROTH (DIFCO 2216),1
451,0,GCA_000428905,Glaciecola pallidula,Glaciecola,Alteromonadaceae,12.5,,,facultative aerobe,514,BACTO MARINE BROTH (DIFCO 2216),1
452,0,GCA_000315015,Paraglaciecola mesophila,Paraglaciecola,Alteromonadaceae,25.0,,,,514,BACTO MARINE BROTH (DIFCO 2216),1
454,0,GCA_000314995,Paraglaciecola arctica,Paraglaciecola,Alteromonadaceae,25.0,,,,514,BACTO MARINE BROTH (DIFCO 2216),1
462,0,GCA_000378045,Marinobacterium rhizophilum,Marinobacterium,Alteromonadaceae,25.0,7.0,3.0,aerobe,514,BACTO MARINE BROTH (DIFCO 2216),1
471,0,GCA_000378185,Salinimonas chungwhensis,Salinimonas,Alteromonadaceae,32.5,7.5,3.5,aerobe,514,BACTO MARINE BROTH (DIFCO 2216),1
473,0,GCA_000284615,Marinobacter nauticus,Marinobacter,Alteromonadaceae,32.0,7.25,0.6,aerobe,,,0
478,0,GCA_000397065,Marinobacter lipolyticus,Marinobacter,Alteromonadaceae,37.0,7.5,7.5,facultative aerobe,,,0
481,0,GCA_003363485,Marinobacter flavimaris,Marinobacter,Alteromonadaceae,37.0,7.5,20.0,anaerobe,514,BACTO MARINE BROTH (DIFCO 2216),1
490,0,GCA_023156235,Marinobacter goseongensis,Marinobacter,Alteromonadaceae,27.5,7.5,,aerobe,514,BACTO MARINE BROTH (DIFCO 2216),1
494,0,GCA_014651935,Marinobacter zhanjiangensis,Marinobacter,Alteromonadaceae,28.0,,,aerobe,514,BACTO MARINE BROTH (DIFCO 2216),1
498,0,GCA_000429485,Aliagarivorans marinus,Aliagarivorans,Alteromonadaceae,27.5,8.0,3.0,anaerobe,514,BACTO MARINE BROTH (DIFCO 2216),1
500,0,GCA_000281085,Catenovulum agarivorans,Catenovulum,Alteromonadaceae,28.0,,,,514,BACTO MARINE BROTH (DIFCO 2216),1
1575,0,GCF_000210915.2,Halobacteriovorax marinus,Halobacteriovorax,Halobacteriovoracaceae,25.0,,,,,,0
1834,0,GCA_900169275,Brevibacterium casei,Brevibacterium,Brevibacteriaceae,28.0,,10.0,aerobe,53,CORYNEBACTERIUM AGAR,1
1836,0,GCF_001570805.1,Brevibacterium epidermidis,Brevibacterium,Brevibacteriaceae,37.0,,,,92,TRYPTICASE SOY YEAST EXTRACT MEDIUM,1
1839,0,GCF_900445875.1,Brevibacterium iodinum,Brevibacterium,Brevibacteriaceae,30.0,,,,1,NUTRIENT AGAR,1
1844,0,GCF_031179145.1,Brevibacterium sp.,Brevibacterium,Brevibacteriaceae,37.0,,,,92,TRYPTICASE SOY YEAST EXTRACT MEDIUM,1
1853,0,GCF_039528855.1,Brevibacterium sanguinis,Brevibacterium,Brevibacteriaceae,37.0,,,aerobe,693|92,COLUMBIA BLOOD MEDIUM|TRYPTICASE SOY YEAST EXTRACT MEDIUM,2
1857,0,GCF_025147615.1,Brevibacterium luteolum,Brevibacterium,Brevibacteriaceae,37.0,,,aerobe,693|92,COLUMBIA BLOOD MEDIUM|TRYPTICASE SOY YEAST EXTRACT MEDIUM,2
1864,0,GCA_013280495,Brevibacterium permense,Brevibacterium,Brevibacteriaceae,28.0,,,obligate aerobe,92,TRYPTICASE SOY YEAST EXTRACT MEDIUM,1
1868,0,GCA_000426445,Brevibacterium album,Brevibacterium,Brevibacteriaceae,35.5,7.5,2.5,aerobe,65,GYM STREPTOMYCES MEDIUM,1
1869,0,GCA_001584615,Brevibacterium ravenspurgense,Brevibacterium,Brevibacteriaceae,35.0,,,microaerophile,92,TRYPTICASE SOY YEAST EXTRACT MEDIUM,1
2102,0,GCA_000374605,Campylobacter ureolyticus,Campylobacter,Campylobacteraceae,37.0,,,anaerobe,693|78,COLUMBIA BLOOD MEDIUM|CHOPPED MEAT MEDIUM,2
2119,0,GCA_001298465,Campylobacter concisus,Campylobacter,Campylobacteraceae,37.0,,,anaerobe,693,COLUMBIA BLOOD MEDIUM,1
2120,0,GCA_900475935,Campylobacter fetus subsp. fetus,Campylobacter,Campylobacteraceae,37.0,,,microaerophile,693,COLUMBIA BLOOD MEDIUM,1
2124,0,GCF_036802865.1,Sulfurospirillum sp.,Sulfurospirillum,Campylobacteraceae,20.0,,,facultative anaerobe,,,0
2125,0,GCF_900446595.1,Campylobacter sputorum subsp. bubulus,Campylobacter,Campylobacteraceae,37.0,,3.5,microaerophile,,,0
2126,0,GCA_900637395,Campylobacter upsaliensis,Campylobacter,Campylobacteraceae,37.0,,,microaerophile,693,COLUMBIA BLOOD MEDIUM,1
2128,0,GCA_013372125,Campylobacter curvus,Campylobacter,Campylobacteraceae,37.0,,,anaerobe,693,COLUMBIA BLOOD MEDIUM,1
2129,0,GCF_008245005.1,Campylobacter sputorum,Campylobacter,Campylobacteraceae,37.0,,3.5,microaerophile,,,0
2131,0,GCA_013372185,Campylobacter lari subsp. lari,Campylobacter,Campylobacteraceae,37.0,,,microaerophile,693,COLUMBIA BLOOD MEDIUM,1
2132,0,GCA_000816185,Campylobacter insulaenigrae,Campylobacter,Campylobacteraceae,37.0,,,microaerophile,693,COLUMBIA BLOOD MEDIUM,1
2134,0,GCA_008271385,Campylobacter fetus subsp. venerealis,Campylobacter,Campylobacteraceae,37.0,,,microaerophile,693,COLUMBIA BLOOD MEDIUM,1
2136,0,GCA_004803815,Campylobacter showae,Campylobacter,Campylobacteraceae,37.0,,,anaerobe,693,COLUMBIA BLOOD MEDIUM,1
2138,0,GCA_900446395,Campylobacter hominis,Campylobacter,Campylobacteraceae,37.0,,,anaerobe,693|78,COLUMBIA BLOOD MEDIUM|CHOPPED MEAT MEDIUM,2
2226,0,GCA_000265295,Sulfurospirillum barnesii,Sulfurospirillum,Campylobacteraceae,33.0,7.5,0.8,anaerobe,,,0
2232,0,GCA_000813325,Sulfurospirillum cavolei,Sulfurospirillum,Campylobacteraceae,30.0,7.0,,anaerobe,,,0
2378,0,GCA_000718325,Oerskovia turbata,Oerskovia,Promicromonosporaceae,30.0,,7.5,,53,CORYNEBACTERIUM AGAR,1
2386,0,GCA_000701465,Paraoerskovia marina,Paraoerskovia,Promicromonosporaceae,28.0,7.5,4.0,facultative anaerobe,92,TRYPTICASE SOY YEAST EXTRACT MEDIUM,1
2396,0,GCA_001747405,Chlorobaculum limnaeum,Chlorobaculum,Chlorobiaceae,25.0,,,anaerobe,,,0
2398,0,GCA_006265165,Chlorobaculum thiosulfatiphilum,Chlorobaculum,Chlorobiaceae,25.0,,,anaerobe,,,0
2403,0,GCA_000020465,Chlorobium limicola,Chlorobium,Chlorobiaceae,25.0,,,anaerobe,,,0
2504,0,GCA_900111615,Natronincola peptidivorans,Natronincola,Natronincolaceae,35.0,,,anaerobe,,,0
2884,0,GCF_007993815.1,Acidovorax delafieldii,Acidovorax,Comamonadaceae,28.0,,,,1,NUTRIENT AGAR,1
2888,0,GCA_023913775,Acidovorax facilis,Acidovorax,Comamonadaceae,27.5,,0.0,obligate aerobe,1|81,NUTRIENT AGAR|MINERAL MEDIUM FOR CHEMOLITHOTROPHIC GROWTH (H-3),2
2895,0,GCF_965279215.1,Acidovorax sp.,Acidovorax,Comamonadaceae,28.0,,,aerobe,830,R2A MEDIUM,1
2899,0,GCA_900102625,Acidovorax valerianellae,Acidovorax,Comamonadaceae,25.0,,,obligate aerobe,1a,REACTIVATION WITH LIQUID MEDIUM 1,1
2902,0,GCA_900104515,Acidovorax cattleyae,Acidovorax,Comamonadaceae,29.0,,,obligate aerobe,1,NUTRIENT AGAR,1
2903,0,GCA_900116825,Acidovorax caeni,Acidovorax,Comamonadaceae,27.0,,,facultative aerobe,535,TRYPTICASE SOY BROTH AGAR,1
2906,0,GCA_000204645,Alicycliphilus denitrificans,Alicycliphilus,Comamonadaceae,30.0,,,aerobe,830,R2A MEDIUM,1
2909,0,GCA_000374625,Brachymonas chironomi,Brachymonas,Comamonadaceae,30.0,7.0,0.5,aerobe,1,NUTRIENT AGAR,1
2939,0,GCA_001592265,Curvibacter delicatus,Curvibacter,Comamonadaceae,29.5,,0.0,aerobe,428,HETEROTROPHIC MEDIUM H3P,1
2940,0,GCA_016027075,Delftia acidovorans,Delftia,Comamonadaceae,29.0,,,,457|535,MINERAL MEDIUM (BRUNNER)|TRYPTICASE SOY BROTH AGAR,2
2945,0,GCA_000018665,Delftia acidovorans,Delftia,Comamonadaceae,30.0,,,,1a,REACTIVATION WITH LIQUID MEDIUM 1,1
2952,0,GCA_001571325,Delftia tsuruhatensis,Delftia,Comamonadaceae,35.0,7.0,,,535|545,TRYPTICASE SOY BROTH AGAR|TRYPTONE SOYA BROTH (TSB),2
2965,0,GCA_001571225,Hydrogenophaga palleronii,Hydrogenophaga,Comamonadaceae,30.0,,,aerobe,1|81,NUTRIENT AGAR|MINERAL MEDIUM FOR CHEMOLITHOTROPHIC GROWTH (H-3),2
2966,0,GCA_001592285,Hydrogenophaga pseudoflava,Hydrogenophaga,Comamonadaceae,30.0,,0.5,aerobe,1,NUTRIENT AGAR,1
2967,0,GCA_004353865,Hydrogenophaga pseudoflava,Hydrogenophaga,Comamonadaceae,30.0,,,,,,0
2971,0,GCA_042665215,Hydrogenophaga atypica,Hydrogenophaga,Comamonadaceae,30.0,,0.0,obligate aerobe,1|428|81,NUTRIENT AGAR|HETEROTROPHIC MEDIUM H3P|MINERAL MEDIUM FOR CHEMOLITHOTROPHIC GROWTH (H-3),3
2973,0,GCA_000211835,Hylemonella gracilis,Hylemonella,Comamonadaceae,30.0,,0.0,,,,0
2977,0,GCA_002980625,Malikia spinosa,Malikia,Comamonadaceae,26.5,,,,1|535,NUTRIENT AGAR|TRYPTICASE SOY BROTH AGAR,2
3008,0,GCA_001591365,Variovorax paradoxus,Variovorax,Comamonadaceae,26.0,,,aerobe,1|81,NUTRIENT AGAR|MINERAL MEDIUM FOR CHEMOLITHOTROPHIC GROWTH (H-3),2
3010,0,GCA_000463015,Variovorax paradoxus,Variovorax,Comamonadaceae,30.0,,,,457|535,MINERAL MEDIUM (BRUNNER)|TRYPTICASE SOY BROTH AGAR,2
3011,0,GCF_965279555.1,Variovorax sp.,Variovorax,Comamonadaceae,28.0,,,,220|457,CASO AGAR (Merck 105458)|MINERAL MEDIUM (BRUNNER),2
3016,0,GCA_042657085,Variovorax soli,Variovorax,Comamonadaceae,30.0,7.0,,obligate aerobe,830,R2A MEDIUM,1
3022,0,GCA_000015565,Verminephrobacter eiseniae,Verminephrobacter,Comamonadaceae,28.0,,,,830,R2A MEDIUM,1
3026,0,GCA_003350475,Pseudacidovorax intermedius,Pseudacidovorax,Comamonadaceae,30.0,,,facultative aerobe,535,TRYPTICASE SOY BROTH AGAR,1
3027,0,GCA_009646335,Caenimonas koreensis,Caenimonas,Comamonadaceae,30.0,7.5,,aerobe,,,0
3032,0,GCA_003063475,Limnohabitans curvus,Limnohabitans,Comamonadaceae,22.0,,,aerobe,830,R2A MEDIUM,1
3044,0,GCA_010509075,Collinsella aerofaciens,Collinsella,Coriobacteriaceae,37.0,,,anaerobe,1203a|78,FASTIDIOUS ANAEROBE BROTH|CHOPPED MEAT MEDIUM,2
3045,0,GCF_010509075.1,Collinsella aerofaciens,Collinsella,Coriobacteriaceae,37.0,,,anaerobe,104|1203a|693,PYG MEDIUM (modified)|FASTIDIOUS ANAEROBE BROTH|COLUMBIA BLOOD MEDIUM,3
3046,0,GCA_020735465,Collinsella stercoris,Collinsella,Coriobacteriaceae,37.0,,,anaerobe,104,PYG MEDIUM (modified),1
3048,0,GCF_902501455.1,Collinsella intestinalis,Collinsella,Coriobacteriaceae,37.0,,,anaerobe,104,PYG MEDIUM (modified),1
3050,0,GCA_000225705,Collinsella tanakaei,Collinsella,Coriobacteriaceae,37.0,7.0,,obligate anaerobe,104|693,PYG MEDIUM (modified)|COLUMBIA BLOOD MEDIUM,2
3764,0,GCA_000473365,Adhaeribacter aquaticus,Adhaeribacter,Hymenobacteraceae,30.0,,2.0,aerobe,830,R2A MEDIUM,1
3771,0,GCA_000379725,Cytophaga aurantiaca,Cytophaga,Cytophagaceae,23.75,,,,,,0
3779,0,GCA_900108855,Dyadobacter koreensis,Dyadobacter,Spirosomataceae,25.0,7.0,,aerobe,1,NUTRIENT AGAR,1
3781,0,GCF_017744695.1,Dyadobacter sp.,Dyadobacter,Spirosomataceae,28.0,,,,1|830,NUTRIENT AGAR|R2A MEDIUM,2
3782,0,GCA_900167945,Dyadobacter psychrophilus,Dyadobacter,Spirosomataceae,12.5,7.0,,aerobe,1,NUTRIENT AGAR,1
3796,0,GCA_900176135,Hymenobacter roseosalivarius,Hymenobacter,Hymenobacteraceae,16.25,,,,,,0
3802,0,GCF_036387835.1,Hymenobacter sp.,Hymenobacter,Hymenobacteraceae,28.0,,,,830,R2A MEDIUM,1
3811,0,GCA_900107135,Hymenobacter psychrophilus,Hymenobacter,Hymenobacteraceae,20.0,,,facultative anaerobe,1,NUTRIENT AGAR,1
3818,0,GCA_014195535,Runella defluvii,Runella,Spirosomataceae,32.5,7.75,,aerobe,830,R2A MEDIUM,1
3823,0,GCA_000374065,Spirosoma luteum,Spirosoma,Spirosomataceae,20.0,,,,830,R2A MEDIUM,1
3825,0,GCA_000374085,Spirosoma spitsbergense,Spirosoma,Spirosomataceae,20.0,,,,830,R2A MEDIUM,1
3827,0,GCA_000426725,Sporocytophaga myxococcoides,Sporocytophaga,Cytophagaceae,25.0,,,,,,0
3830,0,GCA_003585765,Pontibacter actiniarum,Pontibacter,Hymenobacteraceae,28.0,,,,514,BACTO MARINE BROTH (DIFCO 2216),1
3834,0,GCA_000383955,Rudanella lutea,Rudanella,Spirosomataceae,30.0,7.0,,aerobe,830,R2A MEDIUM,1
3837,0,GCA_900115665,Pseudarcicella hirudinis,Pseudarcicella,Spirosomataceae,26.5,,,aerobe,830,R2A MEDIUM,1
3930,0,GCA_900187395,Kytococcus aerolatus,Kytococcus,Kytococcaceae,28.0,,,aerobe,92,TRYPTICASE SOY YEAST EXTRACT MEDIUM,1
3931,0,GCA_006715095,Yimella lutea,Yimella,Dermacoccaceae,28.0,6.5,0.5,aerobe,65|693,GYM STREPTOMYCES MEDIUM|COLUMBIA BLOOD MEDIUM,2
3932,0,GCA_900108585,Branchiibius hedensis,Branchiibius,Dermacoccaceae,28.0,,,,92,TRYPTICASE SOY YEAST EXTRACT MEDIUM,1
3933,0,GCF_042661605.1,Branchiibius cervicis,Branchiibius,Dermacoccaceae,28.0,,,,92,TRYPTICASE SOY YEAST EXTRACT MEDIUM,1
3966,0,GCF_054657295.1,Desulfocastanea catecholica,Desulfocastanea,Desulfocapsaceae,28.0,,,anaerobe,,,0
4019,0,GCA_000341395,Desulfocapsa sulfexigens,Desulfocapsa,Desulfocapsaceae,25.0,,,anaerobe,,,0
4020,0,GCA_900130015,Desulfofustis glycolicus,Desulfofustis,Desulfocapsaceae,28.0,,,anaerobe,,,0
4030,0,GCA_000025945,Desulfotalea psychrophila,Desulfotalea,Desulfocapsaceae,10.0,7.449999999999999,1.0,anaerobe,,,0
4179,0,GCA_000517565,Desulfurella acetivorans,Desulfurella,Desulfurellaceae,55.0,,,anaerobe,,,0
4180,0,GCA_900101285,Desulfurella multipotens,Desulfurella,Desulfurellaceae,55.0,,,anaerobe,,,0
5056,0,GCA_900112475,Pragia fontium,Pragia,Budviciaceae,30.0,,,,1|535,NUTRIENT AGAR|TRYPTICASE SOY BROTH AGAR,2
5381,0,GCA_001719165,Erythrobacter litoralis,Erythrobacter,Erythrobacteraceae,27.5,,,aerobe,,,0
5390,0,GCF_000422985.1,Erythrobacter cryptus,Erythrobacter,Erythrobacteraceae,45.0,,,obligate aerobe,,,0
5392,0,GCA_002155695,Porphyrobacter tepidarius,Porphyrobacter,Erythrobacteraceae,45.0,,,,,,0
5398,0,GCA_001028625,Pelagerythrobacter marensis,Pelagerythrobacter,Erythrobacteraceae,30.0,7.099999999999999,2.0,aerobe,514,BACTO MARINE BROTH (DIFCO 2216),1
5400,0,GCA_014284495,Acetobacterium malicum subsp. malicum,Acetobacterium,Eubacteriaceae,30.0,,,anaerobe,,,0
5408,0,GCA_014284475,Acetobacterium fimetarium,Acetobacterium,Eubacteriaceae,30.0,,,anaerobe,,,0
5411,0,GCA_008086615,Acetobacterium tundrae,Acetobacterium,Eubacteriaceae,20.0,,,anaerobe,,,0
5432,0,GCA_000807675,Eubacterium limosum,Eubacterium,Eubacteriaceae,37.0,,,anaerobe,104,PYG MEDIUM (modified),1
5433,0,GCF_002441855.2,Eubacterium maltosivorans,Eubacterium,Eubacteriaceae,37.0,,,anaerobe,104,PYG MEDIUM (modified),1
5437,0,GCA_000510425,Eubacterium nodatum,Eubacterium,Eubacteriaceae,37.0,,,anaerobe,104|110|693,PYG MEDIUM (modified)|CHOPPED MEAT MEDIUM WITH CARBOHYDRATES|COLUMBIA BLOOD MEDIUM,3
5446,0,GCF_039521565.1,Eubacterium tenue,Eubacterium,Eubacteriaceae,37.0,,,anaerobe,104|110,PYG MEDIUM (modified)|CHOPPED MEAT MEDIUM WITH CARBOHYDRATES,2
5448,0,GCA_000153885,Eubacterium ventriosum,Eubacterium,Eubacteriaceae,37.0,,,anaerobe,104|78,PYG MEDIUM (modified)|CHOPPED MEAT MEDIUM,2
5449,0,GCA_900107815,Eubacterium aggregans,Eubacterium,Eubacteriaceae,37.0,,,anaerobe,,,0
5453,0,GCA_003317055,Alkalibaculum bacchi,Alkalibaculum,Eubacteriaceae,37.0,8.25,,anaerobe,pdf,,1
5473,0,GCA_000183425,Marivirga tractuosa,Marivirga,Marivirgaceae,25.0,,,,,,0
5481,0,GCA_000424985,Arenibacter latericius,Arenibacter,Flavobacteriaceae,28.0,,,aerobe,514,BACTO MARINE BROTH (DIFCO 2216),1
5490,0,GCA_900446695,Capnocytophaga sputigena,Capnocytophaga,Flavobacteriaceae,37.0,,,anaerobe,693,COLUMBIA BLOOD MEDIUM,1
5492,0,GCA_000411115,Capnocytophaga granulosa,Capnocytophaga,Flavobacteriaceae,37.0,,,facultative anaerobe,,,0
5501,0,GCA_900102165,Cellulophaga baltica,Cellulophaga,Flavobacteriaceae,25.0,,,aerobe,514,BACTO MARINE BROTH (DIFCO 2216),1
5503,0,GCA_900176415,Cellulophaga tyrosinoxydans,Cellulophaga,Flavobacteriaceae,27.0,7.75,3.0,aerobe,514,BACTO MARINE BROTH (DIFCO 2216),1
5511,0,GCA_900114265,Flaviramulus basaltis,Flaviramulus,Flavobacteriaceae,21.0,,,obligate aerobe,514,BACTO MARINE BROTH (DIFCO 2216),1
5515,0,GCA_000016645,Flavobacterium johnsoniae subsp. johnsoniae,Flavobacterium,Flavobacteriaceae,27.5,,,obligate aerobe,830,R2A MEDIUM,1
5516,0,GCA_900142735,Flavobacterium saccharophilum,Flavobacterium,Flavobacteriaceae,25.0,,,aerobe,830,R2A MEDIUM,1
5520,0,GCF_965279615.1,Runella sp.,Runella,Spirosomataceae,28.0,,,,830,R2A MEDIUM,1
5526,0,GCA_900114945,Flavobacterium succinicans,Flavobacterium,Flavobacteriaceae,23.5,,0.0,facultative anaerobe,830,R2A MEDIUM,1
5528,0,GCA_900142715,Flavobacterium pectinovorum,Flavobacterium,Flavobacteriaceae,23.5,,,aerobe,830,R2A MEDIUM,1
5531,0,GCA_000832125,Flavobacterium hibernum,Flavobacterium,Flavobacteriaceae,20.0,,0.0,obligate aerobe,830,R2A MEDIUM,1
5535,0,GCA_003634755,Flavobacterium limicola,Flavobacterium,Flavobacteriaceae,15.0,,0.0,aerobe,1|830,NUTRIENT AGAR|R2A MEDIUM,2
5536,0,GCA_900106645,Flavobacterium degerlachei,Flavobacterium,Flavobacteriaceae,20.0,,2.5,,830,R2A MEDIUM,1
5537,0,GCA_900111075,Flavobacterium frigoris,Flavobacterium,Flavobacteriaceae,15.0,,1.0,,830,R2A MEDIUM,1
5539,0,GCA_000425445,Flavobacterium denitrificans,Flavobacterium,Flavobacteriaceae,25.0,7.0,,facultative aerobe,830,R2A MEDIUM,1
5541,0,GCA_900143245,Flavobacterium fryxellicola,Flavobacterium,Flavobacteriaceae,20.0,,1.0,facultative anaerobe,830,R2A MEDIUM,1
5543,0,GCA_000425505,Flavobacterium frigidarium,Flavobacterium,Flavobacteriaceae,15.0,,0.0,,1|830,NUTRIENT AGAR|R2A MEDIUM,2
5550,0,GCA_002217195,Flavobacterium aquidurense,Flavobacterium,Flavobacteriaceae,23.5,6.4,0.5,aerobe,830,R2A MEDIUM,1
5553,0,GCA_900107635,Flavobacterium gillisiae,Flavobacterium,Flavobacteriaceae,20.0,,,,830,R2A MEDIUM,1
5558,0,GCA_900100625,Flavobacterium saliperosum,Flavobacterium,Flavobacteriaceae,28.0,7.5,,aerobe,830,R2A MEDIUM,1
5560,0,GCA_003688495,Flavobacterium weaverense,Flavobacterium,Flavobacteriaceae,17.0,6.5,1.0,aerobe,830,R2A MEDIUM,1
5561,0,GCA_900129575,Flavobacterium segetis,Flavobacterium,Flavobacteriaceae,16.6,7.0,,aerobe,830,R2A MEDIUM,1
5563,0,GCA_000455605,Flavobacterium indicum,Flavobacterium,Flavobacteriaceae,30.0,,,aerobe,545,TRYPTONE SOYA BROTH (TSB),1
5568,0,GCA_002217285,Flavobacterium hercynium,Flavobacterium,Flavobacteriaceae,23.5,7.1,0.5,aerobe,830,R2A MEDIUM,1
5569,0,GCA_000425465,Flavobacterium filum,Flavobacterium,Flavobacteriaceae,30.0,7.75,,facultative anaerobe,830,R2A MEDIUM,1
5574,0,GCA_000686885,Flavobacterium sasangense,Flavobacterium,Flavobacteriaceae,30.0,7.75,,facultative anaerobe,830,R2A MEDIUM,1
5575,0,GCA_000378485,Flavobacterium rivuli,Flavobacterium,Flavobacteriaceae,20.0,7.0,1.0,aerobe,830,R2A MEDIUM,1
5577,0,GCA_002217435,Flavobacterium reichenbachii,Flavobacterium,Flavobacteriaceae,23.0,6.2,,aerobe,830,R2A MEDIUM,1
5578,0,GCA_900111965,Flavobacterium swingsii,Flavobacterium,Flavobacteriaceae,25.0,,0.0,aerobe,830,R2A MEDIUM,1
5579,0,GCA_900129545,Flavobacterium fluvii,Flavobacterium,Flavobacteriaceae,27.5,7.0,,aerobe,830,R2A MEDIUM,1
5584,0,GCF_003148525.1,Flavobacterium araucananum,Flavobacterium,Flavobacteriaceae,28.0,,,,830,R2A MEDIUM,1
5591,0,GCA_000430645,Aquimarina latercula,Aquimarina,Flavobacteriaceae,25.0,,,,514,BACTO MARINE BROTH (DIFCO 2216),1
5592,0,GCA_004216895,Aquimarina brevivitae,Aquimarina,Flavobacteriaceae,37.0,7.5,,aerobe,514,BACTO MARINE BROTH (DIFCO 2216),1
5598,0,GCA_000423005,Gelidibacter mesophilus,Gelidibacter,Flavobacteriaceae,25.0,,,,514,BACTO MARINE BROTH (DIFCO 2216),1
5599,0,GCF_000423005.1,Gelidibacter mesophilus,Gelidibacter,Flavobacteriaceae,22.5,,,,514,BACTO MARINE BROTH (DIFCO 2216),1
5606,0,GCA_900142175,Maribacter aquivivus,Maribacter,Flavobacteriaceae,22.0,8.0,4.0,aerobe,514,BACTO MARINE BROTH (DIFCO 2216),1
5608,0,GCA_001447995,Maribacter dokdonensis,Maribacter,Flavobacteriaceae,30.0,7.5,2.5,aerobe,514,BACTO MARINE BROTH (DIFCO 2216),1
5609,0,GCA_003148665,Maribacter polysiphoniae,Maribacter,Flavobacteriaceae,31.0,8.0,1.75,aerobe,514,BACTO MARINE BROTH (DIFCO 2216),1
5614,0,GCA_000621125,Maribacter antarcticus,Maribacter,Flavobacteriaceae,10.0,8.0,3.5,aerobe,514,BACTO MARINE BROTH (DIFCO 2216),1
5619,0,GCA_000224085,Muricauda ruestringensis,Muricauda,Flavobacteriaceae,25.0,7.0,3.0,facultative anaerobe,514,BACTO MARINE BROTH (DIFCO 2216),1
5628,0,GCA_000355905,Psychroflexus gondwanensis,Psychroflexus,Flavobacteriaceae,23.5,,,,514,BACTO MARINE BROTH (DIFCO 2216),1
5631,0,GCA_000425305,Psychroserpens burtonensis,Psychroserpens,Flavobacteriaceae,15.0,,,,514,BACTO MARINE BROTH (DIFCO 2216),1
5641,0,GCA_900168045,Salegentibacter holothuriorum,Salegentibacter,Flavobacteriaceae,20.5,,3.5,aerobe,514,BACTO MARINE BROTH (DIFCO 2216),1
5644,0,GCA_001752425,Salegentibacter salarius,Salegentibacter,Flavobacteriaceae,30.0,7.5,8.0,aerobe,514,BACTO MARINE BROTH (DIFCO 2216),1
5645,0,GCA_002833365,Salegentibacter salinarum,Salegentibacter,Flavobacteriaceae,30.0,7.5,8.0,aerobe,514,BACTO MARINE BROTH (DIFCO 2216),1
5649,0,GCA_004345825,Tenacibaculum skagerrakense,Tenacibaculum,Flavobacteriaceae,31.0,7.5,,,514,BACTO MARINE BROTH (DIFCO 2216),1
5650,0,GCA_003610735,Tenacibaculum lutimaris,Tenacibaculum,Flavobacteriaceae,33.5,7.5,2.5,aerobe,514,BACTO MARINE BROTH (DIFCO 2216),1
5658,0,GCA_900102055,Ulvibacter litoralis,Ulvibacter,Flavobacteriaceae,22.0,7.7,3.5,aerobe,514,BACTO MARINE BROTH (DIFCO 2216),1
5665,0,GCA_000973105,Zobellia galactanivorans,Zobellia,Flavobacteriaceae,29.0,,,aerobe,514,BACTO MARINE BROTH (DIFCO 2216),1
5715,0,GCA_900115185,Bizionia echini,Bizionia,Flavobacteriaceae,33.5,,,aerobe,514,BACTO MARINE BROTH (DIFCO 2216),1
5721,0,GCA_900116115,Lutibacter maritimus,Lutibacter,Flavobacteriaceae,27.5,7.5,2.0,aerobe,,,0
5723,0,GCA_003254015,Nonlabens dokdonensis,Nonlabens,Flavobacteriaceae,25.0,7.5,2.0,aerobe,514,BACTO MARINE BROTH (DIFCO 2216),1
5725,0,GCA_003001855,Nonlabens ulvanivorans,Nonlabens,Flavobacteriaceae,22.5,,,obligate aerobe,514,BACTO MARINE BROTH (DIFCO 2216),1
5726,0,GCF_000518485.1,Olleya marilimosa,Olleya,Flavobacteriaceae,17.0,7.0,0.35,aerobe,514,BACTO MARINE BROTH (DIFCO 2216),1
5728,0,GCA_002973595,Jejuia pallidilutea,Jejuia,Flavobacteriaceae,27.5,7.75,3.0,aerobe,514,BACTO MARINE BROTH (DIFCO 2216),1
5730,0,GCA_000382125,Eudoraea adriatica,Eudoraea,Flavobacteriaceae,30.0,7.75,2.0,aerobe,514,BACTO MARINE BROTH (DIFCO 2216),1
5734,0,GCA_000423585,Salinimicrobium xinjiangense,Salinimicrobium,Flavobacteriaceae,33.5,7.75,2.5,facultative aerobe,514,BACTO MARINE BROTH (DIFCO 2216),1
5744,0,GCA_900129665,Muricauda flava,Muricauda,Flavobacteriaceae,30.0,7.5,2.5,aerobe,514,BACTO MARINE BROTH (DIFCO 2216),1
5747,0,GCA_900103285,Siphonobacter aquaeclarae,Siphonobacter,Spirosomataceae,33.5,7.0,,facultative anaerobe,830,R2A MEDIUM,1
5869,0,GCA_000024805,Haliangium ochraceum,Haliangium,Kofleriaceae,30.0,,,,,,0
5896,0,GCA_000026045,Natronomonas pharaonis,Natronomonas,Halobacteriaceae,37.0,,,,,,0
5912,0,GCA_004799605,Halobacterium salinarum,Halobacterium,Halobacteriaceae,37.0,,,,,,0
5922,0,GCA_904846595,Psychrobacter sp.,Psychrobacter,Moraxellaceae,37.0,,,,,,0
5977,0,GCA_000400975,Halarchaeum acidiphilum,Halarchaeum,Halobacteriaceae,37.0,4.45,,anaerobe,,,0
6125,0,GCA_000018565,Herpetosiphon aurantiacus,Herpetosiphon,Herpetosiphonaceae,30.0,,,aerobe,,,0
6130,0,GCF_003512625.1,Herpetosiphon sp.,Herpetosiphon,Herpetosiphonaceae,28.0,,,,9,VY/2 AGAR,1
6133,0,GCA_039545135,Herpetosiphon gulosus,Herpetosiphon,Herpetosiphonaceae,28.25,,2.0,aerobe,9,VY/2 AGAR,1
6174,0,GCF_003550175.1,Dichotomicrobium thermohalophilum,Dichotomicrobium,Hyphomicrobiaceae,44.0,,,,,,0
6192,0,GCF_016461745.1,Rhodomicrobium vannielii,Rhodomicrobium,Hyphomicrobiaceae,28.0,,,anaerobe,,,0
6194,0,GCA_000166055,Rhodomicrobium vannielii,Rhodomicrobium,Hyphomicrobiaceae,28.0,,,anaerobe,,,0
6207,0,GCF_003634045.1,Maricaulis maris,Maricaulis,Maricaulaceae,25.5,,,,514,BACTO MARINE BROTH (DIFCO 2216),1
6208,0,GCA_003634045,Maricaulis maris,Maricaulis,Maricaulaceae,26.5,,,,514,BACTO MARINE BROTH (DIFCO 2216),1
6210,0,GCA_900103475,Maricaulis salignorans,Maricaulis,Maricaulaceae,25.5,,,,,,0
6212,0,GCA_027922185,Maricaulis virginensis,Maricaulis,Maricaulaceae,30.0,,,,,,0
6228,0,GCA_900116625,Idiomarina abyssalis,Idiomarina,Idiomarinaceae,25.0,,,,514,BACTO MARINE BROTH (DIFCO 2216),1
6229,0,GCF_000008465.1,Idiomarina loihiensis,Idiomarina,Idiomarinaceae,30.0,,,obligate aerobe,514,BACTO MARINE BROTH (DIFCO 2216),1
6233,0,GCA_003987225,Pseudidiomarina homiensis,Pseudidiomarina,Idiomarinaceae,29.0,,,obligate aerobe,514,BACTO MARINE BROTH (DIFCO 2216),1
6235,0,GCA_003987435,Pseudidiomarina taiwanensis,Pseudidiomarina,Idiomarinaceae,32.5,8.0,,aerobe,514,BACTO MARINE BROTH (DIFCO 2216),1
6238,0,GCA_003987335,Aliidiomarina maris,Aliidiomarina,Idiomarinaceae,32.5,8.75,,aerobe,514,BACTO MARINE BROTH (DIFCO 2216),1
6990,0,GCA_017875815,Methanococcus maripaludis,Methanococcus,Methanococcaceae,37.0,,,anaerobe,,,0
6999,0,GCA_017875395,Methanococcus voltae,Methanococcus,Methanococcaceae,37.0,,,anaerobe,,,0
7001,0,GCA_000017185,Methanococcus aeolicus,Methanococcus,Methanococcaceae,45.0,7.0,,anaerobe,,,0
7044,0,GCA_000007185,Methanopyrus kandleri,Methanopyrus,Methanopyraceae,96.5,,,anaerobe,,,0
7537,0,GCF_048266065.1,Arthrobacter sp.,Arthrobacter,Eubacteriaceae,30.0,,,,92,TRYPTICASE SOY YEAST EXTRACT MEDIUM,1
8059,0,GCF_029024105.1,Acinetobacter lwoffii,Acinetobacter,Moraxellaceae,28.0,,,,220,CASO AGAR (Merck 105458),1
8072,0,GCA_900109815,Acinetobacter sp.,Acinetobacter,Moraxellaceae,28.0,,,,1|693,NUTRIENT AGAR|COLUMBIA BLOOD MEDIUM,2
8078,0,GCA_019048405,Acinetobacter seifertii,Acinetobacter,Moraxellaceae,37.0,,,,1|693|92,NUTRIENT AGAR|COLUMBIA BLOOD MEDIUM|TRYPTICASE SOY YEAST EXTRACT MEDIUM,3
8087,0,GCA_000368665,Acinetobacter junii,Acinetobacter,Moraxellaceae,31.5,,,aerobe,220|535,CASO AGAR (Merck 105458)|TRYPTICASE SOY BROTH AGAR,2
8089,0,GCA_016728805,Acinetobacter johnsonii,Acinetobacter,Moraxellaceae,28.0,,,,220,CASO AGAR (Merck 105458),1
8090,0,GCA_016725945,Acinetobacter johnsonii,Acinetobacter,Moraxellaceae,28.0,,,,220,CASO AGAR (Merck 105458),1
8092,0,GCA_000369065,Acinetobacter haemolyticus,Acinetobacter,Moraxellaceae,30.0,,,obligate aerobe,693|92,COLUMBIA BLOOD MEDIUM|TRYPTICASE SOY YEAST EXTRACT MEDIUM,2
8125,0,GCF_000046845.1,Acinetobacter baylyi,Acinetobacter,Moraxellaceae,30.0,,,obligate aerobe,220|535,CASO AGAR (Merck 105458)|TRYPTICASE SOY BROTH AGAR,2
8126,0,GCA_000368685,Acinetobacter baylyi,Acinetobacter,Moraxellaceae,30.0,,,aerobe,220|535,CASO AGAR (Merck 105458)|TRYPTICASE SOY BROTH AGAR,2
8129,0,GCF_000759995.1,Acinetobacter tjernbergiae,Acinetobacter,Moraxellaceae,30.0,,,obligate aerobe,220|535,CASO AGAR (Merck 105458)|TRYPTICASE SOY BROTH AGAR,2
8132,0,GCA_000368565,Acinetobacter gerneri,Acinetobacter,Moraxellaceae,30.0,,,obligate aerobe,220|535,CASO AGAR (Merck 105458)|TRYPTICASE SOY BROTH AGAR,2
8134,0,GCA_000368625,Acinetobacter schindleri,Acinetobacter,Moraxellaceae,29.0,,,aerobe,1|693,NUTRIENT AGAR|COLUMBIA BLOOD MEDIUM,2
8136,0,GCA_016726345,Acinetobacter ursingii,Acinetobacter,Moraxellaceae,28.0,,,,92,TRYPTICASE SOY YEAST EXTRACT MEDIUM,1
8137,0,GCA_042649845,Acinetobacter marinus,Acinetobacter,Moraxellaceae,30.0,,,aerobe,220,CASO AGAR (Merck 105458),1
8141,0,GCA_000369005,Acinetobacter beijerinckii,Acinetobacter,Moraxellaceae,31.0,,,aerobe,535,TRYPTICASE SOY BROTH AGAR,1
8142,0,GCA_042685545,Acinetobacter gyllenbergii,Acinetobacter,Moraxellaceae,31.0,,,aerobe,535|693,TRYPTICASE SOY BROTH AGAR|COLUMBIA BLOOD MEDIUM,2
8143,0,GCA_000368705,Acinetobacter soli,Acinetobacter,Moraxellaceae,30.0,,,aerobe,1|830|92,NUTRIENT AGAR|R2A MEDIUM|TRYPTICASE SOY YEAST EXTRACT MEDIUM,3
8145,0,GCA_000368925,Acinetobacter bereziniae,Acinetobacter,Moraxellaceae,30.0,,,aerobe,220,CASO AGAR (Merck 105458),1
8152,0,GCA_016127895,Moraxella nonliquefaciens,Moraxella,Moraxellaceae,37.0,,,,,,0
8156,0,GCA_016888885,Moraxella osloensis,Moraxella,Moraxellaceae,30.0,,,obligate aerobe,693,COLUMBIA BLOOD MEDIUM,1
8161,0,GCA_900476075,Moraxella catarrhalis,Moraxella,Moraxellaceae,33.5,,,obligate aerobe,215|693,BHI MEDIUM|COLUMBIA BLOOD MEDIUM,2
8162,0,GCF_900476075.1,Moraxella catarrhalis,Moraxella,Moraxellaceae,37.0,,,,220|693,CASO AGAR (Merck 105458)|COLUMBIA BLOOD MEDIUM,2
8163,0,GCA_000379845,Moraxella boevrei,Moraxella,Moraxellaceae,37.0,,,microaerophile,693,COLUMBIA BLOOD MEDIUM,1
8165,0,GCA_900453335,Moraxella equi,Moraxella,Moraxellaceae,30.0,,,,,,0
8170,0,GCA_900637105,Moraxella cuniculi,Moraxella,Moraxellaceae,33.5,,,,,,0
8177,0,GCA_904846425,Psychrobacter phenylpyruvicus,Psychrobacter,Moraxellaceae,30.0,,,,,,0
8182,0,GCF_049643725.1,Psychrobacter sp.,Psychrobacter,Moraxellaceae,22.0,,,,381,LB (Luria-Bertani) MEDIUM,1
8183,0,GCA_904846555,Psychrobacter sp.,Psychrobacter,Moraxellaceae,22.0,,,,381,LB (Luria-Bertani) MEDIUM,1
8191,0,GCF_043419765.1,Psychrobacter nivimaris,Psychrobacter,Moraxellaceae,25.0,,,obligate aerobe,514,BACTO MARINE BROTH (DIFCO 2216),1
8192,0,GCF_904846465.1,Psychrobacter pulmonis,Psychrobacter,Moraxellaceae,37.0,,,aerobe,215,BHI MEDIUM,1
8197,0,GCF_904846715.1,Psychrobacter vallis,Psychrobacter,Moraxellaceae,17.0,,,,381,LB (Luria-Bertani) MEDIUM,1
8207,0,GCA_016107555,Psychrobacter celer,Psychrobacter,Moraxellaceae,32.5,7.5,2.5,anaerobe,514,BACTO MARINE BROTH (DIFCO 2216),1
8208,0,GCA_000382145,Psychrobacter lutiphocae,Psychrobacter,Moraxellaceae,23.5,,3.0,aerobe,693,COLUMBIA BLOOD MEDIUM,1
8209,0,GCA_000420045,Perlucidibaca piscinae,Perlucidibaca,Moraxellaceae,30.0,7.0,,facultative aerobe,830,R2A MEDIUM,1
10446,0,GCA_001592185,Bergeriella denitrificans,Bergeriella,Neisseriaceae,37.0,,,obligate aerobe,,,0
10456,0,GCA_014054725,Conchiformibius steedae,Conchiformibius,Neisseriaceae,37.0,,,,545,TRYPTONE SOYA BROTH (TSB),1
10462,0,GCA_900451365,Kingella denitrificans,Kingella,Neisseriaceae,33.5,,0.0,obligate aerobe,,,0
10463,0,GCA_014054985,Kingella oralis,Kingella,Neisseriaceae,37.0,,,microaerophile,693,COLUMBIA BLOOD MEDIUM,1
10466,0,GCA_900475315,Neisseria cinerea,Neisseria,Neisseriaceae,33.0,,,obligate aerobe,693,COLUMBIA BLOOD MEDIUM,1
10474,0,GCA_000009465,Neisseria meningitidis,Neisseria,Neisseriaceae,37.0,,,microaerophile,693,COLUMBIA BLOOD MEDIUM,1
10482,0,GCA_900453895,Neisseria elongata,Neisseria,Neisseriaceae,32.5,,,microaerophile,545,TRYPTONE SOYA BROTH (TSB),1
10483,0,GCA_014054945,Neisseria sicca,Neisseria,Neisseriaceae,34.25,,,microaerophile,693,COLUMBIA BLOOD MEDIUM,1
10487,0,GCA_008806995,Neisseria animalis,Neisseria,Neisseriaceae,37.0,,,microaerophile,215|693,BHI MEDIUM|COLUMBIA BLOOD MEDIUM,2
10491,0,GCA_014055005,Neisseria dentiae,Neisseria,Neisseriaceae,37.0,,,microaerophile,,,0
10545,0,GCA_019930645,Gordonia bronchialis,Gordonia,Gordoniaceae,30.0,,,obligate aerobe,,,0
10548,0,GCA_901542405,Gordonia terrae,Gordonia,Gordoniaceae,37.0,,5.0,obligate aerobe,535,TRYPTICASE SOY BROTH AGAR,1
10549,0,GCF_001698225.1,Gordonia terrae,Gordonia,Gordoniaceae,29.0,,,aerobe,535,TRYPTICASE SOY BROTH AGAR,1
10561,0,GCF_014070455.1,Gordonia rubripertincta,Gordonia,Gordoniaceae,32.5,,,obligate aerobe,65,GYM STREPTOMYCES MEDIUM,1
10576,0,GCA_000241345,Gordonia amarae,Gordonia,Gordoniaceae,29.0,,,obligate aerobe,65,GYM STREPTOMYCES MEDIUM,1
10578,0,GCA_000332975,Gordonia aichiensis,Gordonia,Gordoniaceae,37.0,,0.0,obligate aerobe,65,GYM STREPTOMYCES MEDIUM,1
10586,0,GCF_004011905.1,Gordonia alkanivorans,Gordonia,Gordoniaceae,29.0,,,obligate aerobe,535,TRYPTICASE SOY BROTH AGAR,1
10598,0,GCA_000241325,Gordonia polyisoprenivorans,Gordonia,Gordoniaceae,28.0,,,obligate aerobe,535,TRYPTICASE SOY BROTH AGAR,1
10617,0,GCA_000423025,Gordonia shandongensis,Gordonia,Gordoniaceae,28.5,7.3,,aerobe,535|65,TRYPTICASE SOY BROTH AGAR|GYM STREPTOMYCES MEDIUM,2
10620,0,GCA_000380485,Jongsikchunia kroppenstedtii,Jongsikchunia,Gordoniaceae,27.75,6.5,,aerobe,535,TRYPTICASE SOY BROTH AGAR,1
11303,0,GCA_000026125,Herminiimonas arsenicoxydans,Herminiimonas,Oxalobacteraceae,25.0,7.85,,aerobe,830,R2A MEDIUM,1
11307,0,GCA_042664955,Herminiimonas glaciei,Herminiimonas,Oxalobacteraceae,30.0,,,aerobe,1a,REACTIVATION WITH LIQUID MEDIUM 1,1
11311,0,GCA_001584185,Collimonas pratensis,Collimonas,Oxalobacteraceae,28.0,,,,1,NUTRIENT AGAR,1
11312,0,GCA_001758785,Duganella phyllosphaerae,Duganella,Oxalobacteraceae,29.0,,,aerobe,1,NUTRIENT AGAR,1
11316,0,GCF_036635995.1,Massilia sp.,Massilia,Oxalobacteraceae,30.0,,,,830,R2A MEDIUM,1
11333,0,GCA_042660405,Massilia varians,Massilia,Oxalobacteraceae,27.5,7.0,,aerobe,830,R2A MEDIUM,1
11335,0,GCA_000382345,Massilia niastensis,Massilia,Oxalobacteraceae,28.0,7.0,0.5,aerobe,830,R2A MEDIUM,1
11336,0,GCA_042656795,Massilia jejuensis,Massilia,Oxalobacteraceae,30.0,7.0,,aerobe,830,R2A MEDIUM,1
11345,0,GCA_014635705,Oxalicibacterium faecigallinarum,Oxalicibacterium,Oxalobacteraceae,28.0,,,,1a,REACTIVATION WITH LIQUID MEDIUM 1,1
11349,0,GCA_027118995,Oxalobacter vibrioformis,Oxalobacter,Oxalobacteraceae,30.0,,,anaerobe,pdf,,1
11353,0,GCA_001040945,Herbaspirillum seropedicae,Herbaspirillum,Oxalobacteraceae,30.0,,,,428,HETEROTROPHIC MEDIUM H3P,1
11354,0,GCF_001040945.1,Herbaspirillum seropedicae,Herbaspirillum,Oxalobacteraceae,30.0,,,,428,HETEROTROPHIC MEDIUM H3P,1
11362,0,GCF_047325095.1,Herbaspirillum frisingense,Herbaspirillum,Oxalobacteraceae,35.0,,,,1|428,NUTRIENT AGAR|HETEROTROPHIC MEDIUM H3P,2
11365,0,GCA_001267925,Herbaspirillum hiltneri,Herbaspirillum,Oxalobacteraceae,30.0,7.0,,aerobe,1,NUTRIENT AGAR,1
11366,0,GCA_001571165,Herbaspirillum chlorophenolicum,Herbaspirillum,Oxalobacteraceae,29.0,6.5,,aerobe,1,NUTRIENT AGAR,1
11368,0,GCA_000478365,Herbaspirillum huttiense subsp. putei,Herbaspirillum,Oxalobacteraceae,29.5,,,aerobe,1,NUTRIENT AGAR,1
11369,0,GCA_002213425,Herbaspirillum aquaticum,Herbaspirillum,Oxalobacteraceae,27.5,6.5,,aerobe,535,TRYPTICASE SOY BROTH AGAR,1
11372,0,GCA_015352955,Noviherbaspirillum soli,Noviherbaspirillum,Oxalobacteraceae,28.0,7.0,1.5,aerobe,220,CASO AGAR (Merck 105458),1
11377,0,GCA_000425385,Pseudoduganella violaceinigra,Pseudoduganella,Oxalobacteraceae,30.0,,0.0,aerobe,1,NUTRIENT AGAR,1
11900,0,GCA_900176435,Picrophilus oshimae,Picrophilus,Picrophilaceae,55.0,,,,,,0
11904,0,GCA_030159795,Methylophaga thalassica,Methylophaga,Piscirickettsiaceae,30.0,,,,,,0
11909,0,GCA_900141795,Sulfurivirga caldicuralii,Sulfurivirga,Piscirickettsiaceae,52.5,6.0,,microaerophile,,,0
11910,0,GCA_000227665,Thiomicrospira aerophila,Thiomicrospira,Piscirickettsiaceae,30.0,9.9,1.2,obligate aerobe,,,0
11914,0,GCA_000711195,Thiomicrospira pelophila,Thiomicrospira,Piscirickettsiaceae,25.0,,,,,,0
11925,0,GCA_000483485,Thiomicrorhabdus chilensis,Thiomicrorhabdus,Piscirickettsiaceae,34.5,7.0,0.47,,,,0
11938,0,GCA_000165715,Rubinisphaera brasiliensis,Rubinisphaera,Planctomycetaceae,30.0,,,,,,0
11940,0,GCA_000092105,Planctopirus limnophila,Planctopirus,Planctomycetaceae,30.0,,,,,,0
12522,0,GCA_000379665,Butyricimonas synergistica,Butyricimonas,Odoribacteraceae,37.0,,,anaerobe,104|693,PYG MEDIUM (modified)|COLUMBIA BLOOD MEDIUM,2
12571,0,GCF_018128265.1,Cellulosimicrobium cellulans,Cellulosimicrobium,Promicromonosporaceae,28.0,,,,220,CASO AGAR (Merck 105458),1
12575,0,GCA_006539945,Cellulosimicrobium cellulans,Cellulosimicrobium,Promicromonosporaceae,28.0,,,facultative anaerobe,220|65,CASO AGAR (Merck 105458)|GYM STREPTOMYCES MEDIUM,2
12581,0,GCA_001570825,Cellulosimicrobium funkei,Cellulosimicrobium,Promicromonosporaceae,28.0,7.0,,aerobe,92,TRYPTICASE SOY YEAST EXTRACT MEDIUM,1
12582,0,GCA_014803435,Cellulosimicrobium terreum,Cellulosimicrobium,Promicromonosporaceae,25.0,7.0,1.0,aerobe,92,TRYPTICASE SOY YEAST EXTRACT MEDIUM,1
12583,0,GCA_001313765,Isoptericola variabilis,Isoptericola,Promicromonosporaceae,28.0,,,facultative anaerobe,92,TRYPTICASE SOY YEAST EXTRACT MEDIUM,1
12592,0,GCF_042660925.1,Promicromonospora citrea,Promicromonospora,Promicromonosporaceae,28.0,,,,65,GYM STREPTOMYCES MEDIUM,1
12605,0,GCA_900167525,Krasilnikoviella flava,Krasilnikoviella,Promicromonosporaceae,27.75,6.75,3.5,facultative anaerobe,514|535|65,BACTO MARINE BROTH (DIFCO 2216)|TRYPTICASE SOY BROTH AGAR|GYM STREPTOMYCES MEDIUM,3
12610,0,GCA_001314005,Xylanimonas pachnodae,Xylanimonas,Promicromonosporaceae,28.0,,,,92,TRYPTICASE SOY YEAST EXTRACT MEDIUM,1
12611,0,GCA_000024965,Xylanimonas cellulosilytica,Xylanimonas,Promicromonosporaceae,28.0,,,facultative anaerobe,92,TRYPTICASE SOY YEAST EXTRACT MEDIUM,1
13019,0,GCA_014654535,Pseudomonas boreopolis,Pseudomonas,Lysobacteraceae,30.0,,,aerobe,1,NUTRIENT AGAR,1
13650,0,GCA_002927635,Albidovulum inexpectatum,Albidovulum,Paracoccaceae,50.0,,,,514,BACTO MARINE BROTH (DIFCO 2216),1
13651,0,GCF_002927635.1,Albidovulum inexpectatum,Albidovulum,Paracoccaceae,50.0,,,,514,BACTO MARINE BROTH (DIFCO 2216),1
13658,0,GCF_034676705.1,Gemmobacter sp.,Gemmobacter,Paracoccaceae,30.0,,,,830,R2A MEDIUM,1
13694,0,GCA_900115985,Paracoccus pantotrophus,Paracoccus,Paracoccaceae,30.0,,,,1|81,NUTRIENT AGAR|MINERAL MEDIUM FOR CHEMOLITHOTROPHIC GROWTH (H-3),2
13695,0,GCA_900119475,Paracoccus pantotrophus,Paracoccus,Paracoccaceae,30.0,,,,1|81,NUTRIENT AGAR|MINERAL MEDIUM FOR CHEMOLITHOTROPHIC GROWTH (H-3),2
13709,0,GCA_900115335,Paracoccus pantotrophus,Paracoccus,Paracoccaceae,37.0,,,,1,NUTRIENT AGAR,1
13715,0,GCA_900142875,Paracoccus solventivorans,Paracoccus,Paracoccaceae,29.0,,,facultative anaerobe,1,NUTRIENT AGAR,1
13720,0,GCA_900199195,Paracoccus seriniphilus,Paracoccus,Paracoccaceae,30.0,,,,514,BACTO MARINE BROTH (DIFCO 2216),1
13726,0,GCA_003386575,Paracoccus bengalensis,Paracoccus,Paracoccaceae,28.0,,,,1,NUTRIENT AGAR,1
13727,0,GCA_003594815,Paracoccus aestuarii,Paracoccus,Paracoccaceae,26.0,9.0,,aerobe,545,TRYPTONE SOYA BROTH (TSB),1
13754,0,GCA_003254005,Roseinatronobacter thiooxidans,Roseinatronobacter,Paracoccaceae,30.0,,,,,,0
13804,0,GCA_000714535,Thioclava pacifica,Thioclava,Paracoccaceae,35.0,8.0,,aerobe,514,BACTO MARINE BROTH (DIFCO 2216),1
13812,0,GCA_007991035,Cereibacter sphaeroides,Cereibacter,Paracoccaceae,29.0,,,anaerobe,,,0
13819,0,GCF_003046325.1,Cereibacter johrii,Cereibacter,Paracoccaceae,30.0,,,anaerobe,,,0
13828,0,GCA_004365885,Rhodobaca barguzinensis,Rhodobaca,Paracoccaceae,28.0,,,anaerobe,,,0
13831,0,GCA_900107585,Rubrimonas cliftonensis,Rubrimonas,Paracoccaceae,27.75,,,,514,BACTO MARINE BROTH (DIFCO 2216),1
13853,0,GCA_900499075,Roseibaca ekhonensis,Roseibaca,Paracoccaceae,16.0,8.25,2.5,aerobe,,,0
13873,0,GCA_900100455,Roseospirillum parvum,Roseospirillum,Rhodospirillaceae,28.0,,,anaerobe,,,0
13882,0,GCA_012910955,Aromatoleum diolicum,Aromatoleum,Zoogloeaceae,30.0,,,,830,R2A MEDIUM,1
13884,0,GCA_003226565,Azoarcus communis,Azoarcus,Zoogloeaceae,28.0,,,,1,NUTRIENT AGAR,1
13891,0,GCA_000236665,Azospira oryzae,Azospira,Rhodocyclaceae,29.0,,,aerobe,830,R2A MEDIUM,1
13909,0,GCA_023093675,Thauera aromatica,Thauera,Zoogloeaceae,30.0,,,facultative anaerobe,,,0
13917,0,GCA_000310185,Thauera aminoaromatica,Thauera,Zoogloeaceae,30.0,,,aerobe,pdf,,1
13925,0,GCA_016653115,Rhodocyclus purpureus,Rhodocyclus,Rhodocyclaceae,28.0,,,anaerobe,,,0
13935,0,GCA_000214035,Methyloversatilis universalis,Methyloversatilis,Sterolibacteriaceae,30.0,,,aerobe,,,0
13956,0,GCA_000294655,Magnetospirillum molischianum,Magnetospirillum,Rhodospirillaceae,25.0,,,anaerobe,,,0
13958,0,GCA_000515255,Rhodovibrio salinarum,Rhodovibrio,Rhodovibrionaceae,37.0,,,anaerobe,,,0
13960,0,GCA_008630015,Roseospira marina,Roseospira,Rhodospirillaceae,29.0,,,,,,0
14006,0,GCF_000013085.1,Rhodospirillum rubrum,Rhodospirillum,Rhodospirillaceae,28.0,,,anaerobe,,,0
14063,0,GCA_000019525,Shewanella woodyi,Shewanella,Shewanellaceae,25.0,,,facultative anaerobe,514,BACTO MARINE BROTH (DIFCO 2216),1
14066,0,GCF_000014705.1,Shewanella frigidimarina,Shewanella,Shewanellaceae,20.0,,,obligate aerobe,514,BACTO MARINE BROTH (DIFCO 2216),1
14072,0,GCA_023283765,Shewanella profunda,Shewanella,Shewanellaceae,27.5,7.0,,facultative anaerobe,514,BACTO MARINE BROTH (DIFCO 2216),1
14075,0,GCA_023284045,Shewanella kaireitica,Shewanella,Shewanellaceae,24.5,7.0,,facultative anaerobe,514,BACTO MARINE BROTH (DIFCO 2216),1
14079,0,GCF_000016065.1,Shewanella loihica,Shewanella,Shewanellaceae,18.0,7.0,2.0,facultative anaerobe,381|514,LB (Luria-Bertani) MEDIUM|BACTO MARINE BROTH (DIFCO 2216),2
14080,0,GCA_003966225,Shewanella canadensis,Shewanella,Shewanellaceae,10.0,,3.0,aerobe,514,BACTO MARINE BROTH (DIFCO 2216),1
14081,0,GCA_003966265,Shewanella atlantica,Shewanella,Shewanellaceae,10.0,,2.5,aerobe,514,BACTO MARINE BROTH (DIFCO 2216),1
14082,0,GCA_019655395,Shewanella colwelliana,Shewanella,Shewanellaceae,22.5,,3.3,facultative anaerobe,514,BACTO MARINE BROTH (DIFCO 2216),1
14083,0,GCF_000518605.1,Shewanella fidelis,Shewanella,Shewanellaceae,28.0,,,,514,BACTO MARINE BROTH (DIFCO 2216),1
14089,0,GCA_027587205,Solirubrobacter ginsenosidimutans,Solirubrobacter,Solirubrobacteraceae,28.0,,,,830,R2A MEDIUM,1
14146,0,GCF_001598555.1,Novosphingobium rosa,Novosphingobium,Erythrobacteraceae,29.0,,,,1,NUTRIENT AGAR,1
14148,0,GCA_900102455,Novosphingobium stygium,Novosphingobium,Erythrobacteraceae,27.5,,0.0,,457|830,MINERAL MEDIUM (BRUNNER)|R2A MEDIUM,2
14151,0,GCA_003860345,Caenibius tardaugens,Caenibius,Erythrobacteraceae,28.0,,0.0,aerobe,1a,REACTIVATION WITH LIQUID MEDIUM 1,1
14155,0,GCA_014199635,Novosphingobium taihuense,Novosphingobium,Erythrobacteraceae,25.0,6.0,0.5,aerobe,830,R2A MEDIUM,1
14164,0,GCA_000429005,Novosphingobium acidiphilum,Novosphingobium,Erythrobacteraceae,25.0,5.75,,aerobe,,,0
14202,0,GCA_016028435,Sphingomonas paucimobilis,Sphingomonas,Flavobacteriaceae,30.0,,,obligate aerobe,693|92,COLUMBIA BLOOD MEDIUM|TRYPTICASE SOY YEAST EXTRACT MEDIUM,2
14291,0,GCA_000277755,Zymomonas mobilis subsp. pomaceae,Zymomonas,Zymomonadaceae,30.0,,,anaerobe,,,0
14850,0,GCA_007828955,Kitasatospora atroaurantiaca,Kitasatospora,Streptomycetaceae,28.0,,0.0,,65|84,GYM STREPTOMYCES MEDIUM|ROLLED OATS MINERAL MEDIUM,2
14857,0,GCA_039527695,Kitasatospora putterlickiae,Kitasatospora,Streptomycetaceae,28.0,,,obligate aerobe,535|65|84,TRYPTICASE SOY BROTH AGAR|GYM STREPTOMYCES MEDIUM|ROLLED OATS MINERAL MEDIUM,3
14858,0,GCA_003751605,Kitasatospora cineracea,Kitasatospora,Streptomycetaceae,29.0,,,obligate aerobe,252|65|84,STARCH - MINERAL SALT - AGAR (STMS)|GYM STREPTOMYCES MEDIUM|ROLLED OATS MINERAL MEDIUM,3
14859,0,GCA_003814885,Kitasatospora niigatensis,Kitasatospora,Streptomycetaceae,29.0,,,facultative anaerobe,252|65|84,STARCH - MINERAL SALT - AGAR (STMS)|GYM STREPTOMYCES MEDIUM|ROLLED OATS MINERAL MEDIUM,3
14864,0,GCA_039542905,Kitasatospora terrestris,Kitasatospora,Streptomycetaceae,29.0,7.0,1.5,aerobe,252|84|987,STARCH - MINERAL SALT - AGAR (STMS)|ROLLED OATS MINERAL MEDIUM|ISP 2 MEDIUM,3
14871,0,GCA_000787755,Streptacidiphilus albus,Streptacidiphilus,Streptomycetaceae,28.0,,,aerobe,553|65,GPHF-MEDIUM|GYM STREPTOMYCES MEDIUM,2
14872,0,GCA_000787775,Streptacidiphilus carbonis,Streptacidiphilus,Streptomycetaceae,28.0,,,aerobe,65|84,GYM STREPTOMYCES MEDIUM|ROLLED OATS MINERAL MEDIUM,2
14877,0,GCF_042511045.1,Streptacidiphilus alkalitolerans,Streptacidiphilus,Streptomycetaceae,28.0,,,,65|987,GYM STREPTOMYCES MEDIUM|ISP 2 MEDIUM,2
14878,0,GCA_000787795,Streptacidiphilus jiangxiensis,Streptacidiphilus,Streptomycetaceae,28.0,,,aerobe,84|987,ROLLED OATS MINERAL MEDIUM|ISP 2 MEDIUM,2
14881,0,GCA_000720835,Streptomyces achromogenes subsp. achromogenes,Streptomyces,Streptomycetaceae,28.0,,,,65|84,GYM STREPTOMYCES MEDIUM|ROLLED OATS MINERAL MEDIUM,2
14888,0,GCA_014203495,Streptomyces albaduncus,Streptomyces,Streptomycetaceae,28.0,,5.0,,65|84,GYM STREPTOMYCES MEDIUM|ROLLED OATS MINERAL MEDIUM,2
14893,0,GCF_045039635.1,Streptomyces albidoflavus,Streptomyces,Streptomycetaceae,30.0,,2.5,,252|65,STARCH - MINERAL SALT - AGAR (STMS)|GYM STREPTOMYCES MEDIUM,2
14903,0,GCA_004195755,Streptomyces albidoflavus,Streptomyces,Streptomycetaceae,30.0,,7.5,,65,GYM STREPTOMYCES MEDIUM,1
14904,0,GCA_000719955,Streptomyces albidoflavus,Streptomyces,Streptomycetaceae,30.0,,7.5,,65|84,GYM STREPTOMYCES MEDIUM|ROLLED OATS MINERAL MEDIUM,2
14909,0,GCA_004195745,Streptomyces albidoflavus,Streptomyces,Streptomycetaceae,28.0,,,,252|65|84,STARCH - MINERAL SALT - AGAR (STMS)|GYM STREPTOMYCES MEDIUM|ROLLED OATS MINERAL MEDIUM,3
14914,0,GCA_021654815,Streptomyces albidoflavus,Streptomyces,Streptomycetaceae,28.0,,,,65|84,GYM STREPTOMYCES MEDIUM|ROLLED OATS MINERAL MEDIUM,2
14935,0,GCF_000716675.1,Streptomyces alboflavus,Streptomyces,Streptomycetaceae,28.0,,,,65,GYM STREPTOMYCES MEDIUM,1
14936,0,GCA_014650475,Streptomyces albogriseolus,Streptomyces,Streptomycetaceae,30.0,,5.0,facultative anaerobe,252|65,STARCH - MINERAL SALT - AGAR (STMS)|GYM STREPTOMYCES MEDIUM,2
14937,0,GCF_031845825.1,Streptomyces lancefieldiae,Streptomyces,Streptomycetaceae,28.0,,,,65|84,GYM STREPTOMYCES MEDIUM|ROLLED OATS MINERAL MEDIUM,2
14944,0,GCF_000725885.1,Streptomyces albus subsp. albus,Streptomyces,Streptomycetaceae,28.0,,,aerobe,65,GYM STREPTOMYCES MEDIUM,1
14970,0,GCA_014649355,Streptomyces althioticus,Streptomyces,Streptomycetaceae,28.0,,,,65|84,GYM STREPTOMYCES MEDIUM|ROLLED OATS MINERAL MEDIUM,2
14974,0,GCA_001267885,Streptomyces ambofaciens,Streptomyces,Streptomycetaceae,28.0,,,,65|84,GYM STREPTOMYCES MEDIUM|ROLLED OATS MINERAL MEDIUM,2
14979,0,GCF_043202155.1,Streptomyces antibioticus,Streptomyces,Streptomycetaceae,28.0,,,,65|84,GYM STREPTOMYCES MEDIUM|ROLLED OATS MINERAL MEDIUM,2
14991,0,GCA_005405925,Streptomyces antimycoticus,Streptomyces,Streptomycetaceae,28.0,,0.0,,65|84,GYM STREPTOMYCES MEDIUM|ROLLED OATS MINERAL MEDIUM,2
14994,0,GCA_000721175,Streptomyces anulatus,Streptomyces,Streptomycetaceae,28.0,,,,65,GYM STREPTOMYCES MEDIUM,1
15001,0,GCF_022343545.1,Streptomyces arenae,Streptomyces,Streptomycetaceae,30.0,,,,65|84,GYM STREPTOMYCES MEDIUM|ROLLED OATS MINERAL MEDIUM,2
15004,0,GCA_003355155,Streptomyces armeniacus,Streptomyces,Streptomycetaceae,28.0,,,,65|84,GYM STREPTOMYCES MEDIUM|ROLLED OATS MINERAL MEDIUM,2
15005,0,GCA_000717025,Streptomyces atroolivaceus,Streptomyces,Streptomycetaceae,28.0,,,obligate aerobe,65,GYM STREPTOMYCES MEDIUM,1
15006,0,GCF_964020845.1,Streptomyces atroolivaceus,Streptomyces,Streptomycetaceae,28.0,,,,252|65,STARCH - MINERAL SALT - AGAR (STMS)|GYM STREPTOMYCES MEDIUM,2
15008,0,GCA_001418335,Streptomyces aurantiacus,Streptomyces,Streptomycetaceae,28.0,,,,65,GYM STREPTOMYCES MEDIUM,1
15036,0,GCA_014649395,Streptomyces aureoverticillatus,Streptomyces,Streptomycetaceae,30.0,,0.0,,65|84|987,GYM STREPTOMYCES MEDIUM|ROLLED OATS MINERAL MEDIUM|ISP 2 MEDIUM,3
15037,0,GCF_039527835.1,Streptomyces aureus,Streptomyces,Streptomycetaceae,28.0,,,,65,GYM STREPTOMYCES MEDIUM,1
15038,0,GCA_042656045,Streptomyces aureus,Streptomyces,Streptomycetaceae,28.0,,0.0,obligate aerobe,65|84,GYM STREPTOMYCES MEDIUM|ROLLED OATS MINERAL MEDIUM,2
15039,0,GCA_000721255,Kitasatospora aureofaciens,Kitasatospora,Streptomycetaceae,28.0,,,,65|84,GYM STREPTOMYCES MEDIUM|ROLLED OATS MINERAL MEDIUM,2
15043,0,GCF_044767875.1,Streptomyces bacillaris,Streptomyces,Streptomycetaceae,28.0,,,facultative anaerobe,65,GYM STREPTOMYCES MEDIUM,1
15044,0,GCA_003268675,Streptomyces bacillaris,Streptomyces,Streptomycetaceae,28.0,,,,65|84,GYM STREPTOMYCES MEDIUM|ROLLED OATS MINERAL MEDIUM,2
15047,0,GCA_008704445,Streptomyces prasinus,Streptomyces,Streptomycetaceae,28.0,,2.5,,65|84,GYM STREPTOMYCES MEDIUM|ROLLED OATS MINERAL MEDIUM,2
15051,0,GCF_039521185.1,Streptomyces blastmyceticus,Streptomyces,Streptomycetaceae,28.0,,,,65,GYM STREPTOMYCES MEDIUM,1
15057,0,GCA_014647875,Streptomyces brasiliensis,Streptomyces,Streptomycetaceae,28.0,,,,252|65|84,STARCH - MINERAL SALT - AGAR (STMS)|GYM STREPTOMYCES MEDIUM|ROLLED OATS MINERAL MEDIUM,3
15063,0,GCA_014138735,Streptomyces calvus,Streptomyces,Streptomycetaceae,28.0,,,,65|84,GYM STREPTOMYCES MEDIUM|ROLLED OATS MINERAL MEDIUM,2
15065,0,GCF_014655855.1,Streptomyces candidus,Streptomyces,Streptomycetaceae,28.0,,,,65,GYM STREPTOMYCES MEDIUM,1
15066,0,GCA_014655855,Streptomyces candidus,Streptomyces,Streptomycetaceae,28.0,,5.0,,65,GYM STREPTOMYCES MEDIUM,1
15071,0,GCF_000718015.1,Streptomyces catenulae,Streptomyces,Streptomycetaceae,28.0,,,,252|65,STARCH - MINERAL SALT - AGAR (STMS)|GYM STREPTOMYCES MEDIUM,2
15073,0,GCA_001513965,Streptomyces cellostaticus,Streptomyces,Streptomycetaceae,30.0,,2.5,,252|65|84,STARCH - MINERAL SALT - AGAR (STMS)|GYM STREPTOMYCES MEDIUM|ROLLED OATS MINERAL MEDIUM,3
15076,0,GCA_000721105,Streptomyces cellulosae,Streptomyces,Streptomycetaceae,28.0,,,,65|84,GYM STREPTOMYCES MEDIUM|ROLLED OATS MINERAL MEDIUM,2
15087,0,GCA_001294335,Streptomyces chattanoogensis,Streptomyces,Streptomycetaceae,28.0,,,,65|84,GYM STREPTOMYCES MEDIUM|ROLLED OATS MINERAL MEDIUM,2
15088,0,GCA_001315465,Streptomyces chrestomyceticus,Streptomyces,Streptomycetaceae,28.0,,5.0,,65|84,GYM STREPTOMYCES MEDIUM|ROLLED OATS MINERAL MEDIUM,2
15096,0,GCA_000715615,Streptomyces cinnabarinus,Streptomyces,Streptomycetaceae,28.0,,,,65|84,GYM STREPTOMYCES MEDIUM|ROLLED OATS MINERAL MEDIUM,2
15098,0,GCA_017876235,Streptomyces cinnamonensis,Streptomyces,Streptomycetaceae,28.0,,2.5,,252|65,STARCH - MINERAL SALT - AGAR (STMS)|GYM STREPTOMYCES MEDIUM,2
15104,0,GCA_039532725,Streptomyces coeruleofuscus,Streptomyces,Streptomycetaceae,28.0,,,,65,GYM STREPTOMYCES MEDIUM,1
15114,0,GCA_001513975,Streptomyces curacoi,Streptomyces,Streptomycetaceae,30.0,,,,65,GYM STREPTOMYCES MEDIUM,1
15115,0,GCA_000718135,Streptomyces cyaneofuscatus,Streptomyces,Streptomycetaceae,28.0,,,,65,GYM STREPTOMYCES MEDIUM,1
15118,0,GCA_004028635,Streptomyces cyaneus,Streptomyces,Streptomycetaceae,28.0,,,,65,GYM STREPTOMYCES MEDIUM,1
15122,0,GCF_011170125.1,Streptomyces diastaticus subsp. diastaticus,Streptomyces,Streptomycetaceae,28.0,,,aerobe,65|84,GYM STREPTOMYCES MEDIUM|ROLLED OATS MINERAL MEDIUM,2
15126,0,GCA_002242805,Streptomyces diastatochromogenes,Streptomyces,Streptomycetaceae,28.0,,,,65|84,GYM STREPTOMYCES MEDIUM|ROLLED OATS MINERAL MEDIUM,2
15127,0,GCF_002242805.1,Streptomyces diastatochromogenes,Streptomyces,Streptomycetaceae,28.0,,,,65,GYM STREPTOMYCES MEDIUM,1
15129,0,GCA_000725475,Streptomyces durhamensis,Streptomyces,Streptomycetaceae,28.0,,,,65|84,GYM STREPTOMYCES MEDIUM|ROLLED OATS MINERAL MEDIUM,2
15133,0,GCA_001553475,Streptomyces hygroscopicus subsp. hygroscopicus,Streptomyces,Streptomycetaceae,28.0,,,,65,GYM STREPTOMYCES MEDIUM,1
15140,0,GCA_014649495,Streptomyces filipinensis,Streptomyces,Streptomycetaceae,28.0,,2.5,,65|84,GYM STREPTOMYCES MEDIUM|ROLLED OATS MINERAL MEDIUM,2
15143,0,GCF_000010605.1,Streptomyces griseus subsp. griseus,Streptomyces,Streptomycetaceae,28.0,,2.5,,65,GYM STREPTOMYCES MEDIUM,1
15146,0,GCA_014655335,Streptomyces griseus subsp. griseus,Streptomyces,Streptomycetaceae,30.0,,5.0,obligate aerobe,65|84,GYM STREPTOMYCES MEDIUM|ROLLED OATS MINERAL MEDIUM,2
15151,0,GCA_051171795,Streptomyces griseus subsp. griseus,Streptomyces,Streptomycetaceae,30.0,,,facultative anaerobe,65|84,GYM STREPTOMYCES MEDIUM|ROLLED OATS MINERAL MEDIUM,2
15155,0,GCF_044765825.1,Streptomyces flaveolus,Streptomyces,Streptomycetaceae,28.0,,,,65|84,GYM STREPTOMYCES MEDIUM|ROLLED OATS MINERAL MEDIUM,2
15163,0,GCA_039535885,Streptomyces flavovirens,Streptomyces,Streptomycetaceae,30.0,,2.5,,252|65,STARCH - MINERAL SALT - AGAR (STMS)|GYM STREPTOMYCES MEDIUM,2
15169,0,GCA_001418505,Streptomyces albus subsp. albus,Streptomyces,Streptomycetaceae,28.0,,,,65|84,GYM STREPTOMYCES MEDIUM|ROLLED OATS MINERAL MEDIUM,2
15193,0,GCA_000700005,Streptomyces fradiae,Streptomyces,Streptomycetaceae,28.0,,,,252|65,STARCH - MINERAL SALT - AGAR (STMS)|GYM STREPTOMYCES MEDIUM,2
15205,0,GCA_003112515,Streptomyces fragilis,Streptomyces,Streptomycetaceae,28.0,,,,252|65,STARCH - MINERAL SALT - AGAR (STMS)|GYM STREPTOMYCES MEDIUM,2
15207,0,GCF_013364315.1,Streptomyces microflavus,Streptomyces,Streptomycetaceae,20.0,,,,65|84,GYM STREPTOMYCES MEDIUM|ROLLED OATS MINERAL MEDIUM,2
15208,0,GCA_014655295,Streptomyces fumanus,Streptomyces,Streptomycetaceae,28.0,,,,65,GYM STREPTOMYCES MEDIUM,1
15214,0,GCA_008704575,Streptomyces bobili,Streptomyces,Streptomycetaceae,28.0,,,,252|65,STARCH - MINERAL SALT - AGAR (STMS)|GYM STREPTOMYCES MEDIUM,2
15215,0,GCA_014649055,Streptomyces gancidicus,Streptomyces,Streptomycetaceae,28.0,,0.0,,252|65|84,STARCH - MINERAL SALT - AGAR (STMS)|GYM STREPTOMYCES MEDIUM|ROLLED OATS MINERAL MEDIUM,3
15220,0,GCA_000156435,Streptomyces viridosporus,Streptomyces,Streptomycetaceae,28.0,,2.5,aerobe,65|84,GYM STREPTOMYCES MEDIUM|ROLLED OATS MINERAL MEDIUM,2
15221,0,GCA_001418545,Streptomyces albus subsp. albus,Streptomyces,Streptomycetaceae,28.0,,,,65,GYM STREPTOMYCES MEDIUM,1
15224,0,GCA_000761215,Streptomyces glaucescens,Streptomyces,Streptomycetaceae,28.0,,,,65|84,GYM STREPTOMYCES MEDIUM|ROLLED OATS MINERAL MEDIUM,2
15233,0,GCF_000718455.1,Streptomyces globisporus subsp. globisporus,Streptomyces,Streptomycetaceae,28.0,,,obligate aerobe,65,GYM STREPTOMYCES MEDIUM,1
15234,0,GCA_002154385,Streptomyces globisporus subsp. globisporus,Streptomyces,Streptomycetaceae,28.0,,,,65,GYM STREPTOMYCES MEDIUM,1
15246,0,GCA_000721685,Streptomyces globisporus subsp. globisporus,Streptomyces,Streptomycetaceae,28.0,,,,65|84,GYM STREPTOMYCES MEDIUM|ROLLED OATS MINERAL MEDIUM,2
15255,0,GCA_014648955,Streptomyces diastaticus subsp. diastaticus,Streptomyces,Streptomycetaceae,30.0,,5.0,,65|84,GYM STREPTOMYCES MEDIUM|ROLLED OATS MINERAL MEDIUM,2
15263,0,GCF_014649995.1,Streptomyces griseoflavus,Streptomyces,Streptomycetaceae,28.0,,,,65|84,GYM STREPTOMYCES MEDIUM|ROLLED OATS MINERAL MEDIUM,2
15268,0,GCA_014650015,Streptomyces griseoloalbus,Streptomyces,Streptomycetaceae,28.0,,5.0,,65,GYM STREPTOMYCES MEDIUM,1
15269,0,GCA_000721185,Streptomyces halstedii,Streptomyces,Streptomycetaceae,28.0,,0.0,,65,GYM STREPTOMYCES MEDIUM,1
15274,0,GCA_001418575,Peterkaempfera griseoplana,Peterkaempfera,Streptomycetaceae,28.0,,0.0,,252|65|84|987,STARCH - MINERAL SALT - AGAR (STMS)|GYM STREPTOMYCES MEDIUM|ROLLED OATS MINERAL MEDIUM|ISP 2 MEDIUM,4
15275,0,GCA_014649615,Streptomyces griseorubens,Streptomyces,Streptomycetaceae,28.0,,,,65,GYM STREPTOMYCES MEDIUM,1
15277,0,GCF_001514205.1,Streptomyces griseoruber,Streptomyces,Streptomycetaceae,28.0,,,,65,GYM STREPTOMYCES MEDIUM,1
15290,0,GCA_004803895,Streptomyces hawaiiensis,Streptomyces,Streptomycetaceae,28.0,,5.0,,65|84,GYM STREPTOMYCES MEDIUM|ROLLED OATS MINERAL MEDIUM,2
15292,0,GCA_014648975,Kitasatospora herbaricolor,Kitasatospora,Streptomycetaceae,28.0,,,,65,GYM STREPTOMYCES MEDIUM,1
15294,0,GCF_014650335.1,Streptomyces hiroshimensis,Streptomyces,Streptomycetaceae,28.0,,,,65,GYM STREPTOMYCES MEDIUM,1
15297,0,GCA_042657885,Streptomyces hiroshimensis,Streptomyces,Streptomycetaceae,28.0,,,,65|84,GYM STREPTOMYCES MEDIUM|ROLLED OATS MINERAL MEDIUM,2
15310,0,GCA_014656235,Streptomyces platensis,Streptomyces,Streptomycetaceae,28.0,,,obligate aerobe,65|84,GYM STREPTOMYCES MEDIUM|ROLLED OATS MINERAL MEDIUM,2
15315,0,GCF_037126205.1,Streptomyces hygroscopicus,Streptomyces,Streptomycetaceae,28.0,,0.0,obligate aerobe,252|65|84,STARCH - MINERAL SALT - AGAR (STMS)|GYM STREPTOMYCES MEDIUM|ROLLED OATS MINERAL MEDIUM,3
15325,0,GCA_000717055,Streptomyces iakyrus,Streptomyces,Streptomycetaceae,28.0,,,,65|84,GYM STREPTOMYCES MEDIUM|ROLLED OATS MINERAL MEDIUM,2
15326,0,GCF_036287475.1,Streptomyces iakyrus,Streptomyces,Streptomycetaceae,28.0,,,,65|84,GYM STREPTOMYCES MEDIUM|ROLLED OATS MINERAL MEDIUM,2
15329,0,GCA_039532785,Streptomyces intermedius,Streptomyces,Streptomycetaceae,30.0,,2.5,,65|84,GYM STREPTOMYCES MEDIUM|ROLLED OATS MINERAL MEDIUM,2
15330,0,GCF_051122705.1,Streptomyces ipomoeae,Streptomyces,Streptomycetaceae,28.0,,,,252|65|84,STARCH - MINERAL SALT - AGAR (STMS)|GYM STREPTOMYCES MEDIUM|ROLLED OATS MINERAL MEDIUM,3
15333,0,GCA_008704495,Streptomyces kanamyceticus,Streptomyces,Streptomycetaceae,28.0,,,,252|65|84,STARCH - MINERAL SALT - AGAR (STMS)|GYM STREPTOMYCES MEDIUM|ROLLED OATS MINERAL MEDIUM,3
15339,0,GCA_000966975,Streptomyces katrae,Streptomyces,Streptomycetaceae,28.0,,,,65|84,GYM STREPTOMYCES MEDIUM|ROLLED OATS MINERAL MEDIUM,2
15341,0,GCA_014655715,Streptomyces lanatus,Streptomyces,Streptomycetaceae,28.0,,,,65|84,GYM STREPTOMYCES MEDIUM|ROLLED OATS MINERAL MEDIUM,2
15376,0,GCF_001685355.1,Streptomyces lincolnensis,Streptomyces,Streptomycetaceae,28.0,,,,65,GYM STREPTOMYCES MEDIUM,1
15379,0,GCA_014649775,Streptomyces longisporoflavus,Streptomyces,Streptomycetaceae,28.0,,,,65|84,GYM STREPTOMYCES MEDIUM|ROLLED OATS MINERAL MEDIUM,2
15385,0,GCF_039532765.1,Streptomyces longisporus,Streptomyces,Streptomycetaceae,28.0,,,,84,ROLLED OATS MINERAL MEDIUM,1
15386,0,GCA_014650035,Streptomyces lucensis,Streptomyces,Streptomycetaceae,28.0,,2.5,,65|84,GYM STREPTOMYCES MEDIUM|ROLLED OATS MINERAL MEDIUM,2
15389,0,GCA_014205055,Streptomyces luteogriseus,Streptomyces,Streptomycetaceae,28.0,,,,65|84,GYM STREPTOMYCES MEDIUM|ROLLED OATS MINERAL MEDIUM,2
15394,0,GCF_014654785.1,Streptomyces mashuensis,Streptomyces,Streptomycetaceae,28.0,,,,65|84,GYM STREPTOMYCES MEDIUM|ROLLED OATS MINERAL MEDIUM,2
15396,0,GCA_014648995,Streptomyces massasporeus,Streptomyces,Streptomycetaceae,28.0,,2.5,,252|65,STARCH - MINERAL SALT - AGAR (STMS)|GYM STREPTOMYCES MEDIUM,2
15399,0,GCA_900105695,Streptomyces melanosporofaciens,Streptomyces,Streptomycetaceae,28.0,,,,252|65|84,STARCH - MINERAL SALT - AGAR (STMS)|GYM STREPTOMYCES MEDIUM|ROLLED OATS MINERAL MEDIUM,3
15400,0,GCA_014650355,Streptomyces michiganensis,Streptomyces,Streptomycetaceae,28.0,,,,65|84,GYM STREPTOMYCES MEDIUM|ROLLED OATS MINERAL MEDIUM,2
15404,0,GCA_014650075,Streptomyces microflavus,Streptomyces,Streptomycetaceae,28.0,,2.5,,65|84,GYM STREPTOMYCES MEDIUM|ROLLED OATS MINERAL MEDIUM,2
15410,0,GCF_014650875.1,Streptomyces minutiscleroticus,Streptomyces,Streptomycetaceae,28.0,,,,65,GYM STREPTOMYCES MEDIUM,1
15413,0,GCA_000715585,Kitasatospora misakiensis,Kitasatospora,Streptomycetaceae,28.0,,,,65|84,GYM STREPTOMYCES MEDIUM|ROLLED OATS MINERAL MEDIUM,2
15416,0,GCA_002154555,Streptomyces murinus,Streptomyces,Streptomycetaceae,30.0,,5.0,,252|65|84,STARCH - MINERAL SALT - AGAR (STMS)|GYM STREPTOMYCES MEDIUM|ROLLED OATS MINERAL MEDIUM,3
15419,0,GCA_014650575,Streptomyces naganishii,Streptomyces,Streptomycetaceae,28.0,,,,65,GYM STREPTOMYCES MEDIUM,1
15420,0,GCA_014649015,Streptomyces narbonensis,Streptomyces,Streptomycetaceae,30.0,,2.5,,65|84,GYM STREPTOMYCES MEDIUM|ROLLED OATS MINERAL MEDIUM,2
15425,0,GCA_008704555,Streptomyces nitrosporeus,Streptomyces,Streptomycetaceae,30.0,,2.5,,252|65,STARCH - MINERAL SALT - AGAR (STMS)|GYM STREPTOMYCES MEDIUM,2
15426,0,GCA_014649135,Streptomyces niveoruber,Streptomyces,Streptomycetaceae,28.0,,2.5,,65,GYM STREPTOMYCES MEDIUM,1
15427,0,GCA_042434995,Streptomyces noboritoensis,Streptomyces,Streptomycetaceae,28.0,,2.5,,65,GYM STREPTOMYCES MEDIUM,1
15429,0,GCA_042656105,Streptomyces nogalater,Streptomyces,Streptomycetaceae,28.0,,,,65|84,GYM STREPTOMYCES MEDIUM|ROLLED OATS MINERAL MEDIUM,2
15432,0,GCA_000720485,Streptomyces ochraceiscleroticus,Streptomyces,Streptomycetaceae,28.0,,,,252|65,STARCH - MINERAL SALT - AGAR (STMS)|GYM STREPTOMYCES MEDIUM,2
15433,0,GCF_000720485.1,Streptomyces ochraceiscleroticus,Streptomyces,Streptomycetaceae,28.0,,,,65|84,GYM STREPTOMYCES MEDIUM|ROLLED OATS MINERAL MEDIUM,2
15434,0,GCA_039521225,Streptomyces olivaceiscleroticus,Streptomyces,Streptomycetaceae,28.0,,2.5,,65,GYM STREPTOMYCES MEDIUM,1
15435,0,GCA_014650115,Streptomyces olivaceoviridis,Streptomyces,Streptomycetaceae,28.0,,,,65|84,GYM STREPTOMYCES MEDIUM|ROLLED OATS MINERAL MEDIUM,2
15452,0,GCA_016031615,Streptomyces pactus,Streptomyces,Streptomycetaceae,28.0,,,,252|65,STARCH - MINERAL SALT - AGAR (STMS)|GYM STREPTOMYCES MEDIUM,2
15454,0,GCA_014648855,Streptomyces parvulus,Streptomyces,Streptomycetaceae,30.0,,5.0,,65|84,GYM STREPTOMYCES MEDIUM|ROLLED OATS MINERAL MEDIUM,2
15458,0,GCA_014648875,Streptomyces parvus,Streptomyces,Streptomycetaceae,28.0,,,,65|84,GYM STREPTOMYCES MEDIUM|ROLLED OATS MINERAL MEDIUM,2
15459,0,GCF_055108415.1,Streptomyces parvus,Streptomyces,Streptomycetaceae,28.0,,,,65|84,GYM STREPTOMYCES MEDIUM|ROLLED OATS MINERAL MEDIUM,2
15472,0,GCF_014649515.1,Streptomyces pilosus,Streptomyces,Streptomycetaceae,28.0,,,,65|84,GYM STREPTOMYCES MEDIUM|ROLLED OATS MINERAL MEDIUM,2
15474,0,GCA_008704855,Streptomyces platensis,Streptomyces,Streptomycetaceae,28.0,,,,252|65|84,STARCH - MINERAL SALT - AGAR (STMS)|GYM STREPTOMYCES MEDIUM|ROLLED OATS MINERAL MEDIUM,3
15475,0,GCA_014650135,Streptomyces plicatus,Streptomyces,Streptomycetaceae,28.0,,,,65,GYM STREPTOMYCES MEDIUM,1
15476,0,GCA_014650395,Streptomyces pluricolorescens,Streptomyces,Streptomycetaceae,28.0,,,,65|84,GYM STREPTOMYCES MEDIUM|ROLLED OATS MINERAL MEDIUM,2
15478,0,GCF_039521165.1,Streptomyces polychromogenes,Streptomyces,Streptomycetaceae,28.0,,,,252|65,STARCH - MINERAL SALT - AGAR (STMS)|GYM STREPTOMYCES MEDIUM,2
15480,0,GCA_001419695,Streptomyces prasinopilosus,Streptomyces,Streptomycetaceae,28.0,,,,252|65,STARCH - MINERAL SALT - AGAR (STMS)|GYM STREPTOMYCES MEDIUM,2
15481,0,GCF_900101585.1,Streptomyces prasinopilosus,Streptomyces,Streptomycetaceae,28.0,,,,65|84,GYM STREPTOMYCES MEDIUM|ROLLED OATS MINERAL MEDIUM,2
15482,0,GCA_039535455,Streptomyces prasinosporus,Streptomyces,Streptomycetaceae,28.0,,2.5,,65,GYM STREPTOMYCES MEDIUM,1
15486,0,GCA_000367365,Streptomyces prunicolor,Streptomyces,Streptomycetaceae,28.0,,,,65|84,GYM STREPTOMYCES MEDIUM|ROLLED OATS MINERAL MEDIUM,2
15490,0,GCA_002154585,Streptomyces pseudogriseolus,Streptomyces,Streptomycetaceae,28.0,,,,65,GYM STREPTOMYCES MEDIUM,1
15492,0,GCA_000715715,Streptomyces puniceus,Streptomyces,Streptomycetaceae,28.0,,,,65,GYM STREPTOMYCES MEDIUM,1
15493,0,GCA_000718695,Streptomyces puniceus,Streptomyces,Streptomycetaceae,28.0,,5.0,,65|84,GYM STREPTOMYCES MEDIUM|ROLLED OATS MINERAL MEDIUM,2
15494,0,GCA_016906225,Streptomyces puniceus,Streptomyces,Streptomycetaceae,28.0,,,,65|84,GYM STREPTOMYCES MEDIUM|ROLLED OATS MINERAL MEDIUM,2
15495,0,GCA_016906205,Streptomyces puniceus,Streptomyces,Streptomycetaceae,28.0,,,,65|84,GYM STREPTOMYCES MEDIUM|ROLLED OATS MINERAL MEDIUM,2
15508,0,GCA_039535215,Streptomyces racemochromogenes,Streptomyces,Streptomycetaceae,28.0,,,,65,GYM STREPTOMYCES MEDIUM,1
15509,0,GCA_039534955,Streptomyces ramulosus,Streptomyces,Streptomycetaceae,28.0,,2.5,,252|65,STARCH - MINERAL SALT - AGAR (STMS)|GYM STREPTOMYCES MEDIUM,2
15513,0,GCA_000716215,Streptomyces resistomycificus,Streptomyces,Streptomycetaceae,28.0,,,,65,GYM STREPTOMYCES MEDIUM,1
15514,0,GCF_001514265.1,Streptomyces resistomycificus,Streptomyces,Streptomycetaceae,28.0,,,,65|84,GYM STREPTOMYCES MEDIUM|ROLLED OATS MINERAL MEDIUM,2
15542,0,GCF_000331185.2,Streptomyces rimosus subsp. rimosus,Streptomyces,Streptomycetaceae,28.0,,,aerobe,65,GYM STREPTOMYCES MEDIUM,1
15552,0,GCA_003112535,Streptomyces rishiriensis,Streptomyces,Streptomycetaceae,28.0,,2.5,,65,GYM STREPTOMYCES MEDIUM,1
15563,0,GCA_039534915,Streptomyces roseofulvus,Streptomyces,Streptomycetaceae,28.0,,,,65,GYM STREPTOMYCES MEDIUM,1
15565,0,GCA_014649855,Streptomyces roseolus,Streptomyces,Streptomycetaceae,28.0,,,,65,GYM STREPTOMYCES MEDIUM,1
15566,0,GCA_039532805,Streptomyces roseoviolaceus,Streptomyces,Streptomycetaceae,28.0,,,,252|65,STARCH - MINERAL SALT - AGAR (STMS)|GYM STREPTOMYCES MEDIUM,2
15567,0,GCA_039535235,Streptomyces roseoviridis,Streptomyces,Streptomycetaceae,28.0,,,,65|84,GYM STREPTOMYCES MEDIUM|ROLLED OATS MINERAL MEDIUM,2
15599,0,GCA_039535475,Streptomyces showdoensis,Streptomyces,Streptomycetaceae,28.0,,5.0,,65|84,GYM STREPTOMYCES MEDIUM|ROLLED OATS MINERAL MEDIUM,2
15601,0,GCF_014649035.1,Streptomyces sindenensis,Streptomyces,Streptomycetaceae,28.0,,,,65|84,GYM STREPTOMYCES MEDIUM|ROLLED OATS MINERAL MEDIUM,2
15604,0,GCA_000258595,Streptomyces somaliensis,Streptomyces,Streptomycetaceae,28.0,,,,65,GYM STREPTOMYCES MEDIUM,1
15614,0,GCA_000154965,Streptomyces sp.,Streptomyces,Streptomycetaceae,28.0,,,,65,GYM STREPTOMYCES MEDIUM,1
15618,0,GCA_009739905,Streptomyces sp.,Streptomyces,Streptomycetaceae,28.0,,,,65,GYM STREPTOMYCES MEDIUM,1
15624,0,GCA_000716015,Streptomyces sp.,Streptomyces,Streptomycetaceae,28.0,,,,65,GYM STREPTOMYCES MEDIUM,1
15636,0,GCA_000725465,Streptomyces sp.,Streptomyces,Streptomycetaceae,28.0,,,,65,GYM STREPTOMYCES MEDIUM,1
15656,0,GCA_003208035,Streptomyces sp.,Streptomyces,Streptomycetaceae,28.0,,,,65,GYM STREPTOMYCES MEDIUM,1
15659,0,GCA_000715765,Streptomyces sp.,Streptomyces,Streptomycetaceae,28.0,,,,65|84,GYM STREPTOMYCES MEDIUM|ROLLED OATS MINERAL MEDIUM,2
15695,0,GCA_001509475,Streptomyces sp.,Streptomyces,Streptomycetaceae,28.0,,,,65|84,GYM STREPTOMYCES MEDIUM|ROLLED OATS MINERAL MEDIUM,2
16020,0,GCA_001751245,Streptomyces oceani,Streptomyces,Streptomycetaceae,28.0,,,,514|987,BACTO MARINE BROTH (DIFCO 2216)|ISP 2 MEDIUM,2
16024,0,GCA_028401405,Streptomyces heilongjiangensis,Streptomyces,Streptomycetaceae,30.0,7.0,,aerobe,252|65|84,STARCH - MINERAL SALT - AGAR (STMS)|GYM STREPTOMYCES MEDIUM|ROLLED OATS MINERAL MEDIUM,3
16035,0,GCF_026427415.1,Streptomyces tanashiensis,Streptomyces,Streptomycetaceae,28.0,,,,65|84,GYM STREPTOMYCES MEDIUM|ROLLED OATS MINERAL MEDIUM,2
16036,0,GCA_014650955,Streptomyces tauricus,Streptomyces,Streptomycetaceae,28.0,,7.5,,65,GYM STREPTOMYCES MEDIUM,1
16042,0,GCF_014656135.1,Streptomyces thermodiastaticus,Streptomyces,Streptomycetaceae,45.0,,,,65|84,GYM STREPTOMYCES MEDIUM|ROLLED OATS MINERAL MEDIUM,2
16043,0,GCF_014649255.1,Streptomyces thermoviolaceus subsp. apingens,Streptomyces,Streptomycetaceae,50.0,,,,65,GYM STREPTOMYCES MEDIUM,1
16051,0,GCA_002155915,Streptomyces thermovulgaris,Streptomyces,Streptomycetaceae,45.5,,,,65,GYM STREPTOMYCES MEDIUM,1
16056,0,GCA_001419765,Streptomyces torulosus,Streptomyces,Streptomycetaceae,28.0,,2.5,,65|84,GYM STREPTOMYCES MEDIUM|ROLLED OATS MINERAL MEDIUM,2
16057,0,GCA_014649915,Streptomyces toxytricini,Streptomyces,Streptomycetaceae,28.0,,,,65,GYM STREPTOMYCES MEDIUM,1
16058,0,GCA_009811635,Streptomyces tubercidicus,Streptomyces,Streptomycetaceae,28.0,,2.5,,65|84,GYM STREPTOMYCES MEDIUM|ROLLED OATS MINERAL MEDIUM,2
16066,0,GCA_039532825,Streptomyces vastus,Streptomyces,Streptomycetaceae,28.0,,,,65|84,GYM STREPTOMYCES MEDIUM|ROLLED OATS MINERAL MEDIUM,2
16067,0,GCA_008639165,Streptomyces venezuelae,Streptomyces,Streptomycetaceae,30.0,,2.5,,252|65|84,STARCH - MINERAL SALT - AGAR (STMS)|GYM STREPTOMYCES MEDIUM|ROLLED OATS MINERAL MEDIUM,3
16069,0,GCF_008639165.1,Streptomyces venezuelae,Streptomyces,Streptomycetaceae,28.0,,,,65|84,GYM STREPTOMYCES MEDIUM|ROLLED OATS MINERAL MEDIUM,2
16072,0,GCA_008642375,Streptomyces venezuelae,Streptomyces,Streptomycetaceae,28.0,,,,65|84,GYM STREPTOMYCES MEDIUM|ROLLED OATS MINERAL MEDIUM,2
16074,0,GCA_000717215,Streptomyces vinaceus,Streptomyces,Streptomycetaceae,28.0,,,,65|84,GYM STREPTOMYCES MEDIUM|ROLLED OATS MINERAL MEDIUM,2
16075,0,GCA_008704935,Streptomyces vinaceus,Streptomyces,Streptomycetaceae,28.0,,,,65|84,GYM STREPTOMYCES MEDIUM|ROLLED OATS MINERAL MEDIUM,2
16076,0,GCA_014650215,Streptomyces vinaceusdrappus,Streptomyces,Streptomycetaceae,32.5,,,,65|84,GYM STREPTOMYCES MEDIUM|ROLLED OATS MINERAL MEDIUM,2
16077,0,GCA_014650235,Streptomyces violaceochromogenes,Streptomyces,Streptomycetaceae,28.0,,7.5,,65,GYM STREPTOMYCES MEDIUM,1
16078,0,GCA_039532845,Streptomyces violaceolatus,Streptomyces,Streptomycetaceae,28.0,,7.5,,65|84,GYM STREPTOMYCES MEDIUM|ROLLED OATS MINERAL MEDIUM,2
16081,0,GCF_033406955.1,Streptomyces violaceoruber,Streptomyces,Streptomycetaceae,28.0,,,,252|65|84,STARCH - MINERAL SALT - AGAR (STMS)|GYM STREPTOMYCES MEDIUM|ROLLED OATS MINERAL MEDIUM,3
16102,0,GCA_014649955,Streptomyces violascens,Streptomyces,Streptomycetaceae,28.0,,,,65,GYM STREPTOMYCES MEDIUM,1
16109,0,GCA_039532945,Streptomyces viridochromogenes,Streptomyces,Streptomycetaceae,28.0,,,,65,GYM STREPTOMYCES MEDIUM,1
16128,0,GCA_014650455,Streptomyces xanthochromogenes,Streptomyces,Streptomycetaceae,28.0,,5.0,,65,GYM STREPTOMYCES MEDIUM,1
16130,0,GCA_014651015,Streptomyces xantholiticus,Streptomyces,Streptomycetaceae,28.0,,,,252|65,STARCH - MINERAL SALT - AGAR (STMS)|GYM STREPTOMYCES MEDIUM,2
16142,0,GCA_014648775,Streptomyces abikoensis,Streptomyces,Streptomycetaceae,28.0,,5.0,obligate aerobe,65|84,GYM STREPTOMYCES MEDIUM|ROLLED OATS MINERAL MEDIUM,2
16158,0,GCA_014203505,Streptomyces eurocidicus,Streptomyces,Streptomycetaceae,28.0,,,obligate aerobe,252|65|84,STARCH - MINERAL SALT - AGAR (STMS)|GYM STREPTOMYCES MEDIUM|ROLLED OATS MINERAL MEDIUM,3
16163,0,GCA_017916255,Streptomyces mobaraensis,Streptomyces,Streptomycetaceae,28.0,,5.0,obligate aerobe,252|65|84,STARCH - MINERAL SALT - AGAR (STMS)|GYM STREPTOMYCES MEDIUM|ROLLED OATS MINERAL MEDIUM,3
16164,0,GCF_020099395.1,Streptomyces mobaraensis,Streptomyces,Streptomycetaceae,28.0,,,,252|65|84,STARCH - MINERAL SALT - AGAR (STMS)|GYM STREPTOMYCES MEDIUM|ROLLED OATS MINERAL MEDIUM,3
16168,0,GCF_037414505.1,Streptomyces netropsis,Streptomyces,Streptomycetaceae,29.0,,,obligate aerobe,252|65,STARCH - MINERAL SALT - AGAR (STMS)|GYM STREPTOMYCES MEDIUM,2
16173,0,GCA_039535865,Streptomyces thioluteus,Streptomyces,Streptomycetaceae,28.0,,2.5,obligate aerobe,65|84,GYM STREPTOMYCES MEDIUM|ROLLED OATS MINERAL MEDIUM,2
16175,0,GCA_039533365,Streptomyces glaucus,Streptomyces,Streptomycetaceae,28.0,,,,65|84,GYM STREPTOMYCES MEDIUM|ROLLED OATS MINERAL MEDIUM,2
16177,0,GCA_014651155,Streptomyces anthocyanicus,Streptomyces,Streptomycetaceae,28.0,,0.0,,65|84,GYM STREPTOMYCES MEDIUM|ROLLED OATS MINERAL MEDIUM,2
16181,0,GCF_003865155.1,Streptomyces paromomycinus,Streptomyces,Streptomycetaceae,28.0,,,,252|65,STARCH - MINERAL SALT - AGAR (STMS)|GYM STREPTOMYCES MEDIUM,2
16182,0,GCA_003865155,Streptomyces paromomycinus,Streptomyces,Streptomycetaceae,28.0,,,,65,GYM STREPTOMYCES MEDIUM,1
16184,0,GCA_039533145,Streptomyces macrosporus,Streptomyces,Streptomycetaceae,45.0,,0.0,,252|65,STARCH - MINERAL SALT - AGAR (STMS)|GYM STREPTOMYCES MEDIUM,2
16185,0,GCF_000718985.1,Streptomyces megasporus,Streptomyces,Streptomycetaceae,42.5,,,,65|84,GYM STREPTOMYCES MEDIUM|ROLLED OATS MINERAL MEDIUM,2
16191,0,GCA_021462825,Streptomyces glomeratus,Streptomyces,Streptomycetaceae,28.0,,,,65|84,GYM STREPTOMYCES MEDIUM|ROLLED OATS MINERAL MEDIUM,2
16195,0,GCA_009936315,Streptomyces antimycoticus,Streptomyces,Streptomycetaceae,28.0,,7.5,,65|84,GYM STREPTOMYCES MEDIUM|ROLLED OATS MINERAL MEDIUM,2
16198,0,GCA_000955965,Streptomyces variegatus,Streptomyces,Streptomycetaceae,28.0,,7.5,,65|84,GYM STREPTOMYCES MEDIUM|ROLLED OATS MINERAL MEDIUM,2
16204,0,GCA_003112555,Streptomyces coelicoflavus,Streptomyces,Streptomycetaceae,28.0,,7.5,,65|84,GYM STREPTOMYCES MEDIUM|ROLLED OATS MINERAL MEDIUM,2
16209,0,GCA_000717995,Streptomyces violaceorubidus,Streptomyces,Streptomycetaceae,28.0,,7.5,,65|84,GYM STREPTOMYCES MEDIUM|ROLLED OATS MINERAL MEDIUM,2
16210,0,GCA_000725785,Streptomyces flavovariabilis,Streptomyces,Streptomycetaceae,28.0,,7.5,,252|65,STARCH - MINERAL SALT - AGAR (STMS)|GYM STREPTOMYCES MEDIUM,2
16212,0,GCF_000009765.2,Streptomyces avermitilis,Streptomyces,Streptomycetaceae,28.0,,,,65|84,GYM STREPTOMYCES MEDIUM|ROLLED OATS MINERAL MEDIUM,2
16221,0,GCF_014656115.1,Streptomyces morookaense,Streptomyces,Streptomycetaceae,28.0,,,,65,GYM STREPTOMYCES MEDIUM,1
16249,0,GCF_031845765.1,Streptomyces stephensoniae,Streptomyces,Streptomycetaceae,28.0,,,,252|65|84,STARCH - MINERAL SALT - AGAR (STMS)|GYM STREPTOMYCES MEDIUM|ROLLED OATS MINERAL MEDIUM,3
16298,0,GCA_014648075,Streptomyces ruber,Streptomyces,Streptomycetaceae,28.0,,2.5,,252|65,STARCH - MINERAL SALT - AGAR (STMS)|GYM STREPTOMYCES MEDIUM,2
16302,0,GCA_039536025,Streptomyces cinereospinus,Streptomyces,Streptomycetaceae,28.0,,2.5,,252|65|84,STARCH - MINERAL SALT - AGAR (STMS)|GYM STREPTOMYCES MEDIUM|ROLLED OATS MINERAL MEDIUM,3
16303,0,GCA_003112575,Streptomyces ardesiacus,Streptomyces,Streptomycetaceae,28.0,,,,252|65|84,STARCH - MINERAL SALT - AGAR (STMS)|GYM STREPTOMYCES MEDIUM|ROLLED OATS MINERAL MEDIUM,3
16304,0,GCA_013409565,Streptomyces fulvorobeus,Streptomyces,Streptomycetaceae,28.0,,2.5,,252|65|84,STARCH - MINERAL SALT - AGAR (STMS)|GYM STREPTOMYCES MEDIUM|ROLLED OATS MINERAL MEDIUM,3
16307,0,GCA_014649295,Streptomyces platensis,Streptomyces,Streptomycetaceae,28.0,,,,65|84,GYM STREPTOMYCES MEDIUM|ROLLED OATS MINERAL MEDIUM,2
16310,0,GCA_020400605,Streptomyces aculeolatus,Streptomyces,Streptomycetaceae,28.0,,2.5,,65|84,GYM STREPTOMYCES MEDIUM|ROLLED OATS MINERAL MEDIUM,2
16311,0,GCA_014651195,Streptomyces spinoverrucosus,Streptomyces,Streptomycetaceae,28.0,,5.0,,65|84,GYM STREPTOMYCES MEDIUM|ROLLED OATS MINERAL MEDIUM,2
16312,0,GCA_014648635,Streptomyces cinerochromogenes,Streptomyces,Streptomycetaceae,28.0,,,,252|65,STARCH - MINERAL SALT - AGAR (STMS)|GYM STREPTOMYCES MEDIUM,2
16316,0,GCF_051172935.1,Streptomyces acidiscabies,Streptomyces,Streptomycetaceae,28.0,,,,252|84,STARCH - MINERAL SALT - AGAR (STMS)|ROLLED OATS MINERAL MEDIUM,2
16324,0,GCA_014656295,Streptomyces sulfonofaciens,Streptomyces,Streptomycetaceae,28.0,,2.5,,252|65|84,STARCH - MINERAL SALT - AGAR (STMS)|GYM STREPTOMYCES MEDIUM|ROLLED OATS MINERAL MEDIUM,3
16325,0,GCA_035616105,Streptomyces kunmingensis,Streptomyces,Streptomycetaceae,28.0,,5.0,,65,GYM STREPTOMYCES MEDIUM,1
16331,0,GCA_039542945,Streptomyces heliomycini,Streptomyces,Streptomycetaceae,28.0,,5.0,,65,GYM STREPTOMYCES MEDIUM,1
16332,0,GCA_001700505,Streptomyces mutomycini,Streptomyces,Streptomycetaceae,28.0,,2.5,,252|65,STARCH - MINERAL SALT - AGAR (STMS)|GYM STREPTOMYCES MEDIUM,2
16335,0,GCA_014651135,Streptomyces echinoruber,Streptomyces,Streptomycetaceae,28.0,,2.5,,65|84,GYM STREPTOMYCES MEDIUM|ROLLED OATS MINERAL MEDIUM,2
16339,0,GCA_039536205,Streptomyces sannanensis,Streptomyces,Streptomycetaceae,28.0,,2.5,,65|84,GYM STREPTOMYCES MEDIUM|ROLLED OATS MINERAL MEDIUM,2
16340,0,GCA_032191095,Streptomyces thermocarboxydus,Streptomyces,Streptomycetaceae,45.0,,5.0,obligate aerobe,65|84,GYM STREPTOMYCES MEDIUM|ROLLED OATS MINERAL MEDIUM,2
16344,0,GCA_000716545,Kitasatospora phosalacinea,Kitasatospora,Streptomycetaceae,28.0,,,,252|65|84,STARCH - MINERAL SALT - AGAR (STMS)|GYM STREPTOMYCES MEDIUM|ROLLED OATS MINERAL MEDIUM,3
16346,0,GCA_039525155,Streptomyces thermoalcalitolerans,Streptomyces,Streptomycetaceae,45.0,,,,65|84,GYM STREPTOMYCES MEDIUM|ROLLED OATS MINERAL MEDIUM,2
16348,0,GCA_039525705,Streptomyces thermogriseus,Streptomyces,Streptomycetaceae,50.0,,,,553|65,GPHF-MEDIUM|GYM STREPTOMYCES MEDIUM,2
16352,0,GCA_019059395,Streptomyces cangkringensis,Streptomyces,Streptomycetaceae,28.0,,,,252|65|84,STARCH - MINERAL SALT - AGAR (STMS)|GYM STREPTOMYCES MEDIUM|ROLLED OATS MINERAL MEDIUM,3
16355,0,GCA_039525965,Streptomyces yogyakartensis,Streptomyces,Streptomycetaceae,28.0,,0.0,,252|65|84,STARCH - MINERAL SALT - AGAR (STMS)|GYM STREPTOMYCES MEDIUM|ROLLED OATS MINERAL MEDIUM,3
16360,0,GCF_041363955.1,Streptomyces sanglieri,Streptomyces,Streptomycetaceae,28.0,,,,65,GYM STREPTOMYCES MEDIUM,1
16362,0,GCA_039527855,Streptomyces sanglieri,Streptomyces,Streptomycetaceae,28.0,,,obligate aerobe,65,GYM STREPTOMYCES MEDIUM,1
16364,0,GCA_001313875,Streptomyces mexicanus,Streptomyces,Streptomycetaceae,28.0,,,obligate aerobe,252|65|84,STARCH - MINERAL SALT - AGAR (STMS)|GYM STREPTOMYCES MEDIUM|ROLLED OATS MINERAL MEDIUM,3
16366,0,GCA_017315755,Streptomyces beijiangensis,Streptomyces,Streptomycetaceae,25.75,,0.0,obligate aerobe,535|65,TRYPTICASE SOY BROTH AGAR|GYM STREPTOMYCES MEDIUM,2
16368,0,GCA_039530985,Streptomyces albiaxialis,Streptomyces,Streptomycetaceae,28.0,,,,252|65|84,STARCH - MINERAL SALT - AGAR (STMS)|GYM STREPTOMYCES MEDIUM|ROLLED OATS MINERAL MEDIUM,3
16370,0,GCA_000715845,Streptomyces monomycini,Streptomyces,Streptomycetaceae,28.0,,,,252|65|84,STARCH - MINERAL SALT - AGAR (STMS)|GYM STREPTOMYCES MEDIUM|ROLLED OATS MINERAL MEDIUM,3
16371,0,GCF_036346855.1,Streptomyces europaeiscabiei,Streptomyces,Streptomycetaceae,30.0,,0.0,obligate aerobe,252|65|84,STARCH - MINERAL SALT - AGAR (STMS)|GYM STREPTOMYCES MEDIUM|ROLLED OATS MINERAL MEDIUM,3
16385,0,GCA_029223525,Streptantibioticus ferralitis,Streptantibioticus,Streptomycetaceae,28.0,,,aerobe,65|84,GYM STREPTOMYCES MEDIUM|ROLLED OATS MINERAL MEDIUM,2
16401,0,GCA_000372745,Embleya scabrispora,Embleya,Streptomycetaceae,28.0,7.0,,aerobe,65|84|987,GYM STREPTOMYCES MEDIUM|ROLLED OATS MINERAL MEDIUM|ISP 2 MEDIUM,3
16408,0,GCA_039529885,Streptomyces cheonanensis,Streptomyces,Streptomycetaceae,29.0,7.25,,aerobe,252|65,STARCH - MINERAL SALT - AGAR (STMS)|GYM STREPTOMYCES MEDIUM,2
16411,0,GCA_000745345,Streptomyces yeochonensis,Streptomyces,Streptomycetaceae,31.0,5.8,,aerobe,65|84,GYM STREPTOMYCES MEDIUM|ROLLED OATS MINERAL MEDIUM,2
16429,0,GCA_900103985,Streptomyces guanduensis,Streptomyces,Streptomycetaceae,33.5,6.5,,aerobe,252|65|84,STARCH - MINERAL SALT - AGAR (STMS)|GYM STREPTOMYCES MEDIUM|ROLLED OATS MINERAL MEDIUM,3
16431,0,GCA_900110255,Streptomyces rubidus,Streptomyces,Streptomycetaceae,33.5,6.25,,aerobe,65|84,GYM STREPTOMYCES MEDIUM|ROLLED OATS MINERAL MEDIUM,2
16432,0,GCA_900107965,Streptomyces yanglinensis,Streptomyces,Streptomycetaceae,33.5,6.25,,aerobe,252|84,STARCH - MINERAL SALT - AGAR (STMS)|ROLLED OATS MINERAL MEDIUM,2
16434,0,GCA_900110735,Streptomyces radiopugnans,Streptomyces,Streptomycetaceae,35.0,8.0,,aerobe,252|65|84,STARCH - MINERAL SALT - AGAR (STMS)|GYM STREPTOMYCES MEDIUM|ROLLED OATS MINERAL MEDIUM,3
16435,0,GCA_039531005,Streptomyces synnematoformans,Streptomyces,Streptomycetaceae,23.5,8.0,3.5,aerobe,215|514|535|553|65,BHI MEDIUM|BACTO MARINE BROTH (DIFCO 2216)|TRYPTICASE SOY BROTH AGAR|GPHF-MEDIUM|GYM STREPTOMYCES MEDIUM,5
16440,0,GCA_023614315,Streptomyces sudanensis,Streptomyces,Streptomycetaceae,28.0,,,,252|65|84,STARCH - MINERAL SALT - AGAR (STMS)|GYM STREPTOMYCES MEDIUM|ROLLED OATS MINERAL MEDIUM,3
16443,0,GCA_014138905,Streptomyces phaeogriseichromatogenes,Streptomyces,Streptomycetaceae,28.0,,,,65,GYM STREPTOMYCES MEDIUM,1
16448,0,GCA_001723055,Streptomyces niveus,Streptomyces,Streptomycetaceae,28.0,,,,65,GYM STREPTOMYCES MEDIUM,1
16454,0,GCA_000993785,Streptomyces xiamenensis,Streptomyces,Streptomycetaceae,30.25,,2.5,aerobe,252|65|84,STARCH - MINERAL SALT - AGAR (STMS)|GYM STREPTOMYCES MEDIUM|ROLLED OATS MINERAL MEDIUM,3
16461,0,GCA_001418325,Streptomyces atriruber,Streptomyces,Streptomycetaceae,28.0,,,,65,GYM STREPTOMYCES MEDIUM,1
16462,0,GCA_001419745,Streptomyces silaceus,Streptomyces,Streptomycetaceae,28.0,,,,65,GYM STREPTOMYCES MEDIUM,1
16464,0,GCA_000220705,Streptomyces xinghaiensis,Streptomyces,Streptomycetaceae,28.0,7.5,2.5,aerobe,65,GYM STREPTOMYCES MEDIUM,1
16469,0,GCF_025908395.1,Streptomyces milbemycinicus,Streptomyces,Streptomycetaceae,28.0,,10.0,,252|65|84,STARCH - MINERAL SALT - AGAR (STMS)|GYM STREPTOMYCES MEDIUM|ROLLED OATS MINERAL MEDIUM,3
16478,0,GCA_039542225,Yinghuangia aomiensis,Yinghuangia,Streptomycetaceae,28.0,,,,65,GYM STREPTOMYCES MEDIUM,1
16480,0,GCA_039543425,Streptomyces youssoufiensis,Streptomyces,Streptomycetaceae,35.0,7.5,2.5,,65|84,GYM STREPTOMYCES MEDIUM|ROLLED OATS MINERAL MEDIUM,2
16482,0,GCA_039543485,Streptomyces sanyensis,Streptomyces,Streptomycetaceae,28.0,,7.5,,65,GYM STREPTOMYCES MEDIUM,1
16488,0,GCA_021462265,Streptomyces shenzhenensis,Streptomyces,Streptomycetaceae,28.0,,,,65,GYM STREPTOMYCES MEDIUM,1
16491,0,GCA_007829885,Streptomyces brevispora,Streptomyces,Streptomycetaceae,24.25,,,aerobe,252|65,STARCH - MINERAL SALT - AGAR (STMS)|GYM STREPTOMYCES MEDIUM,2
16492,0,GCA_900111245,Streptomyces qinglanensis,Streptomyces,Streptomycetaceae,28.0,7.0,,,252|65|84,STARCH - MINERAL SALT - AGAR (STMS)|GYM STREPTOMYCES MEDIUM|ROLLED OATS MINERAL MEDIUM,3
16493,0,GCF_046718965.1,Streptomyces gramineus,Streptomyces,Streptomycetaceae,28.0,,3.0,aerobe,252|65,STARCH - MINERAL SALT - AGAR (STMS)|GYM STREPTOMYCES MEDIUM,2
16502,0,GCF_046614805.1,Streptomyces atacamensis,Streptomyces,Streptomycetaceae,27.75,,,aerobe,252|65|84,STARCH - MINERAL SALT - AGAR (STMS)|GYM STREPTOMYCES MEDIUM|ROLLED OATS MINERAL MEDIUM,3
16503,0,GCF_035798155.1,Streptomyces endophyticus,Streptomyces,Streptomycetaceae,24.0,7.0,5.0,aerobe,252|65|84,STARCH - MINERAL SALT - AGAR (STMS)|GYM STREPTOMYCES MEDIUM|ROLLED OATS MINERAL MEDIUM,3
16695,0,GCA_000092405,Syntrophothermus lipocalidus,Syntrophothermus,Syntrophothermaceae,55.0,,,anaerobe,,,0
16696,0,GCF_000092405.1,Syntrophothermus lipocalidus,Syntrophothermus,Syntrophothermaceae,55.0,,,anaerobe,,,0
16902,0,GCA_900142995,Caldanaerovirga acetigignens,Caldanaerovirga,Thermosediminibacteraceae,61.0,8.4,,anaerobe,,,0
16907,0,GCF_039533685.1,Actinocorallia aurantiaca,Actinocorallia,Thermomonosporaceae,28.0,,,,65,GYM STREPTOMYCES MEDIUM,1
16908,0,GCA_039525175,Actinocorallia libanotica,Actinocorallia,Thermomonosporaceae,28.0,,,,554|65,N-Z-AMINE-MEDIUM|GYM STREPTOMYCES MEDIUM,2
16914,0,GCA_039540695,Actinocorallia cavernae,Actinocorallia,Thermomonosporaceae,27.5,,,aerobe,553|65,GPHF-MEDIUM|GYM STREPTOMYCES MEDIUM,2
16927,0,GCA_014648495,Actinomadura cremea subsp. cremea,Actinomadura,Thermomonosporaceae,28.0,,2.5,,553|554|65,GPHF-MEDIUM|N-Z-AMINE-MEDIUM|GYM STREPTOMYCES MEDIUM,3
16929,0,GCA_001552175,Actinomadura kijaniata,Actinomadura,Thermomonosporaceae,28.0,,2.5,aerobe,553|65|84,GPHF-MEDIUM|GYM STREPTOMYCES MEDIUM|ROLLED OATS MINERAL MEDIUM,3
16950,0,GCA_003634705,Actinomadura pelletieri,Actinomadura,Thermomonosporaceae,28.0,,1.25,obligate aerobe,554,N-Z-AMINE-MEDIUM,1
16960,0,GCF_044507795.1,Actinomadura sp.,Actinomadura,Thermomonosporaceae,32.5,,,microaerophile,554|65|84,N-Z-AMINE-MEDIUM|GYM STREPTOMYCES MEDIUM|ROLLED OATS MINERAL MEDIUM,3
16966,0,GCA_001552155,Actinomadura formosensis,Actinomadura,Thermomonosporaceae,37.0,,2.5,obligate aerobe,553|554|65,GPHF-MEDIUM|N-Z-AMINE-MEDIUM|GYM STREPTOMYCES MEDIUM,3
16968,0,GCA_003001795,Actinomadura viridilutea,Actinomadura,Thermomonosporaceae,45.0,,,,830|84,R2A MEDIUM|ROLLED OATS MINERAL MEDIUM,2
16976,0,GCA_039524295,Actinomadura nitritigenes,Actinomadura,Thermomonosporaceae,28.0,,0.0,,554|65|84,N-Z-AMINE-MEDIUM|GYM STREPTOMYCES MEDIUM|ROLLED OATS MINERAL MEDIUM,3
16988,0,GCA_014205085,Actinomadura catellatispora,Actinomadura,Thermomonosporaceae,29.0,,0.0,obligate aerobe,554|65,N-Z-AMINE-MEDIUM|GYM STREPTOMYCES MEDIUM,2
16995,0,GCA_039530285,Actinomadura alba,Actinomadura,Thermomonosporaceae,28.0,7.5,,aerobe,553|65,GPHF-MEDIUM|GYM STREPTOMYCES MEDIUM,2
16997,0,GCA_041463695,Actinomadura chokoriensis,Actinomadura,Thermomonosporaceae,28.0,,7.0,aerobe,215|535|554|65,BHI MEDIUM|TRYPTICASE SOY BROTH AGAR|N-Z-AMINE-MEDIUM|GYM STREPTOMYCES MEDIUM,4
17001,0,GCA_050971785,Actinomadura scrupuli,Actinomadura,Thermomonosporaceae,25.0,7.0,,aerobe,215|553|65,BHI MEDIUM|GPHF-MEDIUM|GYM STREPTOMYCES MEDIUM,3
17003,0,GCA_024172125,Actinomadura rupiterrae,Actinomadura,Thermomonosporaceae,39.5,7.0,,aerobe,215|535|554,BHI MEDIUM|TRYPTICASE SOY BROTH AGAR|N-Z-AMINE-MEDIUM,3
17005,0,GCA_005889745,Actinomadura geliboluensis,Actinomadura,Thermomonosporaceae,30.0,7.0,,aerobe,535|553|65,TRYPTICASE SOY BROTH AGAR|GPHF-MEDIUM|GYM STREPTOMYCES MEDIUM,3
17014,0,GCF_042429965.1,Actinoallomurus acaciae,Actinoallomurus,Thermomonosporaceae,29.0,6.5,,aerobe,65|84,GYM STREPTOMYCES MEDIUM|ROLLED OATS MINERAL MEDIUM,2
17371,0,GCA_001598915,Williamsia muralis,Williamsia,Gordoniaceae,28.0,,,microaerophile,535,TRYPTICASE SOY BROTH AGAR,1
17372,0,GCF_036566845.1,Williamsia sp.,Williamsia,Gordoniaceae,30.0,,,,215,BHI MEDIUM,1
17374,0,GCA_024171815,Williamsia maris,Williamsia,Gordoniaceae,28.0,,,aerobe,553|65,GPHF-MEDIUM|GYM STREPTOMYCES MEDIUM,2
17378,0,GCA_024171725,Williamsia serinedens,Williamsia,Gordoniaceae,26.0,,,aerobe,535|65,TRYPTICASE SOY BROTH AGAR|GYM STREPTOMYCES MEDIUM,2
17379,0,GCA_003202005,Williamsia faeni,Williamsia,Gordoniaceae,28.0,7.0,,aerobe,535|65,TRYPTICASE SOY BROTH AGAR|GYM STREPTOMYCES MEDIUM,2
17381,0,GCA_003217475,Williamsia limnetica,Williamsia,Gordoniaceae,28.0,,,aerobe,65,GYM STREPTOMYCES MEDIUM,1
17444,0,GCA_000743535,Arenimonas donghaensis,Arenimonas,Lysobacteraceae,28.0,8.0,1.5,aerobe,830,R2A MEDIUM,1
17447,0,GCF_047602345.1,Arenimonas sp.,Arenimonas,Lysobacteraceae,28.0,,,,830,R2A MEDIUM,1
17467,0,GCA_042678665,Luteimonas composti,Luteimonas,Lysobacteraceae,30.0,7.0,,aerobe,535,TRYPTICASE SOY BROTH AGAR,1
17474,0,GCA_001442535,Lysobacter antibioticus,Lysobacter,Lysobacteraceae,30.0,,,,1,NUTRIENT AGAR,1
17478,0,GCF_002355975.1,Lysobacter enzymogenes,Lysobacter,Lysobacteraceae,30.0,,,,220,CASO AGAR (Merck 105458),1
17485,0,GCA_042655745,Lysobacter yangpyeongensis,Lysobacter,Lysobacteraceae,35.0,7.5,,aerobe,830,R2A MEDIUM,1
17500,0,GCA_007830115,Lysobacter ruishenii,Lysobacter,Lysobacteraceae,29.0,7.25,,aerobe,1,NUTRIENT AGAR,1
17503,0,GCF_014397415.1,Pseudoxanthomonas mexicana,Pseudoxanthomonas,Lysobacteraceae,30.0,,,,220|381,CASO AGAR (Merck 105458)|LB (Luria-Bertani) MEDIUM,2
17505,0,GCA_010093445,Pseudoxanthomonas japonensis,Pseudoxanthomonas,Lysobacteraceae,33.5,8.0,,aerobe,220,CASO AGAR (Merck 105458),1
17507,0,GCA_010211765,Pseudoxanthomonas kaohsiungensis,Pseudoxanthomonas,Lysobacteraceae,36.0,,,aerobe,535,TRYPTICASE SOY BROTH AGAR,1
17508,0,GCA_010093205,Pseudoxanthomonas daejeonensis,Pseudoxanthomonas,Lysobacteraceae,30.0,,,aerobe,830,R2A MEDIUM,1
17510,0,GCA_010093135,Pseudoxanthomonas taiwanensis,Pseudoxanthomonas,Lysobacteraceae,50.0,,,aerobe,,,0
17531,0,GCF_020641395.2,Stenotrophomonas maltophilia,Stenotrophomonas,Lysobacteraceae,30.0,,,,693|92,COLUMBIA BLOOD MEDIUM|TRYPTICASE SOY YEAST EXTRACT MEDIUM,2
17534,0,GCA_001431625,Stenotrophomonas maltophilia,Stenotrophomonas,Lysobacteraceae,23.5,,,obligate aerobe,1|693|92,NUTRIENT AGAR|COLUMBIA BLOOD MEDIUM|TRYPTICASE SOY YEAST EXTRACT MEDIUM,3
17554,0,GCA_900475405,Stenotrophomonas maltophilia,Stenotrophomonas,Lysobacteraceae,29.0,,,aerobe,1|535|693,NUTRIENT AGAR|TRYPTICASE SOY BROTH AGAR|COLUMBIA BLOOD MEDIUM,3
17555,0,GCA_001431425,Stenotrophomonas nitritireducens,Stenotrophomonas,Lysobacteraceae,30.0,,,aerobe,1,NUTRIENT AGAR,1
17556,0,GCF_017304535.1,Stenotrophomonas nitritireducens,Stenotrophomonas,Lysobacteraceae,30.0,,,,1,NUTRIENT AGAR,1
17557,0,GCA_001431595,Stenotrophomonas acidaminiphila,Stenotrophomonas,Lysobacteraceae,30.0,,,aerobe,1|535|545,NUTRIENT AGAR|TRYPTICASE SOY BROTH AGAR|TRYPTONE SOYA BROTH (TSB),3
17558,0,GCF_014109845.1,Stenotrophomonas acidaminiphila,Stenotrophomonas,Lysobacteraceae,31.5,,,aerobe,1a|545,REACTIVATION WITH LIQUID MEDIUM 1|TRYPTONE SOYA BROTH (TSB),2
17567,0,GCA_001431465,Stenotrophomonas terrae,Stenotrophomonas,Lysobacteraceae,26.0,7.75,2.75,aerobe,535,TRYPTICASE SOY BROTH AGAR,1
17575,0,GCF_014395425.1,Thermomonas brevis,Thermomonas,Lysobacteraceae,30.0,,,,535,TRYPTICASE SOY BROTH AGAR,1
17578,0,GCF_009931595.1,Xanthomonas albilineans,Xanthomonas,Lysobacteraceae,26.0,,,,1,NUTRIENT AGAR,1
17591,0,GCA_900183975,Xanthomonas fragariae,Xanthomonas,Lysobacteraceae,26.5,,,aerobe,1|830,NUTRIENT AGAR|R2A MEDIUM,2
17592,0,GCA_001908725,Xanthomonas vesicatoria,Xanthomonas,Lysobacteraceae,28.0,,,,1|830,NUTRIENT AGAR|R2A MEDIUM,2
17599,0,GCA_002939985,Xanthomonas cynarae,Xanthomonas,Lysobacteraceae,28.0,,,obligate aerobe,,,0
17601,0,GCF_905367715.1,Xanthomonas arboricola,Xanthomonas,Lysobacteraceae,27.0,,,,1|1a,NUTRIENT AGAR|REACTIVATION WITH LIQUID MEDIUM 1,2
17604,0,GCA_905220785,Xanthomonas arboricola,Xanthomonas,Lysobacteraceae,26.0,,,,1,NUTRIENT AGAR,1
17607,0,GCA_002939785,Xanthomonas codiaei,Xanthomonas,Lysobacteraceae,28.0,,,,1,NUTRIENT AGAR,1
17608,0,GCF_009883735.1,Xanthomonas cucurbitae,Xanthomonas,Lysobacteraceae,28.0,,,,1a,REACTIVATION WITH LIQUID MEDIUM 1,1
17615,0,GCA_000192065,Xanthomonas cynarae,Xanthomonas,Lysobacteraceae,30.0,,,,1a,REACTIVATION WITH LIQUID MEDIUM 1,1
17620,0,GCF_027186325.1,Xanthomonas citri subsp. malvacearum,Xanthomonas,Lysobacteraceae,26.0,,,,1,NUTRIENT AGAR,1
17629,0,GCA_000420025,Patulibacter americanus,Patulibacter,Patulibacteraceae,25.0,7.0,,aerobe,830,R2A MEDIUM,1
17634,0,GCA_000717315,Actinospica acidiphila,Actinospica,Actinospicaceae,28.0,5.0,,aerobe,84|987,ROLLED OATS MINERAL MEDIUM|ISP 2 MEDIUM,2
17650,0,GCA_014230055,Puniceicoccus vermicola,Puniceicoccus,Puniceicoccaceae,27.5,9.0,3.25,facultative anaerobe,514,BACTO MARINE BROTH (DIFCO 2216),1
17671,0,GCA_000242615,Holophaga foetida,Holophaga,Holophagaceae,30.0,,,anaerobe,,,0
17732,0,GCF_900143005.1,Cryptosporangium aurantiacum,Cryptosporangium,Cryptosporangiaceae,28.0,,,,65,GYM STREPTOMYCES MEDIUM,1
17735,0,GCA_039536245,Cryptosporangium minutisporangium,Cryptosporangium,Cryptosporangiaceae,28.0,,,,65|84,GYM STREPTOMYCES MEDIUM|ROLLED OATS MINERAL MEDIUM,2
17786,0,GCA_000215955,Salinisphaera shabanensis,Salinisphaera,Salinisphaeraceae,29.0,,,,,,0
17792,0,GCA_000024845,Rhodothermus marinus,Rhodothermus,Rhodothermaceae,65.0,,,,,,0
17851,0,GCA_900141815,Rubritalea squalenifaciens,Rubritalea,Rubritaleaceae,26.0,8.0,2.5,aerobe,,,0
17893,0,GCA_900107845,Alkalimonas amylolytica,Alkalimonas,"Gammaproteobacteria, not assigned to family",37.0,,,,,,0
17947,0,GCA_900088825,Thiomonas delicata,Thiomonas,Comamonadaceae,25.0,,,,830,R2A MEDIUM,1
17952,0,GCF_055383445.1,Thiomonas islandica,Thiomonas,Comamonadaceae,45.0,4.0,,microaerophile,,,0
17983,0,GCA_900142005,Dethiosulfatibacter aminovorans,Dethiosulfatibacter,Dethiosulfatibacteraceae,29.0,7.8,,anaerobe,,,0
18012,0,GCA_000009905,Symbiobacterium thermophilum,Symbiobacterium,Symbiobacteriaceae,60.0,,,anaerobe,,,0
22974,0,GCA_001544075,Comamonas terrae,Comamonas,Comamonadaceae,29.0,,,aerobe,1,NUTRIENT AGAR,1
23129,0,GCA_019355975,Acinetobacter septicus,Acinetobacter,Moraxellaceae,30.0,,,aerobe,215|693,BHI MEDIUM|COLUMBIA BLOOD MEDIUM,2
23131,0,GCF_965638355.1,Psychrobacter okhotskensis,Psychrobacter,Moraxellaceae,20.0,,,obligate aerobe,514,BACTO MARINE BROTH (DIFCO 2216),1
23153,0,GCA_001294205,Amantichitinum ursilacus,Amantichitinum,Neisseriaceae,22.5,7.0,,facultative anaerobe,1a,REACTIVATION WITH LIQUID MEDIUM 1,1
23202,0,GCF_002221505.1,Alteromonas nigrifaciens,Alteromonas,Alteromonadaceae,25.0,,,,514,BACTO MARINE BROTH (DIFCO 2216),1
23265,0,GCA_001046635,Novosphingobium barchaimii,Novosphingobium,Erythrobacteraceae,28.0,7.0,1.0,aerobe,535,TRYPTICASE SOY BROTH AGAR,1
23304,0,GCF_003932715.1,Streptomyces tsukubensis,Streptomyces,Streptomycetaceae,28.0,,,,252|65|84,STARCH - MINERAL SALT - AGAR (STMS)|GYM STREPTOMYCES MEDIUM|ROLLED OATS MINERAL MEDIUM,3
23307,0,GCF_030719275.1,Streptomyces laculatispora,Streptomyces,Streptomycetaceae,22.5,,7.0,aerobe,252|65|84,STARCH - MINERAL SALT - AGAR (STMS)|GYM STREPTOMYCES MEDIUM|ROLLED OATS MINERAL MEDIUM,3
23318,0,GCA_042655885,Streptomyces chlorus,Streptomyces,Streptomycetaceae,30.0,7.0,,aerobe,252|65|84,STARCH - MINERAL SALT - AGAR (STMS)|GYM STREPTOMYCES MEDIUM|ROLLED OATS MINERAL MEDIUM,3
23335,0,GCA_039542055,Actinoallomurus vinaceus,Actinoallomurus,Thermomonosporaceae,28.0,,,,553|65|84,GPHF-MEDIUM|GYM STREPTOMYCES MEDIUM|ROLLED OATS MINERAL MEDIUM,3
23344,0,GCA_000768335,Lysobacter arseniciresistens,Lysobacter,Lysobacteraceae,28.0,7.0,,aerobe,,,0
23347,0,GCA_002077135,Metallibacterium scheffleri,Metallibacterium,Lysobacteraceae,27.5,5.5,,facultative anaerobe,,,0
23447,0,GCA_030161555,Luteimicrobium album,Luteimicrobium,Promicromonosporaceae,28.0,,,,830,R2A MEDIUM,1
23528,0,GCF_053762225.1,Aerococcus vaginalis,Aerococcus,Aerococcaceae,30.0,,,microaerophile,11|693,MRS MEDIUM|COLUMBIA BLOOD MEDIUM,2
23552,0,GCA_042652925,Effusibacillus consociatus,Effusibacillus,Alicyclobacillaceae,30.0,6.5,,aerobe,830,R2A MEDIUM,1
23565,0,GCA_000439515,Alteromonas mediterranea,Alteromonas,Alteromonadaceae,22.0,,,,514,BACTO MARINE BROTH (DIFCO 2216),1
23571,0,GCF_001886435.1,Alteromonas mediterranea,Alteromonas,Alteromonadaceae,22.0,,,,514,BACTO MARINE BROTH (DIFCO 2216),1
23572,0,GCF_051278505.1,Alteromonas sp.,Alteromonas,Alteromonadaceae,28.0,,,,514,BACTO MARINE BROTH (DIFCO 2216),1
23764,0,GCA_000714935,Tumebacillus flagellatus,Tumebacillus,Alicyclobacillaceae,37.0,5.5,,aerobe,830,R2A MEDIUM,1
23879,0,GCA_000382205,Dyadobacter beijingensis,Dyadobacter,Spirosomataceae,28.0,7.0,0.75,aerobe,1,NUTRIENT AGAR,1
24015,0,GCA_000355805,Dokdonia sp.,Dokdonia,Flavobacteriaceae,20.0,,,,514,BACTO MARINE BROTH (DIFCO 2216),1
24020,0,GCF_014844295.1,Flavobacterium columnare,Flavobacterium,Flavobacteriaceae,28.0,,,,830,R2A MEDIUM,1
24022,0,GCA_900129405,Flavobacterium fontis,Flavobacterium,Flavobacteriaceae,25.0,6.0,0.5,aerobe,830,R2A MEDIUM,1
24028,0,GCA_900109375,Aquimarina amphilecti,Aquimarina,Flavobacteriaceae,20.0,,,,514,BACTO MARINE BROTH (DIFCO 2216),1
24031,0,GCA_900112295,Muricauda antarctica,Muricauda,Flavobacteriaceae,35.0,7.5,2.0,aerobe,514,BACTO MARINE BROTH (DIFCO 2216),1
24046,0,GCA_000060345,Gramella forsetii,Gramella,Flavobacteriaceae,23.5,7.5,,obligate aerobe,514,BACTO MARINE BROTH (DIFCO 2216),1
24088,0,GCA_014647115,Halarchaeum rubridurum,Halarchaeum,Halobacteriaceae,42.5,5.75,19.5,aerobe,,,0
24178,0,GCF_000425185.1,Pleomorphomonas koreensis,Pleomorphomonas,Pleomorphomonadaceae,30.0,,,,830,R2A MEDIUM,1
24223,0,GCF_009035845.1,Acinetobacter baumannii,Acinetobacter,Moraxellaceae,37.0,,,,220|693|92,CASO AGAR (Merck 105458)|COLUMBIA BLOOD MEDIUM|TRYPTICASE SOY YEAST EXTRACT MEDIUM,3
24240,0,GCA_014639795,Gordonia jinhuaensis,Gordonia,Gordoniaceae,28.0,,,,535,TRYPTICASE SOY BROTH AGAR,1
24261,0,GCA_015645465,Herminiimonas contaminans,Herminiimonas,Oxalobacteraceae,27.5,,,aerobe,535,TRYPTICASE SOY BROTH AGAR,1
24262,0,GCA_014192225,Massilia umbonata,Massilia,Oxalobacteraceae,30.0,,,,830,R2A MEDIUM,1
24270,0,GCA_014284255,Undibacterium jejuense,Undibacterium,Oxalobacteraceae,28.0,,,,830,R2A MEDIUM,1
24271,0,GCA_900182955,Noviherbaspirillum psychrotolerans,Noviherbaspirillum,Oxalobacteraceae,17.0,6.75,0.25,facultative anaerobe,830,R2A MEDIUM,1
24314,0,GCF_000260985.4,Methylophaga nitratireducenticrescens,Methylophaga,Piscirickettsiaceae,30.0,8.0,3.0,aerobe,,,0
24492,0,GCA_003709565,Paracoccus siganidrum,Paracoccus,Paracoccaceae,30.0,,,,220|545,CASO AGAR (Merck 105458)|TRYPTONE SOYA BROTH (TSB),2
24525,0,GCA_900111545,Oceanicella actignis,Oceanicella,Paracoccaceae,54.0,7.0,3.5,aerobe,514,BACTO MARINE BROTH (DIFCO 2216),1
24543,0,GCF_036964065.1,Shewanella sp.,Shewanella,Shewanellaceae,26.0,,,,514,BACTO MARINE BROTH (DIFCO 2216),1
24544,0,GCF_023349125.1,Shewanella corallii,Shewanella,Shewanellaceae,28.0,,,,514,BACTO MARINE BROTH (DIFCO 2216),1
24667,0,GCA_900156495,Williamsia sterculiae,Williamsia,Gordoniaceae,28.0,7.0,0.5,aerobe,65,GYM STREPTOMYCES MEDIUM,1
24686,0,GCA_003814555,Vulcaniibacterium tengchongense,Vulcaniibacterium,Lysobacteraceae,41.0,,,,1a,REACTIVATION WITH LIQUID MEDIUM 1,1
24751,0,GCA_001708935,Methyloligella halotolerans,Methyloligella,Hyphomicrobiaceae,29.0,,,aerobe,,,0
130150,0,GCA_030803925,Alicyclobacillus tengchongensis,Alicyclobacillus,Alicyclobacillaceae,47.5,,,aerobe,,,0
130151,0,GCA_000730385,Alteromonas australica,Alteromonas,Alteromonadaceae,25.0,,,facultative anaerobe,514,BACTO MARINE BROTH (DIFCO 2216),1
130260,0,GCA_014489535,Diaphorobacter aerolatus,Diaphorobacter,Comamonadaceae,28.0,,,,1,NUTRIENT AGAR,1
130263,0,GCA_003952165,Variovorax guangxiensis,Variovorax,Comamonadaceae,28.0,,,,1|381|535|830,NUTRIENT AGAR|LB (Luria-Bertani) MEDIUM|TRYPTICASE SOY BROTH AGAR|R2A MEDIUM,4
130273,0,GCA_003002825,Spirosoma oryzae,Spirosoma,Spirosomataceae,28.0,,,,830,R2A MEDIUM,1
130284,0,GCA_014201505,Desulfoprunum benzoelyticum,Desulfoprunum,Desulfocapsaceae,30.0,,,anaerobe,,,0
130329,0,GCA_900129745,Winogradskyella jejuensis,Winogradskyella,Flavobacteriaceae,25.0,,,,514,BACTO MARINE BROTH (DIFCO 2216),1
130332,0,GCA_900106565,Lutibacter oricola,Lutibacter,Flavobacteriaceae,27.25,,,aerobe,,,0
130453,0,GCF_001678755.1,Acinetobacter gandensis,Acinetobacter,Moraxellaceae,37.0,,,,693,COLUMBIA BLOOD MEDIUM,1
130457,0,GCF_020731205.1,Psychrobacter sanguinis,Psychrobacter,Moraxellaceae,37.0,,,aerobe,693,COLUMBIA BLOOD MEDIUM,1
130458,0,GCA_042679025,Psychrobacter sanguinis,Psychrobacter,Moraxellaceae,33.5,,,aerobe,514|693,BACTO MARINE BROTH (DIFCO 2216)|COLUMBIA BLOOD MEDIUM,2
130459,0,GCA_020731505,Psychrobacter sanguinis,Psychrobacter,Moraxellaceae,37.0,,,aerobe,693,COLUMBIA BLOOD MEDIUM,1
130461,0,GCF_904846055.1,Psychrobacter ciconiae,Psychrobacter,Moraxellaceae,29.0,,,,545,TRYPTONE SOYA BROTH (TSB),1
130463,0,GCF_046523945.1,Faucicola mancuniensis,Faucicola,Moraxellaceae,37.0,,,aerobe,693,COLUMBIA BLOOD MEDIUM,1
130470,0,GCA_003201855,Rivicola pingtungensis,Rivicola,Neisseriaceae,28.0,,,,,,0
130504,0,GCA_024756225,Telluria mixta,Telluria,Oxalobacteraceae,30.0,,,,830,R2A MEDIUM,1
130603,0,GCA_004054105,Gemmobacter intermedius,Gemmobacter,Paracoccaceae,33.5,,,,381,LB (Luria-Bertani) MEDIUM,1
130646,0,GCA_014653075,Allgaiera indica,Allgaiera,Paracoccaceae,26.5,,,,514,BACTO MARINE BROTH (DIFCO 2216),1
130649,0,GCA_001682385,Azoarcus olearius,Azoarcus,Zoogloeaceae,37.0,,,,535,TRYPTICASE SOY BROTH AGAR,1
130655,0,GCA_001051995,Thauera humireducens,Thauera,Zoogloeaceae,31.0,8.0,0.5,facultative anaerobe,830,R2A MEDIUM,1
130656,0,GCA_008107625,Zoogloea oleivorans,Zoogloea,Zoogloeaceae,28.0,,,,1|830,NUTRIENT AGAR|R2A MEDIUM,2
130665,0,GCA_002813245,Novosphingobium kunmingense,Novosphingobium,Erythrobacteraceae,28.0,,,,1,NUTRIENT AGAR,1
130666,0,GCF_014204535.1,Novosphingobium chloroacetimidivorans,Novosphingobium,Erythrobacteraceae,29.0,,,,830,R2A MEDIUM,1
130713,0,GCA_039534485,Streptomyces lactacystinicus,Streptomyces,Streptomycetaceae,28.0,,,,252|65|84,STARCH - MINERAL SALT - AGAR (STMS)|GYM STREPTOMYCES MEDIUM|ROLLED OATS MINERAL MEDIUM,3
130717,0,GCA_001879105,Streptomyces gilvigriseus,Streptomyces,Streptomycetaceae,28.0,,,,252|65|84,STARCH - MINERAL SALT - AGAR (STMS)|GYM STREPTOMYCES MEDIUM|ROLLED OATS MINERAL MEDIUM,3
130722,0,GCA_017676345,Streptomyces smyrnaeus,Streptomyces,Streptomycetaceae,37.0,,,,65|84,GYM STREPTOMYCES MEDIUM|ROLLED OATS MINERAL MEDIUM,2
130723,0,GCA_003054555,Streptomyces lunaelactis,Streptomyces,Streptomycetaceae,28.0,,,,252|65|84,STARCH - MINERAL SALT - AGAR (STMS)|GYM STREPTOMYCES MEDIUM|ROLLED OATS MINERAL MEDIUM,3
130727,0,GCA_042653945,Streptomyces vulcanius,Streptomyces,Streptomycetaceae,28.0,,,,252|65|84,STARCH - MINERAL SALT - AGAR (STMS)|GYM STREPTOMYCES MEDIUM|ROLLED OATS MINERAL MEDIUM,3
130741,0,GCA_003589885,Thermomonospora amylolytica,Thermomonospora,Thermomonosporaceae,45.0,,,,535|553|65,TRYPTICASE SOY BROTH AGAR|GPHF-MEDIUM|GYM STREPTOMYCES MEDIUM,3
130780,0,GCF_010093135.1,Pseudoxanthomonas taiwanensis,Pseudoxanthomonas,Lysobacteraceae,45.0,,,,,,0
130781,0,GCA_900215535,Pseudoxanthomonas wuyuanensis,Pseudoxanthomonas,Lysobacteraceae,37.0,,,,535,TRYPTICASE SOY BROTH AGAR,1
130817,0,GCF_054657815.1,Fusibacter bizertensis,Fusibacter,"Eubacteriales, not assigned to family",30.0,,,anaerobe,,,0
130854,0,GCA_019048525,Acinetobacter lwoffii,Acinetobacter,Moraxellaceae,30.0,,,,1|693|92,NUTRIENT AGAR|COLUMBIA BLOOD MEDIUM|TRYPTICASE SOY YEAST EXTRACT MEDIUM,3
130886,0,GCF_009730395.1,Campylobacter coli,Campylobacter,Campylobacteraceae,37.0,,,microaerophile,693,COLUMBIA BLOOD MEDIUM,1
130893,0,GCA_000017905,Campylobacter jejuni,Campylobacter,Campylobacteraceae,37.0,,,microaerophile,693,COLUMBIA BLOOD MEDIUM,1
130906,0,GCA_024622945,Cellulosimicrobium cellulans,Cellulosimicrobium,Promicromonosporaceae,37.0,,,anaerobe,339|92,WILKINS-CHALGREN ANAEROBE BROTH|TRYPTICASE SOY YEAST EXTRACT MEDIUM,2
130978,0,GCF_001543895.1,Streptomyces thermoautotrophicus,Streptomyces,Streptomycetaceae,55.0,,,,65,GYM STREPTOMYCES MEDIUM,1
130979,0,GCA_001543925,Streptomyces thermoautotrophicus,Streptomyces,Streptomycetaceae,55.0,,,,,,0
131030,0,GCA_024621935,Stenotrophomonas muris,Stenotrophomonas,Lysobacteraceae,37.0,,,,381|92,LB (Luria-Bertani) MEDIUM|TRYPTICASE SOY YEAST EXTRACT MEDIUM,2
131101,0,GCF_900155985.1,Maribacter ulvicola,Maribacter,Flavobacteriaceae,25.0,,,,514,BACTO MARINE BROTH (DIFCO 2216),1
131107,0,GCA_024623185,Anaerofustis stercorihominis,Anaerofustis,Eubacteriaceae,37.0,,,anaerobe,339|58,WILKINS-CHALGREN ANAEROBE BROTH|BIFIDOBACTERIUM MEDIUM,2
131135,0,GCA_000696185,Kitasatospora cheerisanensis,Kitasatospora,Streptomycetaceae,28.0,,,,65|84,GYM STREPTOMYCES MEDIUM|ROLLED OATS MINERAL MEDIUM,2
131136,0,GCA_002139935,Campylobacter lanienae,Campylobacter,Campylobacteraceae,38.0,,,microaerophile,693,COLUMBIA BLOOD MEDIUM,1
131176,0,GCA_009765165,Lysobacter panacisoli,Lysobacter,Lysobacteraceae,29.0,,,,830,R2A MEDIUM,1
131261,0,GCA_007996985,Extensimonas vulgaris,Extensimonas,Comamonadaceae,48.0,7.25,0.5,aerobe,,,0
131348,0,GCA_900106665,Paracoccus sanguinis,Paracoccus,Paracoccaceae,37.0,,,,693,COLUMBIA BLOOD MEDIUM,1
131365,0,GCA_004364165,Maribacter spongiicola,Maribacter,Flavobacteriaceae,20.0,,,,514,BACTO MARINE BROTH (DIFCO 2216),1
131383,0,GCA_011762155,Wenyingzhuangia heitensis,Wenyingzhuangia,Flavobacteriaceae,28.0,,,,514,BACTO MARINE BROTH (DIFCO 2216),1
131438,0,GCA_012033785,Streptomyces bohaiensis,Streptomyces,Streptomycetaceae,28.0,,,aerobe,252|514|65,STARCH - MINERAL SALT - AGAR (STMS)|BACTO MARINE BROTH (DIFCO 2216)|GYM STREPTOMYCES MEDIUM,3
131466,0,GCF_032656605.1,Streptomyces sasae,Streptomyces,Streptomycetaceae,28.0,,,,65|84|987,GYM STREPTOMYCES MEDIUM|ROLLED OATS MINERAL MEDIUM|ISP 2 MEDIUM,3
131482,0,GCA_018139695,Actinospica durhamensis,Actinospica,Actinospicaceae,28.0,,,,84|987,ROLLED OATS MINERAL MEDIUM|ISP 2 MEDIUM,2
131501,0,GCA_900188255,Hymenobacter mucosus,Hymenobacter,Hymenobacteraceae,28.0,,,aerobe,830,R2A MEDIUM,1
131503,0,GCA_900182695,Paracoccus laeviglucosivorans,Paracoccus,Paracoccaceae,29.0,,,,545,TRYPTONE SOYA BROTH (TSB),1
131543,0,GCA_003003235,Antricoccus suffuscus,Antricoccus,Antricoccaceae,29.0,,,aerobe,92,TRYPTICASE SOY YEAST EXTRACT MEDIUM,1
131581,0,GCA_001428645,Acidovorax sp.,Acidovorax,Comamonadaceae,28.0,,,,830,R2A MEDIUM,1
131583,0,GCA_001429215,Acidovorax sp.,Acidovorax,Comamonadaceae,28.0,,,,1|830,NUTRIENT AGAR|R2A MEDIUM,2
131587,0,GCA_001422105,Acidovorax sp.,Acidovorax,Comamonadaceae,28.0,,,,1,NUTRIENT AGAR,1
131591,0,GCA_916855635,Acidovorax sp.,Acidovorax,Comamonadaceae,28.0,,,,830,R2A MEDIUM,1
131592,0,GCA_001422065,Acidovorax sp.,Acidovorax,Comamonadaceae,28.0,,,,1,NUTRIENT AGAR,1
131705,0,GCA_001428585,Duganella sp.,Duganella,Oxalobacteraceae,28.0,,,,830,R2A MEDIUM,1
131719,0,GCA_001427905,Flavobacterium sp.,Flavobacterium,Flavobacteriaceae,28.0,,,,,,0
131721,0,GCA_001422725,Flavobacterium sp.,Flavobacterium,Flavobacteriaceae,28.0,,,,830,R2A MEDIUM,1
131741,0,GCA_001428685,Lysobacter sp.,Lysobacter,Lysobacteraceae,28.0,,,,830,R2A MEDIUM,1
131913,0,GCA_001427585,Pseudoxanthomonas sp.,Pseudoxanthomonas,Lysobacteraceae,28.0,,,,535,TRYPTICASE SOY BROTH AGAR,1
131915,0,GCA_030409605,Simiduia curdlanivorans,Simiduia,Cellvibrionaceae,28.0,,,,,,0
131988,0,GCF_001511815.1,Streptomyces reticuli,Streptomyces,Streptomycetaceae,28.0,,,,65|84,GYM STREPTOMYCES MEDIUM|ROLLED OATS MINERAL MEDIUM,2
131989,0,GCA_014646275,Streptomyces kronopolitis,Streptomyces,Streptomycetaceae,28.0,7.5,,aerobe,65|84,GYM STREPTOMYCES MEDIUM|ROLLED OATS MINERAL MEDIUM,2
131990,0,GCA_001426325,Streptomyces sp.,Streptomyces,Streptomycetaceae,28.0,,,,65|84,GYM STREPTOMYCES MEDIUM|ROLLED OATS MINERAL MEDIUM,2
131994,0,GCA_001428885,Streptomyces sp.,Streptomyces,Streptomycetaceae,28.0,,,,65|84,GYM STREPTOMYCES MEDIUM|ROLLED OATS MINERAL MEDIUM,2
131998,0,GCA_001427565,Streptomyces sp.,Streptomyces,Streptomycetaceae,28.0,,,,65|84,GYM STREPTOMYCES MEDIUM|ROLLED OATS MINERAL MEDIUM,2
131999,0,GCA_001427745,Streptomyces sp.,Streptomyces,Streptomycetaceae,28.0,,,,65|84,GYM STREPTOMYCES MEDIUM|ROLLED OATS MINERAL MEDIUM,2
132014,0,GCA_018283645,Actinocrinis puniceicyclus,Actinocrinis,Actinospicaceae,22.5,5.6,,aerobe,830,R2A MEDIUM,1
132039,0,GCA_001425205,Variovorax sp.,Variovorax,Comamonadaceae,28.0,,,,1|830,NUTRIENT AGAR|R2A MEDIUM,2
132144,0,GCF_041079535.1,Comamonas guangdongensis,Comamonas,Comamonadaceae,31.0,6.75,0.5,facultative anaerobe,535,TRYPTICASE SOY BROTH AGAR,1
132172,0,GCF_020171465.1,Lutimonas saemankumensis,Lutimonas,Flavobacteriaceae,25.0,7.5,2.0,aerobe,514,BACTO MARINE BROTH (DIFCO 2216),1
132192,0,GCA_000367925,Acinetobacter bohemicus,Acinetobacter,Moraxellaceae,30.0,,,aerobe,535|693,TRYPTICASE SOY BROTH AGAR|COLUMBIA BLOOD MEDIUM,2
132197,0,GCA_009831215,Actinomadura rayongensis,Actinomadura,Thermomonosporaceae,28.0,,,,553|65,GPHF-MEDIUM|GYM STREPTOMYCES MEDIUM,2
132284,0,GCA_021234875,Marinibactrum halimedae,Marinibactrum,"Gammaproteobacteria, not assigned to family",25.0,,,,,,0
132285,0,GCA_014699135,Undibacterium aquatile,Undibacterium,Oxalobacteraceae,28.0,,,,830,R2A MEDIUM,1
132317,0,GCA_001427865,Altererythrobacter sp.,Altererythrobacter,Erythrobacteraceae,28.0,,,,830,R2A MEDIUM,1
132321,0,GCA_001428545,Noviherbaspirillum sp.,Noviherbaspirillum,Oxalobacteraceae,28.0,,,,535|545,TRYPTICASE SOY BROTH AGAR|TRYPTONE SOYA BROTH (TSB),2
132322,0,GCA_001428945,Oerskovia sp.,Oerskovia,Promicromonosporaceae,28.0,,,,92,TRYPTICASE SOY YEAST EXTRACT MEDIUM,1
132339,0,GCA_014640675,Novosphingobium endophyticum,Novosphingobium,Erythrobacteraceae,29.0,,,,830,R2A MEDIUM,1
132341,0,GCA_004127445,Streptomyces alfalfae,Streptomyces,Streptomycetaceae,37.0,,,aerobe,252|65|84,STARCH - MINERAL SALT - AGAR (STMS)|GYM STREPTOMYCES MEDIUM|ROLLED OATS MINERAL MEDIUM,3
132371,0,GCA_001611975,Haematospirillum jordaniae,Haematospirillum,Rhodospirillaceae,37.0,,,microaerophile,693,COLUMBIA BLOOD MEDIUM,1
132416,0,GCA_009936215,Athalassotoga saccharophila,Athalassotoga,Mesoaciditogaceae,55.0,5.75,0.0,anaerobe,,,0
132448,0,GCA_017873955,Sedimentibacter acidaminivorans,Sedimentibacter,Sedimentibacteraceae,30.0,7.25,20.0,obligate anaerobe,,,0
132461,0,GCA_000827555,Capnocytophaga canis,Capnocytophaga,Flavobacteriaceae,37.0,,,,,,0
132529,0,GCA_000342045,Magnetospirillum caucaseum,Magnetospirillum,Rhodospirillaceae,29.0,6.65,,microaerophile,,,0
132577,0,GCA_014635665,Isoptericola cucumis,Isoptericola,Promicromonosporaceae,28.0,7.0,9.0,obligate aerobe,535|92,TRYPTICASE SOY BROTH AGAR|TRYPTICASE SOY YEAST EXTRACT MEDIUM,2
132625,0,GCA_042649805,Neisseria musculi,Neisseria,Neisseriaceae,37.0,,,microaerophile,693,COLUMBIA BLOOD MEDIUM,1
132626,0,GCA_042432465,Undibacterium danionis,Undibacterium,Oxalobacteraceae,28.0,,,aerobe,830,R2A MEDIUM,1
132630,0,GCA_014646115,Streptomyces camponoticapitis,Streptomyces,Streptomycetaceae,28.0,7.5,1.0,aerobe,65|84,GYM STREPTOMYCES MEDIUM|ROLLED OATS MINERAL MEDIUM,2
132636,0,GCA_014641595,Dyadobacter endophyticus,Dyadobacter,Spirosomataceae,30.0,7.0,0.0,aerobe,1,NUTRIENT AGAR,1
132648,0,GCF_040687735.1,Lysobacter firmicutimachus,Lysobacter,Lysobacteraceae,26.5,5.5,,aerobe,1|535,NUTRIENT AGAR|TRYPTICASE SOY BROTH AGAR,2
132653,0,GCA_042648505,Lysobacter cavernae,Lysobacter,Lysobacteraceae,28.0,,,,535,TRYPTICASE SOY BROTH AGAR,1
132680,0,GCA_018141405,Serpentinicella alkaliphila,Serpentinicella,Natronincolaceae,37.0,9.5,,obligate anaerobe,,,0
132688,0,GCA_001425285,Acinetobacter sp.,Acinetobacter,Moraxellaceae,30.0,,,,92,TRYPTICASE SOY YEAST EXTRACT MEDIUM,1
132755,0,GCA_001427325,Massilia sp.,Massilia,Oxalobacteraceae,30.0,,,,830,R2A MEDIUM,1
132756,0,GCA_001425685,Massilia sp.,Massilia,Oxalobacteraceae,30.0,,,,830,R2A MEDIUM,1
132839,0,GCA_000808575,Alteromonas marina,Alteromonas,Alteromonadaceae,28.0,,,,514,BACTO MARINE BROTH (DIFCO 2216),1
132844,0,GCA_015863285,Facklamia tabacinasalis,Facklamia,Aerococcaceae,31.0,,6.5,facultative anaerobe,693,COLUMBIA BLOOD MEDIUM,1
132886,0,GCF_001751255.1,Streptomyces nanshensis,Streptomyces,Streptomycetaceae,28.0,,,,65|84|987,GYM STREPTOMYCES MEDIUM|ROLLED OATS MINERAL MEDIUM|ISP 2 MEDIUM,3
132889,0,GCF_030683615.1,Undibacterium sp.,Undibacterium,Oxalobacteraceae,28.0,,,,830,R2A MEDIUM,1
132940,0,GCA_026651605,Alicyclobacillus dauci,Alicyclobacillus,Alicyclobacillaceae,40.0,,,,,,0
132965,0,GCA_003122365,Streptomyces spongiicola,Streptomyces,Streptomycetaceae,28.0,8.0,0.0,aerobe,252|65|84,STARCH - MINERAL SALT - AGAR (STMS)|GYM STREPTOMYCES MEDIUM|ROLLED OATS MINERAL MEDIUM,3
132974,0,GCF_054782495.1,Spirosoma aerophilum,Spirosoma,Spirosomataceae,29.0,7.0,,aerobe,830,R2A MEDIUM,1
132979,0,GCA_011927765,Wenyingzhuangia aestuarii,Wenyingzhuangia,Flavobacteriaceae,28.0,,,,514,BACTO MARINE BROTH (DIFCO 2216),1
132992,0,GCA_019670125,Agarivorans aestuarii,Agarivorans,Alteromonadaceae,25.0,7.5,,aerobe,514,BACTO MARINE BROTH (DIFCO 2216),1
133018,0,GCA_014643055,Brevibacterium sediminis,Brevibacterium,Brevibacteriaceae,26.5,7.5,,,92,TRYPTICASE SOY YEAST EXTRACT MEDIUM,1
133023,0,GCA_014138425,Rufibacter quisquiliarum,Rufibacter,Hymenobacteraceae,28.5,9.0,,aerobe,830,R2A MEDIUM,1
133052,0,GCA_042658225,Streptomyces zhihengii,Streptomyces,Streptomycetaceae,28.0,,,,252|84|987,STARCH - MINERAL SALT - AGAR (STMS)|ROLLED OATS MINERAL MEDIUM|ISP 2 MEDIUM,3
133100,0,GCA_005870035,Spirosoma lacussanchae,Spirosoma,Spirosomataceae,28.0,,,,830,R2A MEDIUM,1
133214,0,GCA_009720775,Pseudoduganella danionis,Pseudoduganella,Oxalobacteraceae,25.0,6.0,,aerobe,830,R2A MEDIUM,1
133296,0,GCA_042646405,Gilvimarinus japonicus,Gilvimarinus,Cellvibrionaceae,29.0,7.75,,,514,BACTO MARINE BROTH (DIFCO 2216),1
133344,0,GCA_014643535,Aliidongia dinghuensis,Aliidongia,Rhodospirillaceae,28.0,6.25,,aerobe,830,R2A MEDIUM,1
133870,0,GCA_039542605,Streptomyces ziwulingensis,Streptomyces,Streptomycetaceae,28.0,7.5,1.0,aerobe,252|65|84,STARCH - MINERAL SALT - AGAR (STMS)|GYM STREPTOMYCES MEDIUM|ROLLED OATS MINERAL MEDIUM,3
134198,0,GCF_964510395.1,Tenacibaculum aestuarii,Tenacibaculum,Flavobacteriaceae,33.5,8.0,,aerobe,514,BACTO MARINE BROTH (DIFCO 2216),1
134322,0,GCA_000787835,Streptacidiphilus melanogenes,Streptacidiphilus,Streptomycetaceae,29.0,,,aerobe,65|84|987,GYM STREPTOMYCES MEDIUM|ROLLED OATS MINERAL MEDIUM|ISP 2 MEDIUM,3
139940,0,GCA_002797675,Hallerella succinigenes,Hallerella,Fibrobacteraceae,37.0,,,obligate anaerobe,,,0
139943,0,GCF_004337635.1,Myroides odoratimimus,Myroides,Flavobacteriaceae,30.0,,,,693|92,COLUMBIA BLOOD MEDIUM|TRYPTICASE SOY YEAST EXTRACT MEDIUM,2
140021,0,GCF_007018965.1,Paracoccus marinus,Paracoccus,Paracoccaceae,20.0,,,,92,TRYPTICASE SOY YEAST EXTRACT MEDIUM,1
140039,0,GCF_040564635.1,Planktothricoides raciborskii,Planktothricoides,Oscillatoriaceae,23.0,,,,,,0
140043,0,GCA_000526195,Hippea sp.,Hippea,Desulfurellaceae,65.0,,,,,,0
140065,0,GCA_039542625,Luteimicrobium xylanilyticum,Luteimicrobium,Promicromonosporaceae,25.0,,,aerobe,92,TRYPTICASE SOY YEAST EXTRACT MEDIUM,1
140074,0,GCA_014647355,Butyricimonas paravirosa,Butyricimonas,Odoribacteraceae,37.0,,,anaerobe,104,PYG MEDIUM (modified),1
140119,0,GCF_045559975.1,Parasynechococcus sp.,Parasynechococcus,Prochlorococcaceae,17.0,,,,,,0
140139,0,GCA_017311475,Niveibacterium umoris,Niveibacterium,Zoogloeaceae,30.0,7.5,,facultative anaerobe,830,R2A MEDIUM,1
140279,0,GCA_001027865,Neisseria arctica,Neisseria,Neisseriaceae,37.0,,,,215|693,BHI MEDIUM|COLUMBIA BLOOD MEDIUM,2
140280,0,GCA_003843835,Tibeticola sediminis,Tibeticola,Comamonadaceae,41.0,7.0,,aerobe,1,NUTRIENT AGAR,1
140314,0,GCA_001565895,Paraglaciecola hydrolytica,Paraglaciecola,Alteromonadaceae,22.5,7.5,,aerobe,514,BACTO MARINE BROTH (DIFCO 2216),1
140326,0,GCA_003148885,Hallerella porci,Hallerella,Fibrobacteraceae,37.0,,,,,,0
140348,0,GCA_042433895,Mesonia maritima,Mesonia,Flavobacteriaceae,27.5,7.75,,obligate aerobe,514,BACTO MARINE BROTH (DIFCO 2216),1
140359,0,GCA_013185915,Stenotrophomonas bentonitica,Stenotrophomonas,Lysobacteraceae,28.0,7.0,,aerobe,1,NUTRIENT AGAR,1
140361,0,GCA_009688945,Desulfosarcina alkanivorans,Desulfosarcina,Desulfosarcinaceae,32.0,7.15,,anaerobe,,,0
140375,0,GCA_011927795,Saonia flava,Saonia,Flavobacteriaceae,25.25,7.0,3.0,aerobe,514,BACTO MARINE BROTH (DIFCO 2216),1
140429,0,GCF_037154155.1,Altererythrobacter lauratis,Altererythrobacter,Erythrobacteraceae,43.0,,,aerobe,830,R2A MEDIUM,1
140494,0,GCA_009377175,Streptomyces adustus,Streptomyces,Streptomycetaceae,28.0,7.0,,aerobe,252|65|84,STARCH - MINERAL SALT - AGAR (STMS)|GYM STREPTOMYCES MEDIUM|ROLLED OATS MINERAL MEDIUM,3
140607,0,GCA_002358085,Pseudothioclava arenosa,Pseudothioclava,Paracoccaceae,30.0,6.5,2.0,facultative anaerobe,514,BACTO MARINE BROTH (DIFCO 2216),1
140765,0,GCA_028748065,Hyphococcus flavus,Hyphococcus,Parvularculaceae,30.0,7.25,2.0,aerobe,,,0
157015,0,GCA_002021985,Campylobacter pinnipediorum subsp. caledonicus,Campylobacter,Campylobacteraceae,37.0,,,microaerophile,693,COLUMBIA BLOOD MEDIUM,1
157132,0,GCA_901538355,Tuwongella immobilis,Tuwongella,Gemmataceae,34.0,7.75,0.4,aerobe,,,0
157748,0,GCA_022870925,Vitreoscilla massiliensis,Vitreoscilla,Neisseriaceae,37.0,,,,1,NUTRIENT AGAR,1
157768,0,GCA_002895945,Lysobacter silvestris,Lysobacter,Lysobacteraceae,25.0,6.5,0.0,obligate aerobe,830,R2A MEDIUM,1
157779,0,GCF_900447535.1,Dermacoccus nishinomiyaensis,Dermacoccus,Dermacoccaceae,30.0,,,,830,R2A MEDIUM,1
157895,0,GCA_001445655,Streptomyces roseifaciens,Streptomyces,Streptomycetaceae,30.0,7.0,2.0,aerobe,252|65,STARCH - MINERAL SALT - AGAR (STMS)|GYM STREPTOMYCES MEDIUM,2
157915,0,GCA_001512195,Acinetobacter baumannii,Acinetobacter,Moraxellaceae,37.0,,,,215,BHI MEDIUM,1
157916,0,GCA_045064495,Acinetobacter baumannii,Acinetobacter,Moraxellaceae,37.0,,,,381,LB (Luria-Bertani) MEDIUM,1
157917,0,GCA_045064435,Acinetobacter baumannii,Acinetobacter,Moraxellaceae,37.0,,,,220,CASO AGAR (Merck 105458),1
157946,0,GCF_036405755.1,Schlesneria sp.,Schlesneria,Planctomycetaceae,30.0,,,,,,0
158060,0,GCF_048265665.1,Bizionia sp.,Bizionia,Flavobacteriaceae,28.0,,,,514,BACTO MARINE BROTH (DIFCO 2216),1
158118,0,GCA_012910915,Aromatoleum aromaticum,Aromatoleum,Zoogloeaceae,28.0,,,,830,R2A MEDIUM,1
158119,0,GCA_000025965,Aromatoleum aromaticum,Aromatoleum,Zoogloeaceae,28.0,,,,830,R2A MEDIUM,1
158152,0,GCF_023497905.1,Phascolarctobacterium succinatutens,Phascolarctobacterium,Acidaminococcaceae,37.0,,,,104|104c,PYG MEDIUM (modified)|PY + X MEDIUM (N2/CO2),2
158167,0,GCA_014647315,Alicyclobacillus cellulosilyticus,Alicyclobacillus,Alicyclobacillaceae,55.0,,,,,,0
158181,0,GCA_014192475,Simiduia aestuariiviva,Simiduia,Cellvibrionaceae,29.0,,,aerobe,,,0
158218,0,GCA_000009705,Nostoc sp.,Nostoc,Nostocaceae,18.0,,,,,,0
158312,0,GCA_014644375,Shewanella carassii,Shewanella,Shewanellaceae,35.0,,1.0,facultative anaerobe,514,BACTO MARINE BROTH (DIFCO 2216),1
158330,0,GCF_034091705.1,Fenollaria sp.,Fenollaria,"Eubacteriales, not assigned to family",35.0,,,,110,CHOPPED MEAT MEDIUM WITH CARBOHYDRATES,1
158332,0,GCA_000312505,Fenollaria massiliensis,Fenollaria,"Eubacteriales, not assigned to family",37.0,,,,78,CHOPPED MEAT MEDIUM,1
158373,0,GCA_017573505,Actinomadura barringtoniae,Actinomadura,Thermomonosporaceae,28.0,7.0,,aerobe,215|535|553|65|830,BHI MEDIUM|TRYPTICASE SOY BROTH AGAR|GPHF-MEDIUM|GYM STREPTOMYCES MEDIUM|R2A MEDIUM,5
158385,0,GCA_000349325,Streptomyces davaonensis,Streptomyces,Streptomycetaceae,28.0,,,aerobe,65|84,GYM STREPTOMYCES MEDIUM|ROLLED OATS MINERAL MEDIUM,2
158434,0,GCA_003568845,Indioceanicola profundi,Indioceanicola,Rhodospirillaceae,32.5,7.0,,,,,0
158488,0,GCA_001983935,Fuerstiella marisgermanici,Fuerstiella,Planctomycetaceae,20.0,,,,,,0
158532,0,GCA_016741775,Streptomyces actinomycinicus,Streptomyces,Streptomycetaceae,33.5,7.0,,aerobe,252|65|84,STARCH - MINERAL SALT - AGAR (STMS)|GYM STREPTOMYCES MEDIUM|ROLLED OATS MINERAL MEDIUM,3
158826,0,GCA_009696675,Acidaminococcus fermentans,Acidaminococcus,Acidaminococcaceae,37.0,,,,339|693,WILKINS-CHALGREN ANAEROBE BROTH|COLUMBIA BLOOD MEDIUM,2
158884,0,GCF_900187175.1,Odoribacter splanchnicus,Odoribacter,Odoribacteraceae,37.0,,,,693|78,COLUMBIA BLOOD MEDIUM|CHOPPED MEAT MEDIUM,2
158898,0,GCA_009695545,Victivallis lenta,Victivallis,Victivallaceae,37.0,,,,1203a,FASTIDIOUS ANAEROBE BROTH,1
158953,0,GCA_009696325,Collinsella aerofaciens,Collinsella,Coriobacteriaceae,37.0,,,,1203a,FASTIDIOUS ANAEROBE BROTH,1
158958,0,GCA_009696115,Eubacterium callanderi,Eubacterium,Eubacteriaceae,37.0,,,,1203a,FASTIDIOUS ANAEROBE BROTH,1
159100,0,GCF_004028635.1,Streptomyces cyaneus,Streptomyces,Streptomycetaceae,28.0,,,,252|65|84,STARCH - MINERAL SALT - AGAR (STMS)|GYM STREPTOMYCES MEDIUM|ROLLED OATS MINERAL MEDIUM,3
159104,0,GCA_008634015,Streptomyces filamentosus,Streptomyces,Streptomycetaceae,28.0,,,,65|987,GYM STREPTOMYCES MEDIUM|ISP 2 MEDIUM,2
159108,0,GCF_016906185.1,Streptomyces puniceus,Streptomyces,Streptomycetaceae,28.0,,,,252|65|84|987,STARCH - MINERAL SALT - AGAR (STMS)|GYM STREPTOMYCES MEDIUM|ROLLED OATS MINERAL MEDIUM|ISP 2 MEDIUM,4
159113,0,GCA_032248675,Streptomyces kroppenstedtii,Streptomyces,Streptomycetaceae,28.0,,,,65|987,GYM STREPTOMYCES MEDIUM|ISP 2 MEDIUM,2
159120,0,GCA_032248635,Streptomyces kutzneri,Streptomyces,Streptomycetaceae,28.0,,,,252|65|84,STARCH - MINERAL SALT - AGAR (STMS)|GYM STREPTOMYCES MEDIUM|ROLLED OATS MINERAL MEDIUM,3
159127,0,GCA_050271085,Streptomyces albogriseolus,Streptomyces,Streptomycetaceae,28.0,,,,65|84,GYM STREPTOMYCES MEDIUM|ROLLED OATS MINERAL MEDIUM,2
159143,0,GCF_001514305.1,Streptomyces dysideae,Streptomyces,Streptomycetaceae,28.0,,0.0,,65,GYM STREPTOMYCES MEDIUM,1
159150,0,GCA_000974985,Streptomyces mangrovisoli,Streptomyces,Streptomycetaceae,28.0,,,,65|84,GYM STREPTOMYCES MEDIUM|ROLLED OATS MINERAL MEDIUM,2
159158,0,GCA_011820545,Streptomyces lavenduligriseus,Streptomyces,Streptomycetaceae,28.0,,,,65|84,GYM STREPTOMYCES MEDIUM|ROLLED OATS MINERAL MEDIUM,2
159206,0,GCA_045064505,Acinetobacter baumannii,Acinetobacter,Moraxellaceae,30.0,,,,220,CASO AGAR (Merck 105458),1
159427,0,GCA_015159745,Ramlibacter aquaticus,Ramlibacter,Comamonadaceae,28.0,,,,830,R2A MEDIUM,1
159431,0,GCA_012843305,Victivallis vadensis,Victivallis,Victivallaceae,37.0,,,,,,0
159479,0,GCA_003429565,Streptomyces triticagri,Streptomyces,Streptomycetaceae,28.0,7.0,,aerobe,65|84,GYM STREPTOMYCES MEDIUM|ROLLED OATS MINERAL MEDIUM,2
159508,0,GCA_900290435,Streptomyces tunisialbus,Streptomyces,Streptomycetaceae,28.0,,,,65|84,GYM STREPTOMYCES MEDIUM|ROLLED OATS MINERAL MEDIUM,2
159562,0,GCA_002939865,Xanthomonas dyei,Xanthomonas,Lysobacteraceae,25.0,,,,1|830,NUTRIENT AGAR|R2A MEDIUM,2
159574,0,GCA_003428695,Actinomadura logoneensis,Actinomadura,Thermomonosporaceae,37.0,7.0,,aerobe,215|553|554,BHI MEDIUM|GPHF-MEDIUM|N-Z-AMINE-MEDIUM,3
159592,0,GCF_052828665.1,Streptomyces graminifolii,Streptomyces,Streptomycetaceae,28.0,,,,252|65|84,STARCH - MINERAL SALT - AGAR (STMS)|GYM STREPTOMYCES MEDIUM|ROLLED OATS MINERAL MEDIUM,3
159593,0,GCA_014779715,Streptomyces chumphonensis,Streptomyces,Streptomycetaceae,28.0,,,,252|65|84,STARCH - MINERAL SALT - AGAR (STMS)|GYM STREPTOMYCES MEDIUM|ROLLED OATS MINERAL MEDIUM,3
159613,0,GCA_009688985,Desulfosarcina ovata subsp. sediminis,Desulfosarcina,Desulfosarcinaceae,30.0,6.75,,,,,0
159625,0,GCA_004010275,Streptomyces huasconensis,Streptomyces,Streptomycetaceae,28.0,8.5,10.0,aerobe,252|65|84,STARCH - MINERAL SALT - AGAR (STMS)|GYM STREPTOMYCES MEDIUM|ROLLED OATS MINERAL MEDIUM,3
159626,0,GCA_004023625,Streptomyces cavernae,Streptomyces,Streptomycetaceae,28.0,,,aerobe,65|84,GYM STREPTOMYCES MEDIUM|ROLLED OATS MINERAL MEDIUM,2
159651,0,GCA_003270085,Streptomyces triticisoli,Streptomyces,Streptomycetaceae,28.0,7.0,6.0,aerobe,65|84,GYM STREPTOMYCES MEDIUM|ROLLED OATS MINERAL MEDIUM,2
159657,0,GCA_018802245,Kyrpidia spormannii,Kyrpidia,Alicyclobacillaceae,50.0,,,,830,R2A MEDIUM,1
159662,0,GCA_003323715,Streptomyces diacarni,Streptomyces,Streptomycetaceae,28.0,,,,252|65|84,STARCH - MINERAL SALT - AGAR (STMS)|GYM STREPTOMYCES MEDIUM|ROLLED OATS MINERAL MEDIUM,3
159663,0,GCA_003323735,Streptomyces reniochalinae,Streptomyces,Streptomycetaceae,28.0,,,,65|84,GYM STREPTOMYCES MEDIUM|ROLLED OATS MINERAL MEDIUM,2
159693,0,GCA_002891435,Streptomyces cahuitamycinicus,Streptomyces,Streptomycetaceae,28.0,,,,252|553|65|84,STARCH - MINERAL SALT - AGAR (STMS)|GPHF-MEDIUM|GYM STREPTOMYCES MEDIUM|ROLLED OATS MINERAL MEDIUM,4
160004,0,GCA_002303885,Flavobacterium sp.,Flavobacterium,Flavobacteriaceae,25.0,,,,381|830,LB (Luria-Bertani) MEDIUM|R2A MEDIUM,2
160022,0,GCF_008973825.1,Gemmobacter serpentinus,Gemmobacter,Paracoccaceae,20.0,,,,830,R2A MEDIUM,1
160171,0,GCA_003568625,Gordonia rubripertincta,Gordonia,Gordoniaceae,28.0,,,,535|65,TRYPTICASE SOY BROTH AGAR|GYM STREPTOMYCES MEDIUM,2
160205,0,GCF_042804095.1,Streptomyces cellulosae,Streptomyces,Streptomycetaceae,28.0,,,,65|84,GYM STREPTOMYCES MEDIUM|ROLLED OATS MINERAL MEDIUM,2
160255,0,GCA_011044975,Streptomyces coryli,Streptomyces,Streptomycetaceae,28.0,,,,65,GYM STREPTOMYCES MEDIUM,1
160280,0,GCA_003311645,Streptomyces sp.,Streptomyces,Streptomycetaceae,28.0,,,,65,GYM STREPTOMYCES MEDIUM,1
160287,0,GCA_020010925,Streptomyces griseiscabiei,Streptomyces,Streptomycetaceae,28.0,,,,252|65|84,STARCH - MINERAL SALT - AGAR (STMS)|GYM STREPTOMYCES MEDIUM|ROLLED OATS MINERAL MEDIUM,3
160291,0,GCA_002327105,Luteimonas chenhongjianii,Luteimonas,Lysobacteraceae,37.0,,,,1|215|535,NUTRIENT AGAR|BHI MEDIUM|TRYPTICASE SOY BROTH AGAR,3
160299,0,GCA_007748195,Gimesia aquarii,Gimesia,Planctomycetaceae,27.0,8.0,,aerobe,,,0
160300,0,GCA_007748175,Gimesia aquarii,Gimesia,Planctomycetaceae,28.0,,,,,,0
160309,0,GCF_027947575.1,Streptomyces rubrogriseus,Streptomyces,Streptomycetaceae,28.0,,,,514|65,BACTO MARINE BROTH (DIFCO 2216)|GYM STREPTOMYCES MEDIUM,2
160434,0,GCA_011398155,Thiosulfativibrio zosterae,Thiosulfativibrio,Piscirickettsiaceae,20.0,,,,,,0
160600,0,GCF_039535415.1,Streptomyces yanii,Streptomyces,Streptomycetaceae,28.0,,,,65|84,GYM STREPTOMYCES MEDIUM|ROLLED OATS MINERAL MEDIUM,2
160670,0,GCF_054783955.1,Streptomyces mayteni,Streptomyces,Streptomycetaceae,28.0,,,,535|65,TRYPTICASE SOY BROTH AGAR|GYM STREPTOMYCES MEDIUM,2
160683,0,GCA_017329615,Alicyclobacillus suci,Alicyclobacillus,Alicyclobacillaceae,45.0,,,,,,0
160684,0,GCF_000225705.1,Collinsella tanakaei,Collinsella,Coriobacteriaceae,37.0,,,,104|693,PYG MEDIUM (modified)|COLUMBIA BLOOD MEDIUM,2
160714,0,GCF_002161605.1,Collinsella massiliensis,Collinsella,Coriobacteriaceae,37.0,,,,693,COLUMBIA BLOOD MEDIUM,1
160723,0,GCA_010287905,Cellulosimicrobium composti,Cellulosimicrobium,Promicromonosporaceae,28.0,,,,535|92,TRYPTICASE SOY BROTH AGAR|TRYPTICASE SOY YEAST EXTRACT MEDIUM,2
160740,0,GCA_039543605,Streptomyces siamensis,Streptomyces,Streptomycetaceae,28.0,,,,252|65|84,STARCH - MINERAL SALT - AGAR (STMS)|GYM STREPTOMYCES MEDIUM|ROLLED OATS MINERAL MEDIUM,3
161495,0,GCA_039529945,Kitasatospora kazusensis,Kitasatospora,Streptomycetaceae,28.0,,,,252|65|84,STARCH - MINERAL SALT - AGAR (STMS)|GYM STREPTOMYCES MEDIUM|ROLLED OATS MINERAL MEDIUM,3
166286,0,GCA_004305975,Streptomyces otsuchiensis,Streptomyces,Streptomycetaceae,27.0,,,aerobe,252,STARCH - MINERAL SALT - AGAR (STMS),1
166387,0,GCA_007745435,Calycomorphotria hydatis,Calycomorphotria,Planctomycetaceae,30.0,8.5,,,,,0
166389,0,GCA_007747795,Maioricimonas rarisocia,Maioricimonas,Planctomycetaceae,31.0,7.5,,aerobe,,,0
166390,0,GCA_009908195,Streptomyces boluensis,Streptomyces,Streptomycetaceae,28.0,7.2,,aerobe,65|84,GYM STREPTOMYCES MEDIUM|ROLLED OATS MINERAL MEDIUM,2
166391,0,GCA_007744255,Thalassoglobus polymorphus,Thalassoglobus,Planctomycetaceae,30.0,7.5,,,,,0
166406,0,GCA_007747995,Symmachiella dynata,Symmachiella,Planctomycetaceae,24.0,7.5,,aerobe,,,0
166608,0,GCF_018145655.1,Campylobacter anatolicus,Campylobacter,Campylobacteraceae,37.0,,,,693,COLUMBIA BLOOD MEDIUM,1
166693,0,GCF_018101125.2,Streptomyces tardus,Streptomyces,Streptomycetaceae,28.0,,,,252|65|84,STARCH - MINERAL SALT - AGAR (STMS)|GYM STREPTOMYCES MEDIUM|ROLLED OATS MINERAL MEDIUM,3
166976,0,GCA_014837235,Limnohabitans radicicola,Limnohabitans,Comamonadaceae,28.0,,,,535|830,TRYPTICASE SOY BROTH AGAR|R2A MEDIUM,2
167580,0,GCA_016025525,Eikenella glucosivorans,Eikenella,Neisseriaceae,37.0,,,,693,COLUMBIA BLOOD MEDIUM,1
167933,0,GCA_016741875,Streptomyces coffeae,Streptomyces,Streptomycetaceae,28.0,,,,252|65|84,STARCH - MINERAL SALT - AGAR (STMS)|GYM STREPTOMYCES MEDIUM|ROLLED OATS MINERAL MEDIUM,3
168005,0,GCF_003721215.1,Streptomyces botrytidirepellens,Streptomyces,Streptomycetaceae,28.0,,,,65,GYM STREPTOMYCES MEDIUM,1
168216,0,GCA_014203895,Streptomyces nymphaeiformis,Streptomyces,Streptomycetaceae,28.0,,,,252|65|84,STARCH - MINERAL SALT - AGAR (STMS)|GYM STREPTOMYCES MEDIUM|ROLLED OATS MINERAL MEDIUM,3
168323,0,GCA_013391695,Thiomicrorhabdus cannonii,Thiomicrorhabdus,Piscirickettsiaceae,30.0,,,,,,0
168376,0,GCA_004358105,Sapientia aquatica,Sapientia,Oxalobacteraceae,22.5,8.0,1.0,,830,R2A MEDIUM,1
169011,0,GCA_000483165,Acholeplasma multilocale,Acholeplasma,Acholeplasmataceae,37.0,,,,1076b,SP4-Z MEDIUM,1
169212,0,GCF_014836885.1,Brevibacterium gallinarum,Brevibacterium,Brevibacteriaceae,37.0,,,,92,TRYPTICASE SOY YEAST EXTRACT MEDIUM,1
169316,0,GCA_021172045,Capillimicrobium parvum,Capillimicrobium,Capillimicrobiaceae,28.0,,,,428|830,HETEROTROPHIC MEDIUM H3P|R2A MEDIUM,2
169340,0,GCF_014837015.1,Acinetobacter pecorum,Acinetobacter,Moraxellaceae,37.0,,,,92,TRYPTICASE SOY YEAST EXTRACT MEDIUM,1
169345,0,GCA_014836665,Luteimonas colneyensis,Luteimonas,Lysobacteraceae,37.0,,,,693|92,COLUMBIA BLOOD MEDIUM|TRYPTICASE SOY YEAST EXTRACT MEDIUM,2
169349,0,GCA_023130675,Acinetobacter radioresistens,Acinetobacter,Moraxellaceae,37.0,,,,92,TRYPTICASE SOY YEAST EXTRACT MEDIUM,1
169352,0,GCA_023130595,Acinetobacter radioresistens,Acinetobacter,Moraxellaceae,37.0,,,,92,TRYPTICASE SOY YEAST EXTRACT MEDIUM,1
169355,0,GCA_023127725,Acinetobacter radioresistens,Acinetobacter,Moraxellaceae,37.0,,,,92,TRYPTICASE SOY YEAST EXTRACT MEDIUM,1
169357,0,GCA_023127715,Acinetobacter radioresistens,Acinetobacter,Moraxellaceae,37.0,,,,92,TRYPTICASE SOY YEAST EXTRACT MEDIUM,1
169363,0,GCA_026229505,Acinetobacter radioresistens,Acinetobacter,Moraxellaceae,37.0,,,,92,TRYPTICASE SOY YEAST EXTRACT MEDIUM,1
169371,0,GCF_026391055.1,Spirosoma sp.,Spirosoma,Spirosomataceae,28.0,,,,830,R2A MEDIUM,1
169413,0,GCF_030219325.1,Geothrix sp.,Geothrix,Holophagaceae,28.0,,,,830,R2A MEDIUM,1
169416,0,GCA_019623905,Neotabrizicola shimadae,Neotabrizicola,Paracoccaceae,30.0,,,,830,R2A MEDIUM,1
169417,0,GCA_015689335,Massilia antarctica,Massilia,Oxalobacteraceae,20.0,,,,1|830,NUTRIENT AGAR|R2A MEDIUM,2
169440,0,GCA_007748135,Gimesia chilikensis,Gimesia,Planctomycetaceae,20.0,,,,,,0
169501,0,GCA_001735715,Flavobacteriaceae not further classified,Flavobacteriaceae,Flavobacteriaceae,20.0,,,,,,0
169511,0,GCA_000745185,Muricauda sp.,Muricauda,Flavobacteriaceae,20.0,,,,514,BACTO MARINE BROTH (DIFCO 2216),1
169551,0,GCA_007827275,Gillisia sp.,Gillisia,Flavobacteriaceae,12.0,,,,514,BACTO MARINE BROTH (DIFCO 2216),1
169601,0,GCA_007748015,Gimesia panareensis,Gimesia,Planctomycetaceae,28.0,,,,,,0
169609,0,GCA_002874355,Shewanella sp.,Shewanella,Shewanellaceae,25.0,,,,514,BACTO MARINE BROTH (DIFCO 2216),1
169622,0,GCF_900105445.1,Paraoerskovia marina,Paraoerskovia,Promicromonosporaceae,30.0,,,,92,TRYPTICASE SOY YEAST EXTRACT MEDIUM,1
169665,0,GCA_000687935,Polaribacter sp.,Polaribacter,Flavobacteriaceae,15.0,,,,514,BACTO MARINE BROTH (DIFCO 2216),1
169667,0,GCA_000766795,Polaribacter sp.,Polaribacter,Flavobacteriaceae,15.0,,,,514,BACTO MARINE BROTH (DIFCO 2216),1
169670,0,GCA_019278505,Polaribacter sp.,Polaribacter,Flavobacteriaceae,20.0,,,,514,BACTO MARINE BROTH (DIFCO 2216),1
169726,0,GCF_018401815.1,Nonlabens sp.,Nonlabens,Flavobacteriaceae,15.0,,,,514,BACTO MARINE BROTH (DIFCO 2216),1
169730,0,GCA_000828895,Serpentinimonas raichei,Serpentinimonas,Comamonadaceae,30.0,,,,,,0
169734,0,GCA_000828915,Serpentinimonas maccroryi,Serpentinimonas,Comamonadaceae,30.0,,,,,,0
169778,0,GCA_014836555,Oerskovia rustica,Oerskovia,Promicromonosporaceae,37.0,,,,92,TRYPTICASE SOY YEAST EXTRACT MEDIUM,1
169780,0,GCA_014836505,Psychrobacter communis,Psychrobacter,Moraxellaceae,37.0,,,,92,TRYPTICASE SOY YEAST EXTRACT MEDIUM,1
169807,0,GCA_003432485,Actinomadura spongiicola,Actinomadura,Thermomonosporaceae,28.0,,,,553|554,GPHF-MEDIUM|N-Z-AMINE-MEDIUM,2
169820,0,GCA_021738965,Gordonia zhenghanii,Gordonia,Gordoniaceae,28.0,,,,535,TRYPTICASE SOY BROTH AGAR,1
170384,0,GCF_022524345.1,Streptomyces marispadix,Streptomyces,Streptomycetaceae,28.0,,,,252|65|84,STARCH - MINERAL SALT - AGAR (STMS)|GYM STREPTOMYCES MEDIUM|ROLLED OATS MINERAL MEDIUM,3
170387,0,GCF_013870535.1,Streptomyces phytophilus,Streptomyces,Streptomycetaceae,28.0,,,,252|65,STARCH - MINERAL SALT - AGAR (STMS)|GYM STREPTOMYCES MEDIUM,2
170737,0,GCF_019204025.1,Erythrobacter ani,Erythrobacter,Erythrobacteraceae,30.0,,,,514,BACTO MARINE BROTH (DIFCO 2216),1
170738,0,GCF_019204045.1,Erythrobacter crassostreae,Erythrobacter,Erythrobacteraceae,30.0,,,,514,BACTO MARINE BROTH (DIFCO 2216),1
170808,0,GCF_019203985.1,Winogradskyella luteola,Winogradskyella,Flavobacteriaceae,28.0,,,,514,BACTO MARINE BROTH (DIFCO 2216),1
174379,0,GCF_019423325.1,Campylobacter sp.,Campylobacter,Campylobacteraceae,37.0,,,,693,COLUMBIA BLOOD MEDIUM,1
174383,0,GCF_001488575.1,Halobacterium hubeiense,Halobacterium,Halobacteriaceae,37.0,,,,pdf,,1
174394,0,GCF_030407435.1,Winogradskyella bathintestinalis,Winogradskyella,Flavobacteriaceae,25.0,,,,514,BACTO MARINE BROTH (DIFCO 2216),1
174404,0,GCF_047325105.1,Massilia cellulosiltytica,Massilia,Oxalobacteraceae,28.0,,,,830,R2A MEDIUM,1
174544,0,GCF_921010045.1,Aquimarina aquimarini,Aquimarina,Flavobacteriaceae,25.0,,,,514,BACTO MARINE BROTH (DIFCO 2216),1
174638,0,GCF_000196115.1,"Planctomycetia, not further classified","Planctomycetia, not further classified",Not assigned to family,28.0,,,,,,0
174712,0,GCF_031845365.1,Streptomyces litchfieldiae,Streptomyces,Streptomycetaceae,28.0,,,,514|65,BACTO MARINE BROTH (DIFCO 2216)|GYM STREPTOMYCES MEDIUM,2
174713,0,GCF_031845445.1,Streptomyces chisholmiae,Streptomyces,Streptomycetaceae,28.0,,,,514|535,BACTO MARINE BROTH (DIFCO 2216)|TRYPTICASE SOY BROTH AGAR,2
174719,0,GCF_031845585.1,Streptomyces evansiae,Streptomyces,Streptomycetaceae,28.0,,,,252|65,STARCH - MINERAL SALT - AGAR (STMS)|GYM STREPTOMYCES MEDIUM,2
174722,0,GCF_031845485.1,Streptomyces hazeniae,Streptomyces,Streptomycetaceae,28.0,,,,252|65|84,STARCH - MINERAL SALT - AGAR (STMS)|GYM STREPTOMYCES MEDIUM|ROLLED OATS MINERAL MEDIUM,3
174730,0,GCF_002216145.1,Neisseria chenwenguii,Neisseria,Neisseriaceae,37.0,,,,693,COLUMBIA BLOOD MEDIUM,1
174918,0,GCF_022968795.1,Desulfatitalea alkaliphila,Desulfatitalea,Desulfosarcinaceae,30.0,,,,,,0
174955,0,GCF_017163755.1,Xanthomonas sp.,Xanthomonas,Lysobacteraceae,25.0,,,,,,0
174977,0,GCF_046347455.1,Cellvibrio sp.,Cellvibrio,Cellvibrionaceae,28.0,,,,830,R2A MEDIUM,1
175105,0,GCF_000369885.1,Acinetobacter ursingii,Acinetobacter,Moraxellaceae,30.0,,,,92,TRYPTICASE SOY YEAST EXTRACT MEDIUM,1
175145,0,GCF_900105105.1,Maribacter dokdonensis,Maribacter,Flavobacteriaceae,20.0,,,,514,BACTO MARINE BROTH (DIFCO 2216),1
175195,0,GCF_900660745.1,Acholeplasma axanthum,Acholeplasma,Acholeplasmataceae,37.0,,,,1076b,SP4-Z MEDIUM,1
175228,0,GCF_900101965.1,Rhodospira trueperi,Rhodospira,Rhodospirillaceae,25.0,,,,,,0
175230,0,GCF_025446935.1,Acholeplasma vituli,Acholeplasma,Acholeplasmataceae,37.0,,,,1076b,SP4-Z MEDIUM,1
175336,0,GCF_032073645.1,Myroides sp.,Myroides,Flavobacteriaceae,30.0,,,,693|92,COLUMBIA BLOOD MEDIUM|TRYPTICASE SOY YEAST EXTRACT MEDIUM,2
175338,0,GCF_009884975.1,Acinetobacter dispersus,Acinetobacter,Moraxellaceae,37.0,,,,92,TRYPTICASE SOY YEAST EXTRACT MEDIUM,1
175399,0,GCF_905220995.1,Nitrospira defluvii,Nitrospira,Nitrospiraceae,28.0,,,,,,0
175404,0,GCF_000372805.1,Marinobacter gelidimuriae,Marinobacter,Alteromonadaceae,15.0,,,,514,BACTO MARINE BROTH (DIFCO 2216),1
175431,0,GCF_027158565.1,Oxalobacter aliiformigenes,Oxalobacter,Oxalobacteraceae,37.0,,,,,,0
175456,0,GCF_002787055.1,Candidatus Nitrosotenuis aquarius,Candidatus Nitrosotenuis,Not assigned to family,28.0,,,,pdf,,1
175499,0,GCF_029125915.1,Tenacibaculum bernardetii,Tenacibaculum,Flavobacteriaceae,20.0,,,,514,BACTO MARINE BROTH (DIFCO 2216),1
175524,0,GCF_030153405.1,Methanothermococcus sp.,Methanothermococcus,Methanococcaceae,65.0,,,,,,0
176264,0,GCF_020297055.1,Isoptericola luteus,Isoptericola,Promicromonosporaceae,28.0,,,,514|553|65|830|84,BACTO MARINE BROTH (DIFCO 2216)|GPHF-MEDIUM|GYM STREPTOMYCES MEDIUM|R2A MEDIUM|ROLLED OATS MINERAL MEDIUM,5
176327,0,GCF_019400875.1,Streptomyces anatolicus,Streptomyces,Streptomycetaceae,28.0,,,,252|65|84,STARCH - MINERAL SALT - AGAR (STMS)|GYM STREPTOMYCES MEDIUM|ROLLED OATS MINERAL MEDIUM,3
176411,0,GCF_041463655.1,Actinomadura monticuli,Actinomadura,Thermomonosporaceae,28.0,,,,554|65,N-Z-AMINE-MEDIUM|GYM STREPTOMYCES MEDIUM,2
176617,0,GCF_031348265.1,Streptomyces collinus,Streptomyces,Streptomycetaceae,28.0,,,,252|65|84,STARCH - MINERAL SALT - AGAR (STMS)|GYM STREPTOMYCES MEDIUM|ROLLED OATS MINERAL MEDIUM,3
176784,0,GCF_029210385.1,Desulfurivibrio dismutans,Desulfurivibrio,Desulfurivibrionaceae,30.0,,,,,,0
176914,0,GCF_900102225.1,Eubacterium pyruvativorans,Eubacterium,Eubacteriaceae,37.0,,,,1203a,FASTIDIOUS ANAEROBE BROTH,1
176922,0,GCF_039539665.1,Actinomadura keratinilytica,Actinomadura,Thermomonosporaceae,45.0,,,,65,GYM STREPTOMYCES MEDIUM,1
177030,0,GCF_023336755.1,Roseinatronobacter domitianus,Roseinatronobacter,Paracoccaceae,28.0,,,,514,BACTO MARINE BROTH (DIFCO 2216),1
177057,0,GCF_023241745.1,Isoptericola peretonis,Isoptericola,Promicromonosporaceae,28.0,,,,514|535|65,BACTO MARINE BROTH (DIFCO 2216)|TRYPTICASE SOY BROTH AGAR|GYM STREPTOMYCES MEDIUM,3
177058,0,GCF_042510955.1,Streptacidiphilus cavernicola,Streptacidiphilus,Streptomycetaceae,28.0,,,,65|84,GYM STREPTOMYCES MEDIUM|ROLLED OATS MINERAL MEDIUM,2
177065,0,GCF_045519255.1,Streptomyces okerensis,Streptomyces,Streptomycetaceae,28.0,,,,65,GYM STREPTOMYCES MEDIUM,1
177066,0,GCF_045822005.1,Streptomyces stoeckheimensis,Streptomyces,Streptomycetaceae,28.0,,,,252|65|84,STARCH - MINERAL SALT - AGAR (STMS)|GYM STREPTOMYCES MEDIUM|ROLLED OATS MINERAL MEDIUM,3
177093,0,GCF_025665295.1,Streptomyces explomaris,Streptomyces,Streptomycetaceae,28.0,,,,252|65|84,STARCH - MINERAL SALT - AGAR (STMS)|GYM STREPTOMYCES MEDIUM|ROLLED OATS MINERAL MEDIUM,3
339,1,GCA_001571085,Azohydromonas lata,Azohydromonas,Sphaerotilaceae,30.0,,0.0,,1|81|830,NUTRIENT AGAR|MINERAL MEDIUM FOR CHEMOLITHOTROPHIC GROWTH (H-3)|R2A MEDIUM,3
341,1,GCA_000430725,Azohydromonas australica,Azohydromonas,Sphaerotilaceae,30.0,,,facultative anaerobe,1|81|830,NUTRIENT AGAR|MINERAL MEDIUM FOR CHEMOLITHOTROPHIC GROWTH (H-3)|R2A MEDIUM,3
441,1,GCA_000280055,Alishewanella aestuarii,Alishewanella,Chromatiaceae,37.0,,5.0,aerobe,220,CASO AGAR (Merck 105458),1
468,1,GCA_041447265,Microbulbifer epialgicus,Microbulbifer,Microbulbiferaceae,30.0,7.5,2.0,aerobe,514,BACTO MARINE BROTH (DIFCO 2216),1
469,1,GCA_014904815,Microbulbifer taiwanensis,Microbulbifer,Microbulbiferaceae,28.0,,3.5,,514,BACTO MARINE BROTH (DIFCO 2216),1
1119,1,GCA_000011145,Halalkalibacterium halodurans,Halalkalibacterium,Halomonadaceae,33.5,,,,31,ALKALINE NUTRIENT AGAR,1
1394,1,GCA_012396605,Ureibacillus thermosphaericus,Ureibacillus,Caryophanaceae,42.5,,5.0,aerobe,535,TRYPTICASE SOY BROTH AGAR,1
1396,1,GCF_006569205.1,Ureibacillus terrenus,Ureibacillus,Caryophanaceae,55.0,,,aerobe,220,CASO AGAR (Merck 105458),1
1400,1,GCF_003856865.1,Ureibacillus composti,Ureibacillus,Caryophanaceae,49.25,,,,220,CASO AGAR (Merck 105458),1
1511,1,GCA_000829445,Jeotgalibacillus alimentarius,Jeotgalibacillus,Caryophanaceae,32.5,7.5,14.5,facultative anaerobe,514,BACTO MARINE BROTH (DIFCO 2216),1
1514,1,GCA_000829435,Jeotgalibacillus soli,Jeotgalibacillus,Caryophanaceae,33.5,8.25,,aerobe,31|830,ALKALINE NUTRIENT AGAR|R2A MEDIUM,2
1529,1,GCA_015335425,Lysinibacillus sphaericus,Lysinibacillus,Caryophanaceae,30.0,,,,220,CASO AGAR (Merck 105458),1
1531,1,GCA_036221385,Lysinibacillus sphaericus,Lysinibacillus,Caryophanaceae,30.0,,,,,,0
1532,1,GCA_000427235,Lysinibacillus sphaericus,Lysinibacillus,Caryophanaceae,30.0,,,aerobe,1,NUTRIENT AGAR,1
1542,1,GCA_001281525,Lysinibacillus macroides,Lysinibacillus,Caryophanaceae,30.0,8.0,,aerobe,1,NUTRIENT AGAR,1
1566,1,GCA_900114885,Psychrobacillus psychrodurans,Psychrobacillus,Caryophanaceae,25.0,,,obligate aerobe,220,CASO AGAR (Merck 105458),1
1568,1,GCA_900115805,Psychrobacillus psychrotolerans,Psychrobacillus,Caryophanaceae,25.0,,2.0,obligate aerobe,220,CASO AGAR (Merck 105458),1
1584,1,GCF_000025985.1,Bacteroides fragilis,Bacteroides,Bacteroidaceae,37.0,,,anaerobe,1203a|693|78,FASTIDIOUS ANAEROBE BROTH|COLUMBIA BLOOD MEDIUM|CHOPPED MEAT MEDIUM,3
1589,1,GCA_020297585,Bacteroides fragilis,Bacteroides,Bacteroidaceae,37.0,,,anaerobe,104|1203a|693|78,PYG MEDIUM (modified)|FASTIDIOUS ANAEROBE BROTH|COLUMBIA BLOOD MEDIUM|CHOPPED MEAT MEDIUM,4
1590,1,GCA_003096855,Bacteroides galacturonicus,Bacteroides,Bacteroidaceae,37.0,,,anaerobe,,,0
1591,1,GCA_000186225,Bacteroides helcogenes,Bacteroides,Bacteroidaceae,37.0,,,anaerobe,104|110|693,PYG MEDIUM (modified)|CHOPPED MEAT MEDIUM WITH CARBOHYDRATES|COLUMBIA BLOOD MEDIUM,3
1592,1,GCA_001314995,Bacteroides ovatus,Bacteroides,Bacteroidaceae,37.0,,,anaerobe,1203a|693|78,FASTIDIOUS ANAEROBE BROTH|COLUMBIA BLOOD MEDIUM|CHOPPED MEAT MEDIUM,3
1594,1,GCA_000428105,Bacteroides pyogenes,Bacteroides,Bacteroidaceae,37.0,,,anaerobe,104|78,PYG MEDIUM (modified)|CHOPPED MEAT MEDIUM,2
1598,1,GCF_041404225.1,Bacteroides sp.,Bacteroides,Bacteroidaceae,37.0,,,anaerobe,693|78,COLUMBIA BLOOD MEDIUM|CHOPPED MEAT MEDIUM,2
1599,1,GCA_014131755,Bacteroides thetaiotaomicron,Bacteroides,Bacteroidaceae,37.0,,,anaerobe,1203a|693|78,FASTIDIOUS ANAEROBE BROTH|COLUMBIA BLOOD MEDIUM|CHOPPED MEAT MEDIUM,3
1604,1,GCA_900896415,Bacteroides uniformis,Bacteroides,Bacteroidaceae,37.0,,,anaerobe,1203a|693|78,FASTIDIOUS ANAEROBE BROTH|COLUMBIA BLOOD MEDIUM|CHOPPED MEAT MEDIUM,3
1606,1,GCA_000613385,Bacteroides acidifaciens,Bacteroides,Bacteroidaceae,37.0,,,anaerobe,693|78,COLUMBIA BLOOD MEDIUM|CHOPPED MEAT MEDIUM,2
1609,1,GCA_000172175,Bacteroides intestinalis,Bacteroides,Bacteroidaceae,37.0,7.0,,anaerobe,1203a|693,FASTIDIOUS ANAEROBE BROTH|COLUMBIA BLOOD MEDIUM,2
1610,1,GCA_000156195,Bacteroides finegoldii,Bacteroides,Bacteroidaceae,37.0,7.0,,anaerobe,104|78,PYG MEDIUM (modified)|CHOPPED MEAT MEDIUM,2
1613,1,GCA_000212915,Bacteroides coprosuis,Bacteroides,Bacteroidaceae,37.0,,,anaerobe,104,PYG MEDIUM (modified),1
1614,1,GCA_000374585,Phocaeicola barnesiae,Phocaeicola,Bacteroidaceae,37.0,,,anaerobe,,,0
1615,1,GCA_000190575,Phocaeicola salanitronis,Phocaeicola,Bacteroidaceae,37.0,,,anaerobe,110|693,CHOPPED MEAT MEDIUM WITH CARBOHYDRATES|COLUMBIA BLOOD MEDIUM,2
1618,1,GCA_900624775,Bacteroides stercoris,Bacteroides,Bacteroidaceae,37.0,,,anaerobe,693|78,COLUMBIA BLOOD MEDIUM|CHOPPED MEAT MEDIUM,2
1621,1,GCA_000375405,Bacteroides propionicifaciens,Bacteroides,Bacteroidaceae,30.0,7.9,1.0,anaerobe,693|78,COLUMBIA BLOOD MEDIUM|CHOPPED MEAT MEDIUM,2
1625,1,GCA_000613805,Phocaeicola paurosaccharolyticus,Phocaeicola,Bacteroidaceae,35.0,7.7,1.0,anaerobe,78,CHOPPED MEAT MEDIUM,1
1654,1,GCF_001887265.1,Chelatococcus daeguensis,Chelatococcus,Chelatococcaceae,33.5,7.25,,aerobe,535,TRYPTICASE SOY BROTH AGAR,1
1786,1,GCA_900168195,Bosea thiooxidans,Bosea,Boseaceae,31.0,7.75,,facultative aerobe,545,TRYPTONE SOYA BROTH (TSB),1
1790,1,GCA_042655345,Bosea vestrisii,Bosea,Boseaceae,30.0,,,aerobe,830,R2A MEDIUM,1
1791,1,GCA_900108245,Bosea lathyri,Bosea,Boseaceae,28.0,,,aerobe,1a,REACTIVATION WITH LIQUID MEDIUM 1,1
2289,1,GCA_001700325,Caryophanon latum,Caryophanon,Caryophanaceae,30.0,,,,,,0
2293,1,GCA_001700315,Caryophanon tenue,Caryophanon,Caryophanaceae,30.0,,,,,,0
2389,1,GCF_000008725.1,Chlamydia trachomatis,Chlamydia,Chlamydiaceae,37.0,,,,,,0
2393,1,GCA_000093005,Chlamydia trachomatis,Chlamydia,Chlamydiaceae,37.0,,,,,,0
2394,1,GCF_000007205.1,Chlamydia pneumoniae,Chlamydia,Chlamydiaceae,37.0,,,,,,0
2424,1,GCA_000025485,Allochromatium vinosum,Allochromatium,Chromatiaceae,25.0,,,anaerobe,,,0
2434,1,GCF_900107145.1,Allochromatium warmingii,Allochromatium,Chromatiaceae,25.0,,,anaerobe,,,0
2448,1,GCA_021457485,Marichromatium gracile,Marichromatium,Chromatiaceae,28.0,,,anaerobe,,,0
2449,1,GCA_000224005,Marichromatium purpuratum,Marichromatium,Chromatiaceae,28.0,,,anaerobe,,,0
2450,1,GCF_000224005.2,Marichromatium purpuratum,Marichromatium,Chromatiaceae,28.0,,,anaerobe,,,0
2456,1,GCA_000711985,Rheinheimera texasensis,Rheinheimera,Chromatiaceae,33.5,7.75,,anaerobe,830,R2A MEDIUM,1
2461,1,GCF_021290985.1,Rheinheimera soli,Rheinheimera,Chromatiaceae,27.5,7.25,,facultative aerobe,830,R2A MEDIUM,1
2464,1,GCF_004342175.1,Thiobaca trueperi,Thiobaca,Chromatiaceae,25.0,,,anaerobe,,,0
2465,1,GCF_016583835.1,Thiococcus pfennigii,Thiococcus,Chromatiaceae,28.0,,,anaerobe,,,0
2467,1,GCA_016583935,Thiococcus pfennigii,Thiococcus,Chromatiaceae,25.0,,,anaerobe,,,0
2471,1,GCA_000224065,Thiorhodococcus drewsii,Thiorhodococcus,Chromatiaceae,30.0,,,,,,0
2480,1,GCF_900106925.1,Thiocapsa roseopersicina,Thiocapsa,Chromatiaceae,25.0,,,anaerobe,,,0
2481,1,GCA_000223985,Thiocapsa marina,Thiocapsa,Chromatiaceae,32.5,7.3,1.5,anaerobe,,,0
2488,1,GCA_016583565,Thiocystis violacea,Thiocystis,Chromatiaceae,25.0,,,anaerobe,,,0
2526,1,GCA_900129995,Caloranaerobacter azorensis,Caloranaerobacter,Thermohalobacteraceae,65.0,,,anaerobe,,,0
2741,1,GCA_000699585,Peptoclostridium litorale,Peptoclostridium,Peptostreptococcaceae,28.75,7.25,,anaerobe,,,0
3031,1,GCA_004362405,Kinneretia asaccharophila,Kinneretia,Sphaerotilaceae,28.5,,0.5,aerobe,1a,REACTIVATION WITH LIQUID MEDIUM 1,1
3273,1,GCF_000335475.2,Cystobacter fuscus,Cystobacter,Archangiaceae,28.0,,,,9,VY/2 AGAR,1
3281,1,GCA_002305875,Cystobacter fuscus,Cystobacter,Archangiaceae,28.0,,,,9,VY/2 AGAR,1
3484,1,GCA_020103725,Cystobacter gracilis,Cystobacter,Archangiaceae,30.0,,,,9,VY/2 AGAR,1
3609,1,GCF_000737315.1,Hyalangium minutum,Hyalangium,Archangiaceae,30.0,,,,9,VY/2 AGAR,1
3610,1,GCA_000737315,Hyalangium minutum,Hyalangium,Archangiaceae,30.0,,,,9,VY/2 AGAR,1
3685,1,GCA_900109545,Stigmatella aurantiaca,Stigmatella,Archangiaceae,30.0,,,,9,VY/2 AGAR,1
3696,1,GCF_020103775.1,Stigmatella hybrida,Stigmatella,Archangiaceae,30.0,,,,9,VY/2 AGAR,1
3709,1,GCF_900111745.1,Stigmatella erecta,Stigmatella,Archangiaceae,28.0,,,,9,VY/2 AGAR,1
3832,1,GCA_000473765,Rhodonellum psychrophilum,Rhodonellum,Cyclobacteriaceae,16.5,,,,830,R2A MEDIUM,1
3908,1,GCA_039526185,Brachybacterium rhamnosum,Brachybacterium,Dermabacteraceae,28.0,,,obligate aerobe,92,TRYPTICASE SOY YEAST EXTRACT MEDIUM,1
3909,1,GCA_042655225,Brachybacterium alimentarium,Brachybacterium,Dermabacteraceae,28.0,,,aerobe,92,TRYPTICASE SOY YEAST EXTRACT MEDIUM,1
3914,1,GCA_016907455,Brachybacterium muris,Brachybacterium,Dermabacteraceae,34.0,,,obligate aerobe,693|92,COLUMBIA BLOOD MEDIUM|TRYPTICASE SOY YEAST EXTRACT MEDIUM,2
3969,1,GCA_000422285,Desulfatiglans anilini,Desulfatiglans,Desulfatiglandaceae,35.0,,,anaerobe,,,0
3983,1,GCF_041737845.1,Desulfococcus sp.,Desulfococcus,Desulfococcaceae,28.0,,,anaerobe,,,0
4008,1,GCF_031280615.1,Desulfobulbus sp.,Desulfobulbus,Desulfobulbaceae,30.0,,,anaerobe,,,0
4015,1,GCA_000429945,Desulfogranum japonicum,Desulfogranum,Desulfobulbaceae,35.0,6.7,3.0,anaerobe,,,0
4041,1,GCA_001311565,Desulfothermus okinawensis,Desulfothermus,Desulfothermaceae,50.0,6.15,2.5,anaerobe,,,0
4067,1,GCA_900104215,Desulfonatronum thiosulfatophilum,Desulfonatronum,Desulfonatronaceae,30.0,,,anaerobe,,,0
4268,1,GCA_003664325,Alkalispirillum mobile,Alkalispirillum,Ectothiorhodospiraceae,37.0,,,,,,0
4271,1,GCF_900114895.1,Ectothiorhodospira mobilis,Ectothiorhodospira,Ectothiorhodospiraceae,25.0,,,anaerobe,,,0
4279,1,GCF_022227625.1,Ectothiorhodospira variabilis,Ectothiorhodospira,Ectothiorhodospiraceae,32.5,9.25,6.5,anaerobe,,,0
4289,1,GCA_000227685,Thioalkalivibrio paradoxus,Thioalkalivibrio,Ectothiorhodospiraceae,30.0,,,,,,0
4295,1,GCA_001995255,Thioalkalivibrio halophilus,Thioalkalivibrio,Ectothiorhodospiraceae,30.0,,,anaerobe,,,0
4296,1,GCA_000321415,Thioalkalivibrio nitratireducens,Thioalkalivibrio,Ectothiorhodospiraceae,30.0,,,,,,0
4301,1,GCA_900110585,Aquisalimonas asiatica,Aquisalimonas,Ectothiorhodospiraceae,37.0,8.0,8.5,facultative aerobe,,,0
4308,1,GCA_003315515,Brenneria salicis,Brenneria,Pectobacteriaceae,25.5,,,aerobe,1,NUTRIENT AGAR,1
4346,1,GCA_000406105,Dickeya chrysanthemi,Dickeya,Pectobacteriaceae,30.0,,,aerobe,1a,REACTIVATION WITH LIQUID MEDIUM 1,1
4983,1,GCA_900706815,Moellerella wisconsensis,Moellerella,Morganellaceae,37.0,,,aerobe,1,NUTRIENT AGAR,1
4988,1,GCA_040560245,Morganella morganii subsp. sibonii,Morganella,Morganellaceae,33.5,,,facultative anaerobe,220,CASO AGAR (Merck 105458),1
5024,1,GCF_013488025.1,Pectobacterium carotovorum,Pectobacterium,Pectobacteriaceae,26.0,,,,1a,REACTIVATION WITH LIQUID MEDIUM 1,1
5032,1,GCA_001083805,Photorhabdus luminescens,Photorhabdus,Morganellaceae,30.0,,,facultative anaerobe,1|535|545|830,NUTRIENT AGAR|TRYPTICASE SOY BROTH AGAR|TRYPTONE SOYA BROTH (TSB)|R2A MEDIUM,4
5035,1,GCA_018448925,Photorhabdus akhurstii,Photorhabdus,Morganellaceae,30.0,,,facultative anaerobe,,,0
5037,1,GCF_003343245.1,Photorhabdus laumondii,Photorhabdus,Morganellaceae,30.0,,,,1|220,NUTRIENT AGAR|CASO AGAR (Merck 105458),2
5045,1,GCA_000711895,Photorhabdus australis,Photorhabdus,Morganellaceae,30.0,,,facultative anaerobe,535|693|92,TRYPTICASE SOY BROTH AGAR|COLUMBIA BLOOD MEDIUM|TRYPTICASE SOY YEAST EXTRACT MEDIUM,3
5048,1,GCA_011189575,Photorhabdus cinerea,Photorhabdus,Morganellaceae,28.0,7.0,,aerobe,830,R2A MEDIUM,1
5049,1,GCA_018448885,Photorhabdus caribbeanensis,Photorhabdus,Morganellaceae,29.0,,,obligate aerobe,1|535,NUTRIENT AGAR|TRYPTICASE SOY BROTH AGAR,2
5050,1,GCA_018448965,Photorhabdus hainanensis,Photorhabdus,Morganellaceae,29.0,,,facultative anaerobe,1a,REACTIVATION WITH LIQUID MEDIUM 1,1
5053,1,GCA_011189495,Photorhabdus stackebrandtii,Photorhabdus,Morganellaceae,28.0,,,,,,0
5070,1,GCA_020097355,Proteus vulgaris,Proteus,Morganellaceae,37.0,,,,693|92,COLUMBIA BLOOD MEDIUM|TRYPTICASE SOY YEAST EXTRACT MEDIUM,2
5077,1,GCA_000158055,Providencia rettgeri,Providencia,Morganellaceae,37.0,,,,1|693,NUTRIENT AGAR|COLUMBIA BLOOD MEDIUM,2
5081,1,GCF_900637755.1,Providencia rustigianii,Providencia,Morganellaceae,36.0,,,,1,NUTRIENT AGAR,1
5084,1,GCA_900455155,Providencia stuartii,Providencia,Morganellaceae,30.0,,,facultative anaerobe,693|92,COLUMBIA BLOOD MEDIUM|TRYPTICASE SOY YEAST EXTRACT MEDIUM,2
5203,1,GCA_900113945,Xenorhabdus mauleonii,Xenorhabdus,Morganellaceae,28.0,,,facultative anaerobe,535,TRYPTICASE SOY BROTH AGAR,1
5204,1,GCA_000968195,Xenorhabdus doucetiae,Xenorhabdus,Morganellaceae,28.0,,,facultative anaerobe,535,TRYPTICASE SOY BROTH AGAR,1
5235,1,GCA_900111395,Thorsellia anophelis,Thorsellia,Thorselliaceae,30.0,7.0,,aerobe,1|381|545,NUTRIENT AGAR|LB (Luria-Bertani) MEDIUM|TRYPTONE SOYA BROTH (TSB),3
5251,1,GCA_900107885,Lonsdalea quercina,Lonsdalea,Pectobacteriaceae,26.5,,,aerobe,1,NUTRIENT AGAR,1
5454,1,GCA_000148645,Ferrimonas balearica,Ferrimonas,Ferrimonadaceae,28.0,,,,514,BACTO MARINE BROTH (DIFCO 2216),1
5455,1,GCA_900129905,Ferrimonas marina,Ferrimonas,Ferrimonadaceae,27.0,7.5,3.0,aerobe,514,BACTO MARINE BROTH (DIFCO 2216),1
5901,1,GCA_000337755,Haloarcula sp.,Haloarcula,Haloarculaceae,37.0,,,,,,0
5916,1,GCA_000336695,Halococcus morrhuae,Halococcus,Halococcaceae,37.0,,,,,,0
5917,1,GCF_052043925.1,Halococcus morrhuae,Halococcus,Halococcaceae,37.0,,,,,,0
5923,1,GCA_000336915,Halococcus saccharolyticus,Halococcus,Halococcaceae,37.0,,,,,,0
6001,1,GCA_023061285,Chromohalobacter nigrandesensis,Chromohalobacter,Halomonadaceae,32.0,7.0,7.5,aerobe,514,BACTO MARINE BROTH (DIFCO 2216),1
6011,1,GCA_000196875,Halomonas elongata,Halomonas,Halomonadaceae,27.5,,,obligate aerobe,514,BACTO MARINE BROTH (DIFCO 2216),1
6014,1,GCA_000620045,Halomonas halodenitrificans,Halomonas,Halomonadaceae,25.0,,,,,,0
6017,1,GCA_007989625,Halomonas pacifica,Halomonas,Halomonadaceae,25.5,,,obligate aerobe,514,BACTO MARINE BROTH (DIFCO 2216),1
6028,1,GCF_900108215.1,Halomonas desiderata,Halomonas,Halomonadaceae,30.0,,,obligate aerobe,514,BACTO MARINE BROTH (DIFCO 2216),1
6032,1,GCA_900102945,Halomonas muralis,Halomonas,Halomonadaceae,28.0,,,obligate aerobe,514,BACTO MARINE BROTH (DIFCO 2216),1
6038,1,GCA_019903445,Halomonas neptunia,Halomonas,Halomonadaceae,30.0,7.5,2.5,facultative aerobe,514,BACTO MARINE BROTH (DIFCO 2216),1
6039,1,GCA_007182875,Halomonas sulfidaeris,Halomonas,Halomonadaceae,27.5,7.5,2.5,facultative aerobe,514,BACTO MARINE BROTH (DIFCO 2216),1
6042,1,GCA_004363555,Halomonas ventosae,Halomonas,Halomonadaceae,32.5,8.0,8.0,aerobe,514,BACTO MARINE BROTH (DIFCO 2216),1
6043,1,GCA_000409775,Halomonas anticariensis,Halomonas,Halomonadaceae,32.5,7.5,7.5,aerobe,514,BACTO MARINE BROTH (DIFCO 2216),1
6050,1,GCA_031451615,Halomonas janggokensis,Halomonas,Halomonadaceae,27.5,7.5,,aerobe,830,R2A MEDIUM,1
6051,1,GCA_031451645,Halomonas gomseomensis,Halomonas,Halomonadaceae,27.5,7.5,,aerobe,830,R2A MEDIUM,1
6055,1,GCA_900104135,Halomonas shengliensis,Halomonas,Halomonadaceae,30.0,8.5,,aerobe,514,BACTO MARINE BROTH (DIFCO 2216),1
6058,1,GCA_900103865,Halomonas arcis,Halomonas,Halomonadaceae,30.0,7.5,3.0,aerobe,514,BACTO MARINE BROTH (DIFCO 2216),1
6060,1,GCA_900116705,Halomonas korlensis,Halomonas,Halomonadaceae,30.0,8.75,,facultative anaerobe,514,BACTO MARINE BROTH (DIFCO 2216),1
6061,1,GCA_016107625,Halomonas alkaliphila,Halomonas,Halomonadaceae,37.0,,,,,,0
6064,1,GCA_030409265,Halomonas sabkhae,Halomonas,Halomonadaceae,38.5,7.5,7.5,,514,BACTO MARINE BROTH (DIFCO 2216),1
6066,1,GCA_031451685,Halomonas mongoliensis,Halomonas,Halomonadaceae,36.0,,,,514,BACTO MARINE BROTH (DIFCO 2216),1
6067,1,GCA_014192215,Halomonas cerina,Halomonas,Halomonadaceae,26.0,8.5,7.5,aerobe,,,0
6069,1,GCA_001662305,Halomonas caseinilytica,Halomonas,Halomonadaceae,30.0,7.5,4.0,aerobe,,,0
6073,1,GCA_014651775,Halomonas hamiltonii,Halomonas,Halomonadaceae,32.5,8.5,6.25,aerobe,545,TRYPTONE SOYA BROTH (TSB),1
6078,1,GCA_001662285,Halomonas caseinilytica,Halomonas,Halomonadaceae,37.0,,,,,,0
6082,1,GCA_002157205,Kushneria marisflavi,Kushneria,Halomonadaceae,25.0,,,obligate aerobe,514,BACTO MARINE BROTH (DIFCO 2216),1
6102,1,GCA_004295525,Helicobacter pylori,Helicobacter,Helicobacteraceae,37.0,,,microaerophile,693,COLUMBIA BLOOD MEDIUM,1
6107,1,GCA_003364255,Helicobacter marmotae,Helicobacter,Helicobacteraceae,37.0,,,anaerobe,693,COLUMBIA BLOOD MEDIUM,1
6108,1,GCF_039555295.1,Helicobacter mastomyrinus,Helicobacter,Helicobacteraceae,37.0,,,anaerobe,693,COLUMBIA BLOOD MEDIUM,1
6110,1,GCA_001283005,Helicobacter heilmannii,Helicobacter,Helicobacteraceae,37.0,,,microaerophile,,,0
6112,1,GCA_000183725,Sulfuricurvum kujiense,Sulfuricurvum,Helicobacteraceae,25.0,7.0,,anaerobe,,,0
6114,1,GCA_000147355,Sulfurimonas autotrophica,Sulfurimonas,Helicobacteraceae,24.0,,,microaerophile,,,0
6116,1,GCA_000196135,Wolinella succinogenes,Wolinella,Helicobacteraceae,37.0,,,anaerobe,,,0
6137,1,GCF_054657095.1,Hydrogenophilus islandicus,Hydrogenophilus,Hydrogenophilaceae,55.0,7.0,,aerobe,81,MINERAL MEDIUM FOR CHEMOLITHOTROPHIC GROWTH (H-3),1
6138,1,GCA_006503695,Tepidiphilus succinatimandens,Tepidiphilus,Hydrogenophilaceae,55.0,6.9,0.5,aerobe,,,0
6139,1,GCA_000425565,Tepidiphilus margaritifer,Tepidiphilus,Hydrogenophilaceae,50.0,,,,381,LB (Luria-Bertani) MEDIUM,1
6141,1,GCF_054961475.1,Thiobacillus denitrificans,Thiobacillus,Thiobacillaceae,30.0,,,facultative anaerobe,,,0
6148,1,GCA_000754095,Acidihalobacter prosperus,Acidihalobacter,Ectothiorhodospiraceae,35.0,,,,,,0
6149,1,GCA_001753165,Acidihalobacter aeolianus,Acidihalobacter,Ectothiorhodospiraceae,36.0,1.8,0.428,aerobe,,,0
6151,1,GCF_055378705.1,Thiobacillus thiophilus,Thiobacillus,Thiobacillaceae,27.5,7.9,1.0,facultative anaerobe,,,0
6152,1,GCA_000297055,Sulfuricella denitrificans,Sulfuricella,Sulfuricellaceae,22.0,7.75,,microaerophile,,,0
6156,1,GCA_030814815,Angulomicrobium amanitiforme,Angulomicrobium,Xanthobacteraceae,29.0,6.9,,aerobe,1|830,NUTRIENT AGAR|R2A MEDIUM,2
6807,1,GCA_000332495,Leptospira terpstrae,Leptospira,Leptospiraceae,27.0,,,aerobe,,,0
6809,1,GCA_000266885,Turneriella parva,Turneriella,Leptospiraceae,30.0,,,,,,0
7057,1,GCA_020685265,Methanimicrococcus blatticola,Methanimicrococcus,Methanosarcinaceae,36.0,,,anaerobe,,,0
7059,1,GCF_030594565.1,Methanococcoides sp.,Methanococcoides,Methanosarcinaceae,37.0,,,anaerobe,,,0
7069,1,GCF_002761295.1,Methanohalophilus portucalensis,Methanohalophilus,Methanosarcinaceae,37.0,,,anaerobe,,,0
7074,1,GCA_900177455,Methanohalophilus portucalensis,Methanohalophilus,Methanosarcinaceae,37.0,,,anaerobe,,,0
7082,1,GCA_013388255,Methanolobus zinderi,Methanolobus,Methanosarcinaceae,37.0,,,anaerobe,,,0
7086,1,GCA_000007345,Methanosarcina acetivorans,Methanosarcina,Methanosarcinaceae,37.0,,,anaerobe,,,0
7089,1,GCF_054813645.1,Methanosarcina sp.,Methanosarcina,Methanosarcinaceae,35.0,,,anaerobe,,,0
7090,1,GCF_000970025.1,Methanosarcina barkeri,Methanosarcina,Methanosarcinaceae,35.0,,,anaerobe,,,0
7091,1,GCA_000970065,Methanosarcina barkeri,Methanosarcina,Methanosarcinaceae,37.0,,,anaerobe,,,0
7094,1,GCA_000969985,Methanosarcina barkeri,Methanosarcina,Methanosarcinaceae,30.0,,,anaerobe,,,0
7107,1,GCA_000970185,Methanosarcina mazei,Methanosarcina,Methanosarcinaceae,37.0,,,anaerobe,,,0
7110,1,GCA_000969945,Methanosarcina sp.,Methanosarcina,Methanosarcinaceae,30.0,,,anaerobe,,,0
7121,1,GCA_000969885,Methanosarcina thermophila,Methanosarcina,Methanosarcinaceae,50.0,,,anaerobe,,,0
7123,1,GCA_000969925,Methanosarcina thermophila,Methanosarcina,Methanosarcinaceae,55.0,,,anaerobe,,,0
7130,1,GCF_000970265.1,Methanosarcina lacustris,Methanosarcina,Methanosarcinaceae,25.0,,,anaerobe,,,0
7209,1,GCA_000214665,Methylomonas methanica,Methylomonas,Methylococcaceae,28.0,,,,,,0
7210,1,GCA_000372865,Methylosarcina fibrata,Methylosarcina,Methylococcaceae,30.0,,,aerobe,,,0
7248,1,GCA_900177685,Agreia pratensis,Agreia,Microbacteriaceae,28.0,,,obligate aerobe,92,TRYPTICASE SOY YEAST EXTRACT MEDIUM,1
7254,1,GCF_900114805.1,Agrococcus baldri,Agrococcus,Microbacteriaceae,28.0,,,,92,TRYPTICASE SOY YEAST EXTRACT MEDIUM,1
7257,1,GCA_039531815,Agrococcus versicolor,Agrococcus,Microbacteriaceae,24.5,7.0,,aerobe,92,TRYPTICASE SOY YEAST EXTRACT MEDIUM,1
7258,1,GCA_900099705,Agrococcus jejuensis,Agrococcus,Microbacteriaceae,30.0,7.0,,aerobe,92,TRYPTICASE SOY YEAST EXTRACT MEDIUM,1
7260,1,GCA_004216665,Agromyces ramosus,Agromyces,Microbacteriaceae,28.0,,0.0,microaerophile,830,R2A MEDIUM,1
7261,1,GCA_900142065,Agromyces cerinus subsp. cerinus,Agromyces,Microbacteriaceae,28.0,,,obligate aerobe,92,TRYPTICASE SOY YEAST EXTRACT MEDIUM,1
7268,1,GCF_027925245.1,Agromyces rhizosphaerae,Agromyces,Microbacteriaceae,28.0,,,microaerophile,,,0
7280,1,GCA_009749465,Agromyces terreus,Agromyces,Microbacteriaceae,25.0,7.5,0.75,aerobe,92,TRYPTICASE SOY YEAST EXTRACT MEDIUM,1
7293,1,GCF_000069225.1,Clavibacter sepedonicus,Clavibacter,Microbacteriaceae,27.5,,,,830|92,R2A MEDIUM|TRYPTICASE SOY YEAST EXTRACT MEDIUM,2
7299,1,GCA_002240635,Clavibacter tessellarius,Clavibacter,Microbacteriaceae,28.0,,,,92,TRYPTICASE SOY YEAST EXTRACT MEDIUM,1
7300,1,GCF_014802555.1,Clavibacter sp.,Clavibacter,Microbacteriaceae,30.0,,,,92,TRYPTICASE SOY YEAST EXTRACT MEDIUM,1
7306,1,GCA_004402515,Cryobacterium luteum,Cryobacterium,Microbacteriaceae,10.0,,,aerobe,,,0
7307,1,GCA_013359825,Curtobacterium albidum,Curtobacterium,Microbacteriaceae,28.0,,5.0,,53,CORYNEBACTERIUM AGAR,1
7308,1,GCA_014646735,Curtobacterium citreum,Curtobacterium,Microbacteriaceae,28.0,,5.0,,53,CORYNEBACTERIUM AGAR,1
7309,1,GCA_019448195,Curtobacterium flaccumfaciens,Curtobacterium,Microbacteriaceae,30.0,,,,53,CORYNEBACTERIUM AGAR,1
7312,1,GCA_018598335,Curtobacterium flaccumfaciens,Curtobacterium,Microbacteriaceae,27.5,,,facultative anaerobe,53,CORYNEBACTERIUM AGAR,1
7319,1,GCA_003710245,Curtobacterium plantarum,Curtobacterium,Microbacteriaceae,29.0,,,facultative anaerobe,92,TRYPTICASE SOY YEAST EXTRACT MEDIUM,1
7320,1,GCA_016907335,Curtobacterium herbarum,Curtobacterium,Microbacteriaceae,28.0,,,obligate aerobe,92,TRYPTICASE SOY YEAST EXTRACT MEDIUM,1
7332,1,GCA_006716695,Klugiella xanthotipulae,Klugiella,Microbacteriaceae,28.0,8.0,,aerobe,92,TRYPTICASE SOY YEAST EXTRACT MEDIUM,1
7340,1,GCA_013410375,Leifsonia shinshuensis,Leifsonia,Microbacteriaceae,30.0,,,aerobe,92,TRYPTICASE SOY YEAST EXTRACT MEDIUM,1
7345,1,GCA_039531715,Pseudolysinimonas kribbensis,Pseudolysinimonas,Microbacteriaceae,28.0,8.0,1.5,aerobe,830,R2A MEDIUM,1
7350,1,GCA_016758215,Leucobacter aridicollis,Leucobacter,Microbacteriaceae,28.0,,,obligate aerobe,92,TRYPTICASE SOY YEAST EXTRACT MEDIUM,1
7360,1,GCA_017834145,Leucobacter exalbidus,Leucobacter,Microbacteriaceae,25.0,,,,92,TRYPTICASE SOY YEAST EXTRACT MEDIUM,1
7362,1,GCA_014396385,Leucobacter denitrificans,Leucobacter,Microbacteriaceae,28.0,,,,92,TRYPTICASE SOY YEAST EXTRACT MEDIUM,1
7363,1,GCA_042648085,Microbacterium barkeri,Microbacterium,Microbacteriaceae,28.0,,5.0,aerobe,53,CORYNEBACTERIUM AGAR,1
7367,1,GCA_006539145,Microbacterium testaceum,Microbacterium,Microbacteriaceae,28.0,,5.0,obligate aerobe,53,CORYNEBACTERIUM AGAR,1
7368,1,GCF_006539145.1,Microbacterium testaceum,Microbacterium,Microbacteriaceae,30.0,,,,53,CORYNEBACTERIUM AGAR,1
7369,1,GCA_006540085,Microbacterium oxydans,Microbacterium,Microbacteriaceae,28.0,,,aerobe,53,CORYNEBACTERIUM AGAR,1
7376,1,GCA_039533965,Microbacterium luteolum,Microbacterium,Microbacteriaceae,28.0,,,obligate aerobe,53,CORYNEBACTERIUM AGAR,1
7396,1,GCA_016907295,Microbacterium dextranolyticum,Microbacterium,Microbacteriaceae,28.0,,,aerobe,92,TRYPTICASE SOY YEAST EXTRACT MEDIUM,1
7397,1,GCA_016907255,Microbacterium keratanolyticum,Microbacterium,Microbacteriaceae,28.0,,,obligate aerobe,92,TRYPTICASE SOY YEAST EXTRACT MEDIUM,1
7398,1,GCA_000956465,Microbacterium trichothecenolyticum,Microbacterium,Microbacteriaceae,28.0,,,obligate aerobe,92,TRYPTICASE SOY YEAST EXTRACT MEDIUM,1
7400,1,GCA_017831975,Microbacterium terrae,Microbacterium,Microbacteriaceae,28.0,,,obligate aerobe,92,TRYPTICASE SOY YEAST EXTRACT MEDIUM,1
7403,1,GCF_021172025.1,Microbacterium resistens,Microbacterium,Microbacteriaceae,30.0,,,,92,TRYPTICASE SOY YEAST EXTRACT MEDIUM,1
7410,1,GCA_003367705,Microbacterium foliorum,Microbacterium,Microbacteriaceae,28.0,,,,92,TRYPTICASE SOY YEAST EXTRACT MEDIUM,1
7413,1,GCA_017876435,Microbacterium phyllosphaerae,Microbacterium,Microbacteriaceae,28.0,,,facultative anaerobe,92,TRYPTICASE SOY YEAST EXTRACT MEDIUM,1
7415,1,GCF_900105335.1,Microbacterium paraoxydans,Microbacterium,Microbacteriaceae,37.0,,,aerobe,693|92,COLUMBIA BLOOD MEDIUM|TRYPTICASE SOY YEAST EXTRACT MEDIUM,2
7421,1,GCF_001975955.2,Microbacterium oleivorans,Microbacterium,Microbacteriaceae,28.0,,,,92,TRYPTICASE SOY YEAST EXTRACT MEDIUM,1
7425,1,GCA_039527915,Microbacterium natoriense,Microbacterium,Microbacteriaceae,30.0,6.0,3.5,aerobe,830|92,R2A MEDIUM|TRYPTICASE SOY YEAST EXTRACT MEDIUM,2
7431,1,GCA_023155855,Microbacterium aoyamense,Microbacterium,Microbacteriaceae,28.0,,,,92,TRYPTICASE SOY YEAST EXTRACT MEDIUM,1
7433,1,GCA_000422405,Microbacterium luticocti,Microbacterium,Microbacteriaceae,36.0,8.0,2.0,aerobe,92,TRYPTICASE SOY YEAST EXTRACT MEDIUM,1
7439,1,GCA_015278225,Microbacterium aquimaris,Microbacterium,Microbacteriaceae,27.75,7.5,10.0,aerobe,830,R2A MEDIUM,1
7441,1,GCA_039544025,Microbacterium fluvii,Microbacterium,Microbacteriaceae,28.0,,,,514,BACTO MARINE BROTH (DIFCO 2216),1
7442,1,GCA_039537285,Microbacterium kribbense,Microbacterium,Microbacteriaceae,28.0,7.300000000000001,,aerobe,92,TRYPTICASE SOY YEAST EXTRACT MEDIUM,1
7443,1,GCA_900100885,Microbacterium pygmaeum,Microbacterium,Microbacteriaceae,28.0,,,,830,R2A MEDIUM,1
7444,1,GCA_000763375,Microbacterium profundi,Microbacterium,Microbacteriaceae,28.0,7.5,,aerobe,514|830,BACTO MARINE BROTH (DIFCO 2216)|R2A MEDIUM,2
7461,1,GCF_014204835.1,Microbacterium marinum,Microbacterium,Microbacteriaceae,28.0,,,,92,TRYPTICASE SOY YEAST EXTRACT MEDIUM,1
7467,1,GCA_004564075,Microbacterium sediminis,Microbacterium,Microbacteriaceae,28.0,7.0,,aerobe,92,TRYPTICASE SOY YEAST EXTRACT MEDIUM,1
7478,1,GCA_001570925,Gulosibacter bifidus,Gulosibacter,Microbacteriaceae,30.0,7.0,0.25,aerobe,92,TRYPTICASE SOY YEAST EXTRACT MEDIUM,1
7484,1,GCA_009806955,Rathayibacter iranicus,Rathayibacter,Microbacteriaceae,30.0,,5.0,obligate aerobe,92,TRYPTICASE SOY YEAST EXTRACT MEDIUM,1
7488,1,GCA_014652955,Salinibacterium amurskyense,Salinibacterium,Microbacteriaceae,27.25,,,obligate aerobe,514,BACTO MARINE BROTH (DIFCO 2216),1
7491,1,GCA_016907385,Subtercola frigoramans,Subtercola,Microbacteriaceae,22.0,,0.0,aerobe,830,R2A MEDIUM,1
7493,1,GCA_004216855,Microcella alkaliphila,Microcella,Microbacteriaceae,35.0,,,obligate aerobe,,,0
7496,1,GCA_014137945,Microcella alkalica,Microcella,Microbacteriaceae,28.0,,,aerobe,92,TRYPTICASE SOY YEAST EXTRACT MEDIUM,1
7500,1,GCA_004217495,Microterricola gilva,Microterricola,Microbacteriaceae,26.0,7.6,,aerobe,92,TRYPTICASE SOY YEAST EXTRACT MEDIUM,1
7501,1,GCA_006517455,Schumannella luteola,Schumannella,Microbacteriaceae,28.0,,,,92,TRYPTICASE SOY YEAST EXTRACT MEDIUM,1
7502,1,GCA_003634555,Frondihabitans australicus,Frondihabitans,Microbacteriaceae,26.5,9.1,,aerobe,830|92,R2A MEDIUM|TRYPTICASE SOY YEAST EXTRACT MEDIUM,2
7504,1,GCA_039544345,Frondihabitans cladoniiphilus,Frondihabitans,Microbacteriaceae,22.5,,,,65,GYM STREPTOMYCES MEDIUM,1
7511,1,GCA_024979255,Herbiconiux moechotypicola,Herbiconiux,Microbacteriaceae,25.0,,,aerobe,830,R2A MEDIUM,1
7514,1,GCA_002797855,Compostimonas suwonensis,Compostimonas,Microbacteriaceae,28.0,7.0,,aerobe,830,R2A MEDIUM,1
7516,1,GCA_014137865,Alpinimonas psychrophila,Alpinimonas,Microbacteriaceae,15.0,,,microaerophile,830,R2A MEDIUM,1
7795,1,GCA_016865425,Actinocatenispora thailandica,Actinocatenispora,Micromonosporaceae,27.75,7.0,,aerobe,553|84|987,GPHF-MEDIUM|ROLLED OATS MINERAL MEDIUM|ISP 2 MEDIUM,3
7796,1,GCA_018324685,Actinocatenispora sera,Actinocatenispora,Micromonosporaceae,21.5,7.5,,,535|553,TRYPTICASE SOY BROTH AGAR|GPHF-MEDIUM,2
7803,1,GCA_016862155,Actinoplanes digitatis,Actinoplanes,Micromonosporaceae,28.0,,,,554|83,N-Z-AMINE-MEDIUM|CZAPEK PEPTONE AGAR,2
7816,1,GCA_016862095,Actinoplanes cyaneus,Actinoplanes,Micromonosporaceae,28.0,,2.5,,553|65,GPHF-MEDIUM|GYM STREPTOMYCES MEDIUM,2
7817,1,GCA_018324205,Actinoplanes ianthinogenes,Actinoplanes,Micromonosporaceae,28.0,,,,65|84,GYM STREPTOMYCES MEDIUM|ROLLED OATS MINERAL MEDIUM,2
7820,1,GCA_016862275,Actinoplanes nipponensis,Actinoplanes,Micromonosporaceae,28.0,,,,252|65,STARCH - MINERAL SALT - AGAR (STMS)|GYM STREPTOMYCES MEDIUM,2
7821,1,GCA_000718415,Actinoplanes sp.,Actinoplanes,Micromonosporaceae,28.0,,,,554|65,N-Z-AMINE-MEDIUM|GYM STREPTOMYCES MEDIUM,2
7840,1,GCA_000494755,Actinoplanes friuliensis,Actinoplanes,Micromonosporaceae,28.0,,,aerobe,215|535|553|65,BHI MEDIUM|TRYPTICASE SOY BROTH AGAR|GPHF-MEDIUM|GYM STREPTOMYCES MEDIUM,4
7842,1,GCA_042679205,Actinoplanes sichuanensis,Actinoplanes,Micromonosporaceae,28.0,,,aerobe,215|535|553|65,BHI MEDIUM|TRYPTICASE SOY BROTH AGAR|GPHF-MEDIUM|GYM STREPTOMYCES MEDIUM,4
7843,1,GCA_016862475,Actinoplanes xinjiangensis,Actinoplanes,Micromonosporaceae,28.0,,,aerobe,215|535|553|65,BHI MEDIUM|TRYPTICASE SOY BROTH AGAR|GPHF-MEDIUM|GYM STREPTOMYCES MEDIUM,4
7845,1,GCA_018332695,Actinoplanes toevensis,Actinoplanes,Micromonosporaceae,27.5,,,aerobe,535|65,TRYPTICASE SOY BROTH AGAR|GYM STREPTOMYCES MEDIUM,2
7853,1,GCA_016862555,Asanoa siamensis,Asanoa,Micromonosporaceae,27.5,9.0,1.0,,215|535|553|65,BHI MEDIUM|TRYPTICASE SOY BROTH AGAR|GPHF-MEDIUM|GYM STREPTOMYCES MEDIUM,4
7854,1,GCA_016862615,Catellatospora citrea subsp. citrea,Catellatospora,Micromonosporaceae,28.0,,0.0,,65,GYM STREPTOMYCES MEDIUM,1
7856,1,GCA_016862575,Catellatospora bangladeshensis,Catellatospora,Micromonosporaceae,27.75,7.0,,aerobe,84,ROLLED OATS MINERAL MEDIUM,1
7860,1,GCA_001315525,Catenuloplanes japonicus,Catenuloplanes,Micromonosporaceae,28.0,,,,554|65,N-Z-AMINE-MEDIUM|GYM STREPTOMYCES MEDIUM,2
7864,1,GCA_001315585,Catenuloplanes indicus,Catenuloplanes,Micromonosporaceae,28.0,,0.0,,65,GYM STREPTOMYCES MEDIUM,1
7865,1,GCA_001315625,Catenuloplanes nepalensis,Catenuloplanes,Micromonosporaceae,28.0,,0.0,,65|83,GYM STREPTOMYCES MEDIUM|CZAPEK PEPTONE AGAR,2
7866,1,GCA_001315565,Catenuloplanes niger,Catenuloplanes,Micromonosporaceae,28.0,,2.5,,252|65,STARCH - MINERAL SALT - AGAR (STMS)|GYM STREPTOMYCES MEDIUM,2
7867,1,GCA_001884705,Couchioplanes caeruleus subsp. caeruleus,Couchioplanes,Micromonosporaceae,28.0,,,,553|65,GPHF-MEDIUM|GYM STREPTOMYCES MEDIUM,2
7868,1,GCA_014648355,Couchioplanes caeruleus subsp. azureus,Couchioplanes,Micromonosporaceae,28.0,,,,554|65,N-Z-AMINE-MEDIUM|GYM STREPTOMYCES MEDIUM,2
7869,1,GCA_000716715,Dactylosporangium aurantiacum,Dactylosporangium,Micromonosporaceae,28.0,,,,65|83|84,GYM STREPTOMYCES MEDIUM|CZAPEK PEPTONE AGAR|ROLLED OATS MINERAL MEDIUM,3
7875,1,GCA_039531485,Dactylosporangium maewongense,Dactylosporangium,Micromonosporaceae,27.5,,,,554|65|83,N-Z-AMINE-MEDIUM|GYM STREPTOMYCES MEDIUM|CZAPEK PEPTONE AGAR,3
7889,1,GCA_039541735,Micromonospora coerulea,Micromonospora,Micromonosporaceae,28.0,,5.0,,,,0
7893,1,GCA_001567585,Micromonospora rosaria,Micromonospora,Micromonosporaceae,28.0,,2.5,,535|553|554|65,TRYPTICASE SOY BROTH AGAR|GPHF-MEDIUM|N-Z-AMINE-MEDIUM|GYM STREPTOMYCES MEDIUM,4
7894,1,GCF_048594385.1,Micromonospora sp.,Micromonospora,Micromonosporaceae,28.0,,,,65,GYM STREPTOMYCES MEDIUM,1
7964,1,GCA_900090245,Micromonospora halophytica,Micromonospora,Micromonosporaceae,28.0,,2.5,,65|83,GYM STREPTOMYCES MEDIUM|CZAPEK PEPTONE AGAR,2
7967,1,GCA_900090255,Micromonospora aurantiaca,Micromonospora,Micromonosporaceae,28.0,,,,535|65,TRYPTICASE SOY BROTH AGAR|GYM STREPTOMYCES MEDIUM,2
7973,1,GCA_900090325,Micromonospora pallida,Micromonospora,Micromonosporaceae,28.0,,,,553|554,GPHF-MEDIUM|N-Z-AMINE-MEDIUM,2
7982,1,GCA_900090225,Micromonospora eburnea,Micromonospora,Micromonosporaceae,27.75,,,aerobe,553|554|83|987,GPHF-MEDIUM|N-Z-AMINE-MEDIUM|CZAPEK PEPTONE AGAR|ISP 2 MEDIUM,4
7993,1,GCA_900091415,Micromonospora inyonensis,Micromonospora,Micromonosporaceae,28.0,,,,554,N-Z-AMINE-MEDIUM,1
7994,1,GCA_900091625,Micromonospora peucetia,Micromonospora,Micromonosporaceae,28.0,,,,65,GYM STREPTOMYCES MEDIUM,1
7995,1,GCA_007829995,Micromonospora sagamiensis,Micromonospora,Micromonosporaceae,28.0,,,obligate aerobe,554|65,N-Z-AMINE-MEDIUM|GYM STREPTOMYCES MEDIUM,2
7998,1,GCA_900090305,Micromonospora siamensis,Micromonospora,Micromonosporaceae,28.0,,,obligate aerobe,554|65,N-Z-AMINE-MEDIUM|GYM STREPTOMYCES MEDIUM,2
7999,1,GCA_003264325,Micromonospora saelicesensis,Micromonospora,Micromonosporaceae,28.0,,,,554|65,N-Z-AMINE-MEDIUM|GYM STREPTOMYCES MEDIUM,2
8000,1,GCA_003264375,Micromonospora saelicesensis,Micromonospora,Micromonosporaceae,28.0,,,,554|65,N-Z-AMINE-MEDIUM|GYM STREPTOMYCES MEDIUM,2
8003,1,GCA_000297395,Micromonospora lupini,Micromonospora,Micromonosporaceae,28.0,,,,554|65,N-Z-AMINE-MEDIUM|GYM STREPTOMYCES MEDIUM,2
8013,1,GCA_900107255,Micromonospora pattaloongensis,Micromonospora,Micromonosporaceae,27.5,,,,1|535|65,NUTRIENT AGAR|TRYPTICASE SOY BROTH AGAR|GYM STREPTOMYCES MEDIUM,3
8014,1,GCA_900091425,Micromonospora krabiensis,Micromonospora,Micromonosporaceae,28.0,,,,535|554|65,TRYPTICASE SOY BROTH AGAR|N-Z-AMINE-MEDIUM|GYM STREPTOMYCES MEDIUM,3
8016,1,GCA_900091565,Micromonospora marina,Micromonospora,Micromonosporaceae,27.5,,7.0,aerobe,535|554|65,TRYPTICASE SOY BROTH AGAR|N-Z-AMINE-MEDIUM|GYM STREPTOMYCES MEDIUM,3
8021,1,GCA_900143515,Micromonospora cremea,Micromonospora,Micromonosporaceae,28.0,,0.5,aerobe,535|553|554|65,TRYPTICASE SOY BROTH AGAR|GPHF-MEDIUM|N-Z-AMINE-MEDIUM|GYM STREPTOMYCES MEDIUM,4
8024,1,GCA_014647915,Pilimelia terevasa,Pilimelia,Micromonosporaceae,28.0,,,,83,CZAPEK PEPTONE AGAR,1
8027,1,GCA_018332675,Salinispora arenicola,Salinispora,Micromonosporaceae,26.0,,,aerobe,514,BACTO MARINE BROTH (DIFCO 2216),1
8028,1,GCA_016863475,Spirilliplanes yamanashiensis,Spirilliplanes,Micromonosporaceae,28.0,,0.0,,553|65,GPHF-MEDIUM|GYM STREPTOMYCES MEDIUM,2
8031,1,GCA_016863575,Micromonospora sediminimaris,Micromonospora,Micromonosporaceae,32.5,6.25,3.5,aerobe,535|553|65,TRYPTICASE SOY BROTH AGAR|GPHF-MEDIUM|GYM STREPTOMYCES MEDIUM,3
8034,1,GCA_016863595,Micromonospora trujilloniae,Micromonospora,Micromonosporaceae,28.0,,,,553|65,GPHF-MEDIUM|GYM STREPTOMYCES MEDIUM,2
8035,1,GCA_016863655,Virgisporangium ochraceum,Virgisporangium,Micromonosporaceae,28.0,,0.0,aerobe,252|84,STARCH - MINERAL SALT - AGAR (STMS)|ROLLED OATS MINERAL MEDIUM,2
8036,1,GCA_016863635,Virgisporangium aurantiacum,Virgisporangium,Micromonosporaceae,28.0,,0.0,aerobe,65|84,GYM STREPTOMYCES MEDIUM|ROLLED OATS MINERAL MEDIUM,2
8037,1,GCA_011947225,Planosporangium flavigriseum,Planosporangium,Micromonosporaceae,28.0,,,aerobe,535|65,TRYPTICASE SOY BROTH AGAR|GYM STREPTOMYCES MEDIUM,2
8040,1,GCA_039528415,Luedemannella helvata,Luedemannella,Micromonosporaceae,28.0,,,,553|65,GPHF-MEDIUM|GYM STREPTOMYCES MEDIUM,2
8042,1,GCA_003002065,Pseudosporangium ferrugineum,Pseudosporangium,Micromonosporaceae,28.0,,,aerobe,252|535|553|65|84,STARCH - MINERAL SALT - AGAR (STMS)|TRYPTICASE SOY BROTH AGAR|GPHF-MEDIUM|GYM STREPTOMYCES MEDIUM|ROLLED OATS MINERAL MEDIUM,5
8043,1,GCA_000379685,Catelliglobosispora koreensis,Catelliglobosispora,Micromonosporaceae,28.0,,0.0,,252|65|84,STARCH - MINERAL SALT - AGAR (STMS)|GYM STREPTOMYCES MEDIUM|ROLLED OATS MINERAL MEDIUM,3
8052,1,GCA_018326245,Micromonospora endophytica,Micromonospora,Micromonosporaceae,31.5,7.0,1.0,aerobe,553|554|65,GPHF-MEDIUM|N-Z-AMINE-MEDIUM|GYM STREPTOMYCES MEDIUM,3
8657,1,GCF_000255295.1,Corallococcus coralloides,Corallococcus,Myxococcaceae,30.0,,,,9,VY/2 AGAR,1
9576,1,GCA_002305895,Corallococcus macrosporus,Corallococcus,Myxococcaceae,30.0,,,,9,VY/2 AGAR,1
9804,1,GCA_900101905,Myxococcus virescens,Myxococcus,Myxococcaceae,30.0,,,,9,VY/2 AGAR,1
10097,1,GCF_000331735.1,Myxococcus stipitatus,Myxococcus,Myxococcaceae,30.0,,,,9,VY/2 AGAR,1
10168,1,GCF_012933655.1,Pyxidicoccus fallax,Pyxidicoccus,Myxococcaceae,30.0,,,,9,VY/2 AGAR,1
10538,1,GCA_000482825,Thermodesulfovibrio islandicus,Thermodesulfovibrio,Thermodesulfovibrionaceae,65.0,,,anaerobe,,,0
10539,1,GCF_054657355.1,Thermodesulfovibrio hydrogeniphilus,Thermodesulfovibrio,Thermodesulfovibrionaceae,65.0,,,anaerobe,,,0
10540,1,GCA_001312085,Thermodesulfovibrio aggregans,Thermodesulfovibrio,Thermodesulfovibrionaceae,60.0,6.75,,anaerobe,,,0
11066,1,GCA_039531385,Aeromicrobium halocynthiae,Aeromicrobium,Nocardioidaceae,25.0,7.0,,aerobe,514|830,BACTO MARINE BROTH (DIFCO 2216)|R2A MEDIUM,2
11102,1,GCA_014648595,Nocardioides luteus,Nocardioides,Nocardioidaceae,30.0,,,aerobe,65|830,GYM STREPTOMYCES MEDIUM|R2A MEDIUM,2
11103,1,GCF_027921805.1,Nocardioides luteus,Nocardioides,Nocardioidaceae,28.0,,,,,,0
11104,1,GCF_004803405.1,Nocardioides sp.,Nocardioides,Nocardioidaceae,28.0,,,,830,R2A MEDIUM,1
11110,1,GCA_016907515,Nocardioides nitrophenolicus,Nocardioides,Nocardioidaceae,29.0,,,obligate aerobe,65|92,GYM STREPTOMYCES MEDIUM|TRYPTICASE SOY YEAST EXTRACT MEDIUM,2
11111,1,GCA_001313985,Nocardioides pyridinolyticus,Nocardioides,Nocardioidaceae,33.0,,,obligate aerobe,65,GYM STREPTOMYCES MEDIUM,1
11115,1,GCA_004137235,Nocardioides ganghwensis,Nocardioides,Nocardioidaceae,26.5,7.0,0.5,aerobe,514,BACTO MARINE BROTH (DIFCO 2216),1
11120,1,GCA_000422825,Nocardioides insulae,Nocardioides,Nocardioidaceae,29.0,8.0,,aerobe,92,TRYPTICASE SOY YEAST EXTRACT MEDIUM,1
11122,1,GCA_039530925,Nocardioides panacihumi,Nocardioides,Nocardioidaceae,29.0,7.0,0.5,aerobe,830|92,R2A MEDIUM|TRYPTICASE SOY YEAST EXTRACT MEDIUM,2
11123,1,GCA_039528155,Nocardioides dubius,Nocardioides,Nocardioidaceae,31.25,7.25,,aerobe,92,TRYPTICASE SOY YEAST EXTRACT MEDIUM,1
11125,1,GCA_013409965,Nocardioides marinisabuli,Nocardioides,Nocardioidaceae,25.0,7.6,4.0,,514|830,BACTO MARINE BROTH (DIFCO 2216)|R2A MEDIUM,2
11129,1,GCA_900105585,Nocardioides exalbidus,Nocardioides,Nocardioidaceae,28.0,,,,535|65|830,TRYPTICASE SOY BROTH AGAR|GYM STREPTOMYCES MEDIUM|R2A MEDIUM,3
11130,1,GCA_003047265,Nocardioides terrigena,Nocardioides,Nocardioidaceae,30.0,8.0,0.75,aerobe,535|830,TRYPTICASE SOY BROTH AGAR|R2A MEDIUM,2
11137,1,GCA_015352455,Nocardioides islandensis,Nocardioides,Nocardioidaceae,29.0,,,aerobe,830,R2A MEDIUM,1
11140,1,GCA_015352445,Nocardioides agariphilus,Nocardioides,Nocardioidaceae,28.0,7.5,,aerobe,830,R2A MEDIUM,1
11143,1,GCA_001653335,Nocardioides dokdonensis,Nocardioides,Nocardioidaceae,25.0,7.0,,aerobe,535|92,TRYPTICASE SOY BROTH AGAR|TRYPTICASE SOY YEAST EXTRACT MEDIUM,2
11147,1,GCA_039537325,Nocardioides panacisoli,Nocardioides,Nocardioidaceae,27.5,7.0,5.0,aerobe,830,R2A MEDIUM,1
11150,1,GCA_042655555,Nocardioides caricicola,Nocardioides,Nocardioidaceae,30.0,8.0,2.5,,830,R2A MEDIUM,1
11151,1,GCF_054782915.1,Nocardioides hungaricus,Nocardioides,Nocardioidaceae,24.0,6.5,0.0,aerobe,535|830,TRYPTICASE SOY BROTH AGAR|R2A MEDIUM,2
11155,1,GCA_003194585,Nocardioides daejeonensis,Nocardioides,Nocardioidaceae,30.0,7.75,2.0,aerobe,535|830|92,TRYPTICASE SOY BROTH AGAR|R2A MEDIUM|TRYPTICASE SOY YEAST EXTRACT MEDIUM,3
11156,1,GCA_013408335,Nocardioides panzhihuensis,Nocardioides,Nocardioidaceae,28.0,,,,65,GYM STREPTOMYCES MEDIUM,1
11293,1,GCA_004341165,Reinekea marinisedimentorum,Reinekea,Saccharospirillaceae,20.5,,2.75,facultative anaerobe,514,BACTO MARINE BROTH (DIFCO 2216),1
11782,1,GCA_900101835,Peptococcus niger,Peptococcus,Peptococcaceae,37.0,,,anaerobe,110,CHOPPED MEAT MEDIUM WITH CARBOHYDRATES,1
11788,1,GCA_001263415,Thermincola ferriacetica,Thermincola,Peptococcaceae,60.0,,,anaerobe,,,0
11822,1,GCA_000711975,Desulfofalx alkaliphila,Desulfofalx,Peptococcaceae,50.0,,,anaerobe,,,0
11828,1,GCA_000214435,Desulfotomaculum nigrificans,Desulfotomaculum,Peptococcaceae,55.0,7.0,4.0,anaerobe,,,0
11829,1,GCA_900113335,Desulfotruncus arcticus,Desulfotruncus,Peptococcaceae,44.0,7.3,,anaerobe,,,0
11830,1,GCA_900142025,Desulfofundulus thermosubterraneus,Desulfofundulus,Peptococcaceae,60.0,,,anaerobe,,,0
11831,1,GCA_000430885,Desulfotruncus alcoholivorax,Desulfotruncus,Peptococcaceae,45.0,6.85,,anaerobe,,,0
11836,1,GCA_004369225,Pelotomaculum propionicicum,Pelotomaculum,Peptococcaceae,37.0,6.9,0.5,anaerobe,,,0
11840,1,GCA_000376385,Desulfurispora thermophila,Desulfurispora,Peptococcaceae,60.0,7.15,,anaerobe,,,0
11844,1,GCF_000178095.1,Peptostreptococcus anaerobius,Peptostreptococcus,Peptostreptococcaceae,37.0,,,anaerobe,104,PYG MEDIUM (modified),1
11848,1,GCA_003012055,Peptostreptococcus russellii,Peptostreptococcus,Peptostreptococcaceae,37.0,,,anaerobe,78,CHOPPED MEAT MEDIUM,1
11937,1,GCA_000025185,Pirellula staleyi,Pirellula,Pirellulaceae,26.0,,,,,,0
11951,1,GCF_006539985.1,Kurthia gibsonii,Kurthia,Caryophanaceae,30.0,,,,53,CORYNEBACTERIUM AGAR,1
11953,1,GCF_900452285.1,Kurthia zopfii,Kurthia,Caryophanaceae,30.0,,,,53,CORYNEBACTERIUM AGAR,1
11955,1,GCA_004761885,Planococcus citreus,Planococcus,Caryophanaceae,30.0,,,obligate aerobe,,,0
11956,1,GCA_001465835,Planococcus kocurii,Planococcus,Caryophanaceae,30.0,,,,53,CORYNEBACTERIUM AGAR,1
11957,1,GCF_001687565.2,Planococcus antarcticus,Planococcus,Caryophanaceae,25.0,,,,92,TRYPTICASE SOY YEAST EXTRACT MEDIUM,1
11974,1,GCA_900099655,Planococcus glaciei,Planococcus,Caryophanaceae,20.5,6.5,5.5,aerobe,92,TRYPTICASE SOY YEAST EXTRACT MEDIUM,1
11976,1,GCA_001274725,Sporosarcina globispora,Sporosarcina,Caryophanaceae,20.0,,,aerobe,514,BACTO MARINE BROTH (DIFCO 2216),1
11985,1,GCA_001590685,Sporosarcina psychrophila,Sporosarcina,Caryophanaceae,20.0,,,,220,CASO AGAR (Merck 105458),1
11990,1,GCA_000425545,Sporosarcina ureae,Sporosarcina,Caryophanaceae,30.0,,,,,,0
11994,1,GCF_019748715.1,Sporosarcina aquimarina,Sporosarcina,Caryophanaceae,25.0,,,aerobe,220,CASO AGAR (Merck 105458),1
11997,1,GCA_042655805,Sporosarcina soli,Sporosarcina,Caryophanaceae,30.0,8.0,2.5,aerobe,220,CASO AGAR (Merck 105458),1
12002,1,GCA_000220335,Sporosarcina newyorkensis,Sporosarcina,Caryophanaceae,37.0,,,aerobe,220,CASO AGAR (Merck 105458),1
12007,1,GCA_900167515,Sporosarcina newyorkensis,Sporosarcina,Caryophanaceae,30.0,,,aerobe,220,CASO AGAR (Merck 105458),1
12503,1,GCA_051201015,Petrimonas sulfuriphila,Petrimonas,Dysgonomonadaceae,38.5,7.2,,anaerobe,104,PYG MEDIUM (modified),1
12517,1,GCA_000213575,Dysgonomonas mossii,Dysgonomonas,Dysgonomonadaceae,37.0,,,anaerobe,104|693,PYG MEDIUM (modified)|COLUMBIA BLOOD MEDIUM,2
12612,1,GCA_014193425,Microlunatus antarcticus,Microlunatus,Propionibacteriaceae,28.0,,5.0,,,,0
12615,1,GCA_039536445,Microlunatus spumicola,Microlunatus,Propionibacteriaceae,25.0,,,,830,R2A MEDIUM,1
12620,1,GCA_001313465,Granulicoccus phenolivorans,Granulicoccus,Propionibacteriaceae,29.0,7.0,,facultative anaerobe,92,TRYPTICASE SOY YEAST EXTRACT MEDIUM,1
12621,1,GCA_003752415,Luteococcus japonicus,Luteococcus,Propionibacteriaceae,28.0,,,aerobe,92,TRYPTICASE SOY YEAST EXTRACT MEDIUM,1
12625,1,GCA_000270245,Microlunatus phosphovorus,Microlunatus,Propionibacteriaceae,28.0,,,obligate aerobe,,,0
12626,1,GCA_039537205,Microlunatus ginsengisoli,Microlunatus,Propionibacteriaceae,26.5,7.0,4.5,aerobe,,,0
12628,1,GCA_039536605,Microlunatus aurantiacus,Microlunatus,Propionibacteriaceae,28.0,7.25,,aerobe,830,R2A MEDIUM,1
12630,1,GCA_013407955,Microlunatus parietis,Microlunatus,Propionibacteriaceae,28.0,7.0,,aerobe,65,GYM STREPTOMYCES MEDIUM,1
12634,1,GCA_000310065,Acidipropionibacterium acidipropionici,Acidipropionibacterium,Propionibacteriaceae,30.0,,,obligate anaerobe,104,PYG MEDIUM (modified),1
12636,1,GCA_003030305,Cutibacterium acnes subsp. acnes,Cutibacterium,Propionibacteriaceae,33.5,,,anaerobe,104|693,PYG MEDIUM (modified)|COLUMBIA BLOOD MEDIUM,2
12641,1,GCA_000227295,Cutibacterium avidum,Cutibacterium,Propionibacteriaceae,37.0,,,anaerobe,104|693,PYG MEDIUM (modified)|COLUMBIA BLOOD MEDIUM,2
12643,1,GCA_042660385,Propionibacterium freudenreichii,Propionibacterium,Propionibacteriaceae,30.0,,,anaerobe,104,PYG MEDIUM (modified),1
12644,1,GCF_000940845.1,Propionibacterium freudenreichii,Propionibacterium,Propionibacteriaceae,30.0,,,anaerobe,104,PYG MEDIUM (modified),1
12652,1,GCF_900637725.1,Arachnia propionica,Arachnia,Propionibacteriaceae,37.0,,,anaerobe,104|693,PYG MEDIUM (modified)|COLUMBIA BLOOD MEDIUM,2
12654,1,GCA_000423445,Acidipropionibacterium thoenii,Acidipropionibacterium,Propionibacteriaceae,30.0,,,anaerobe,,,0
12655,1,GCF_000423445.1,Acidipropionibacterium thoenii,Acidipropionibacterium,Propionibacteriaceae,30.0,,,anaerobe,,,0
12658,1,GCA_900111365,Propionibacterium cyclohexanicum,Propionibacterium,Propionibacteriaceae,37.0,,,anaerobe,215,BHI MEDIUM,1
12660,1,GCA_002563675,Propionicimonas paludicola,Propionicimonas,Propionibacteriaceae,30.0,,,microaerophile,104,PYG MEDIUM (modified),1
12664,1,GCA_900141915,Tessaracoccus bendigoensis,Tessaracoccus,Propionibacteriaceae,26.5,,,,,,0
12670,1,GCA_000423465,Propionicicella superfundia,Propionicicella,Propionibacteriaceae,29.0,,,anaerobe,104,PYG MEDIUM (modified),1
12671,1,GCA_000421525,Aestuariimicrobium kwangyangense,Aestuariimicrobium,Propionibacteriaceae,30.0,8.0,,aerobe,215,BHI MEDIUM,1
12672,1,GCA_900101785,Auraticoccus monumenti,Auraticoccus,Propionibacteriaceae,28.0,7.75,3.0,aerobe,65,GYM STREPTOMYCES MEDIUM,1
12935,1,GCF_965227415.1,Sphingopyxis sp.,Sphingopyxis,Sphingomonadaceae,30.0,,,,1,NUTRIENT AGAR,1
13018,1,GCF_007991175.1,Halovibrio variabilis,Halovibrio,Halomonadaceae,28.0,,,,,,0
13526,1,GCA_001462395,Pyrodictium occultum,Pyrodictium,Pyrodictiaceae,96.0,,,anaerobe,,,0
13527,1,GCF_036323395.1,Pyrodictium abyssi,Pyrodictium,Pyrodictiaceae,96.5,,,anaerobe,,,0
13531,1,GCA_006715765,Rarobacter incanus,Rarobacter,Rarobacteraceae,30.0,,0.0,anaerobe,104,PYG MEDIUM (modified),1
13563,1,GCA_000423225,Kaistia adipata,Kaistia,Kaistiaceae,30.75,,,aerobe,1,NUTRIENT AGAR,1
14029,1,GCA_000154465,Alistipes putredinis,Alistipes,Rikenellaceae,37.0,,,anaerobe,110|693,CHOPPED MEAT MEDIUM WITH CARBOHYDRATES|COLUMBIA BLOOD MEDIUM,2
14030,1,GCA_000265365,Alistipes finegoldii,Alistipes,Rikenellaceae,37.0,,,anaerobe,104|693,PYG MEDIUM (modified)|COLUMBIA BLOOD MEDIUM,2
14032,1,GCA_000210575,Alistipes shahii,Alistipes,Rikenellaceae,37.0,7.0,,anaerobe,693|78,COLUMBIA BLOOD MEDIUM|CHOPPED MEAT MEDIUM,2
14052,1,GCA_000185725,Segniliparus rugosus,Segniliparus,Segniliparaceae,33.0,,,aerobe,645,MIDDLEBROOK MEDIUM,1
14141,1,GCA_003201955,Blastomonas natatoria,Blastomonas,Sphingomonadaceae,28.0,,,obligate aerobe,535,TRYPTICASE SOY BROTH AGAR,1
14167,1,GCA_000420765,Sandarakinorhabdus limnophila,Sandarakinorhabdus,Sphingosinicellaceae,15.0,,,aerobe,830,R2A MEDIUM,1
14174,1,GCA_001598515,Sphingobium chlorophenolicum,Sphingobium,Sphingomonadaceae,30.0,,0.0,aerobe,1|457|53,NUTRIENT AGAR|MINERAL MEDIUM (BRUNNER)|CORYNEBACTERIUM AGAR,3
14180,1,GCA_000315525,Sphingobium yanoikuyae,Sphingobium,Sphingomonadaceae,34.0,,0.0,,220,CASO AGAR (Merck 105458),1
14181,1,GCA_002355855,Sphingobium cloacae,Sphingobium,Sphingomonadaceae,26.5,,,aerobe,,,0
14183,1,GCA_001005725,Sphingobium chungbukense,Sphingobium,Sphingomonadaceae,30.0,,0.0,aerobe,220|457,CASO AGAR (Merck 105458)|MINERAL MEDIUM (BRUNNER),2
14185,1,GCA_042427485,Sphingobium indicum,Sphingobium,Sphingomonadaceae,29.0,,,obligate aerobe,1|381|535,NUTRIENT AGAR|LB (Luria-Bertani) MEDIUM|TRYPTICASE SOY BROTH AGAR,3
14188,1,GCA_050433165,Sphingobium olei,Sphingobium,Sphingomonadaceae,28.0,,,,1,NUTRIENT AGAR,1
14189,1,GCA_042647625,Sphingobium rhizovicinum,Sphingobium,Sphingomonadaceae,28.0,,,,830,R2A MEDIUM,1
14194,1,GCA_014197035,Sphingobium scionense,Sphingobium,Sphingomonadaceae,30.0,,,aerobe,1,NUTRIENT AGAR,1
14198,1,GCA_007830065,Sphingobium wenxiniae,Sphingobium,Sphingomonadaceae,30.0,,,,830,R2A MEDIUM,1
14200,1,GCA_000241465,Sphingomonas echinoides,Sphingomonas,Sphingomonadaceae,27.5,,,aerobe,1|830,NUTRIENT AGAR|R2A MEDIUM,2
14201,1,GCA_000739895,Sphingomonas paucimobilis,Sphingomonas,Sphingomonadaceae,30.0,,0.0,obligate aerobe,693|92,COLUMBIA BLOOD MEDIUM|TRYPTICASE SOY YEAST EXTRACT MEDIUM,2
14215,1,GCA_006363875,Sphingobium fuliginis,Sphingobium,Sphingomonadaceae,29.5,,,,220,CASO AGAR (Merck 105458),1
14223,1,GCA_001598355,Sphingomonas asaccharolytica,Sphingomonas,Sphingomonadaceae,30.0,,0.0,obligate aerobe,1,NUTRIENT AGAR,1
14225,1,GCA_001598455,Sphingomonas pruni,Sphingomonas,Sphingomonadaceae,30.0,,0.0,obligate aerobe,1a,REACTIVATION WITH LIQUID MEDIUM 1,1
14226,1,GCA_011927635,Sphingomonas trueperi,Sphingomonas,Sphingomonadaceae,28.0,,,obligate aerobe,1|535,NUTRIENT AGAR|TRYPTICASE SOY BROTH AGAR,2
14230,1,GCA_000379045,Sphingomonas melonis,Sphingomonas,Sphingomonadaceae,30.0,,0.0,obligate aerobe,1,NUTRIENT AGAR,1
14233,1,GCA_003046295,Sphingomonas aerolata,Sphingomonas,Sphingomonadaceae,22.0,,0.0,aerobe,1|830,NUTRIENT AGAR|R2A MEDIUM,2
14234,1,GCA_003053745,Sphingomonas faeni,Sphingomonas,Sphingomonadaceae,22.0,,,obligate aerobe,1,NUTRIENT AGAR,1
14237,1,GCA_014196115,Sphingomonas aquatilis,Sphingomonas,Sphingomonadaceae,30.0,,,aerobe,220,CASO AGAR (Merck 105458),1
14238,1,GCA_003953035,Sphingomonas koreensis,Sphingomonas,Sphingomonadaceae,30.0,,,aerobe,220,CASO AGAR (Merck 105458),1
14239,1,GCA_004135605,Sphingomonas desiccabilis,Sphingomonas,Sphingomonadaceae,25.0,7.0,2.0,,830,R2A MEDIUM,1
14247,1,GCA_002197685,Sphingomonas dokdonensis,Sphingomonas,Sphingomonadaceae,25.0,,,aerobe,1,NUTRIENT AGAR,1
14253,1,GCA_011927725,Sphingomonas kaistensis,Sphingomonas,Sphingomonadaceae,27.5,,,aerobe,830,R2A MEDIUM,1
14261,1,GCA_000974765,Sphingomonas changbaiensis,Sphingomonas,Sphingomonadaceae,30.0,6.5,0.05,aerobe,830,R2A MEDIUM,1
14263,1,GCA_014653575,Sphingomonas glacialis,Sphingomonas,Sphingomonadaceae,22.0,,,aerobe,1,NUTRIENT AGAR,1
14273,1,GCA_000013985,Sphingopyxis alaskensis,Sphingopyxis,Sphingomonadaceae,31.5,,,aerobe,545,TRYPTONE SOYA BROTH (TSB),1
14276,1,GCA_002205635,Sphingopyxis witflariensis,Sphingopyxis,Sphingomonadaceae,25.0,,0.0,obligate aerobe,1|830,NUTRIENT AGAR|R2A MEDIUM,2
14296,1,GCA_003012815,Allosphingosinicella vermicomposti,Allosphingosinicella,Sphingomonadaceae,30.0,7.5,,aerobe,830,R2A MEDIUM,1
14298,1,GCA_014195685,Sphingomicrobium lutaoense,Sphingomicrobium,Sphingomonadaceae,29.0,,,aerobe,,,0
16836,1,GCF_026914285.1,Thermoanaerobacter cellulolyticus,Thermoanaerobacter,Caldicellulosiruptoraceae,65.0,,,anaerobe,,,0
17088,1,GCF_000092225.1,Tsukamurella paurometabola,Tsukamurella,Tsukamurellaceae,28.0,,,,65,GYM STREPTOMYCES MEDIUM,1
17098,1,GCA_900631615,Tsukamurella inchonensis,Tsukamurella,Tsukamurellaceae,32.5,,,,535,TRYPTICASE SOY BROTH AGAR,1
17102,1,GCF_040790855.1,Tsukamurella tyrosinosolvens,Tsukamurella,Tsukamurellaceae,28.0,,,,535,TRYPTICASE SOY BROTH AGAR,1
17108,1,GCA_001575195,Tsukamurella pseudospumae,Tsukamurella,Tsukamurellaceae,28.0,,,aerobe,535|65,TRYPTICASE SOY BROTH AGAR|GYM STREPTOMYCES MEDIUM,2
17150,1,GCA_900141835,Propionispora hippei,Propionispora,Sporomusaceae,37.0,6.8,,anaerobe,,,0
17167,1,GCA_000169155,Thermosinus carboxydivorans,Thermosinus,Sporomusaceae,60.0,6.9,,anaerobe,,,0
17188,1,GCA_900101845,Sporomusa acidovorans,Sporomusa,Sporomusaceae,35.0,,,anaerobe,,,0
17189,1,GCA_000445445,Sporomusa ovata,Sporomusa,Sporomusaceae,35.0,,,anaerobe,,,0
17190,1,GCF_000445445.2,Sporomusa ovata,Sporomusa,Sporomusaceae,35.0,,,anaerobe,,,0
17197,1,GCA_900042765,Sporomusa sphaeroides,Sporomusa,Sporomusaceae,35.0,,,anaerobe,,,0
17203,1,GCA_900114615,Pelosinus propionicus,Pelosinus,Sporomusaceae,30.0,,,anaerobe,,,0
17205,1,GCA_900102435,Sporolituus thermophilus,Sporolituus,Sporomusaceae,55.0,7.0,,anaerobe,,,0
17402,1,GCA_900100155,Ancylobacter rudongensis,Ancylobacter,Xanthobacteraceae,29.0,6.9,2.5,obligate aerobe,830,R2A MEDIUM,1
17406,1,GCA_030813595,Ancylobacter vacuolatus,Ancylobacter,Xanthobacteraceae,29.0,7.0,,aerobe,428|81,HETEROTROPHIC MEDIUM H3P|MINERAL MEDIUM FOR CHEMOLITHOTROPHIC GROWTH (H-3),2
17407,1,GCA_018390555,Ancylobacter oerskovii,Ancylobacter,Xanthobacteraceae,30.0,7.0,4.0,aerobe,1a,REACTIVATION WITH LIQUID MEDIUM 1,1
17410,1,GCF_051161885.1,Labrys methylaminiphilus,Labrys,Xanthobacteraceae,29.0,6.0,,aerobe,,,0
17414,1,GCA_030814995,Labrys wisconsinensis,Labrys,Xanthobacteraceae,25.0,7.0,,facultative anaerobe,830,R2A MEDIUM,1
17418,1,GCA_030814935,Xanthobacter agilis,Xanthobacter,Xanthobacteraceae,30.0,,,,1|428|81|830,NUTRIENT AGAR|HETEROTROPHIC MEDIUM H3P|MINERAL MEDIUM FOR CHEMOLITHOTROPHIC GROWTH (H-3)|R2A MEDIUM,4
17422,1,GCF_005871085.1,Xanthobacter autotrophicus,Xanthobacter,Xanthobacteraceae,30.0,,0.0,,1|428|81,NUTRIENT AGAR|HETEROTROPHIC MEDIUM H3P|MINERAL MEDIUM FOR CHEMOLITHOTROPHIC GROWTH (H-3),3
17431,1,GCA_043193705,Xanthobacter wiegelii,Xanthobacter,Xanthobacteraceae,28.0,,,,1|428,NUTRIENT AGAR|HETEROTROPHIC MEDIUM H3P,2
17432,1,GCF_043193615.1,Xanthobacter aminoxidans,Xanthobacter,Xanthobacteraceae,28.0,,,,1|428,NUTRIENT AGAR|HETEROTROPHIC MEDIUM H3P,2
17439,1,GCA_040543585,Xanthobacter viscosus,Xanthobacter,Xanthobacteraceae,30.0,,0.0,obligate aerobe,1,NUTRIENT AGAR,1
17441,1,GCA_000473085,Azorhizobium doebereinerae,Azorhizobium,Xanthobacteraceae,28.0,,,,,,0
17663,1,GCA_001579945,Steroidobacter denitrificans,Steroidobacter,Steroidobacteraceae,29.0,7.0,,anaerobe,,,0
17693,1,GCA_000969705,Nitriliruptor alkaliphilus,Nitriliruptor,Nitriliruptoraceae,32.0,9.25,1.45,aerobe,,,0
17697,1,GCF_000429405.1,Algoriphagus marincola,Algoriphagus,Cyclobacteriaceae,31.75,,,,514,BACTO MARINE BROTH (DIFCO 2216),1
17702,1,GCA_001313265,Algoriphagus boritolerans,Algoriphagus,Cyclobacteriaceae,29.0,8.5,,,381|514,LB (Luria-Bertani) MEDIUM|BACTO MARINE BROTH (DIFCO 2216),2
17707,1,GCA_900116615,Algoriphagus locisalis,Algoriphagus,Cyclobacteriaceae,30.0,7.5,2.0,aerobe,514,BACTO MARINE BROTH (DIFCO 2216),1
17709,1,GCA_900103735,Algoriphagus alkaliphilus,Algoriphagus,Cyclobacteriaceae,28.0,,,,,,0
17710,1,GCA_000429465,Algoriphagus vanfongensis,Algoriphagus,Cyclobacteriaceae,23.5,,2.5,aerobe,514,BACTO MARINE BROTH (DIFCO 2216),1
17711,1,GCA_003253485,Algoriphagus aquaeductus,Algoriphagus,Cyclobacteriaceae,27.5,8.0,,aerobe,514,BACTO MARINE BROTH (DIFCO 2216),1
17713,1,GCA_900101705,Algoriphagus faecimaris,Algoriphagus,Cyclobacteriaceae,37.0,,,,514,BACTO MARINE BROTH (DIFCO 2216),1
17720,1,GCA_042432905,Fontibacter flavus,Fontibacter,Cyclobacteriaceae,30.0,7.0,,aerobe,830,R2A MEDIUM,1
17771,1,GCA_021568875,Dethiosulfovibrio marinus,Dethiosulfovibrio,Dethiosulfovibrionaceae,30.0,,,anaerobe,,,0
17773,1,GCA_021568855,Dethiosulfovibrio russensis,Dethiosulfovibrio,Dethiosulfovibrionaceae,30.0,,,anaerobe,,,0
17774,1,GCA_021568805,Dethiosulfovibrio acidaminovorans,Dethiosulfovibrio,Dethiosulfovibrionaceae,28.0,,,anaerobe,,,0
17785,1,GCA_000177335,Pyramidobacter piscolens,Pyramidobacter,Dethiosulfovibrionaceae,30.0,,,anaerobe,78,CHOPPED MEAT MEDIUM,1
17821,1,GCA_000515395,Jiangella gansuensis,Jiangella,Jiangellaceae,28.0,7.5,,aerobe,215|553|65,BHI MEDIUM|GPHF-MEDIUM|GYM STREPTOMYCES MEDIUM,3
17822,1,GCA_900105925,Jiangella alkaliphila,Jiangella,Jiangellaceae,29.0,9.1,,aerobe,535|553|65,TRYPTICASE SOY BROTH AGAR|GPHF-MEDIUM|GYM STREPTOMYCES MEDIUM,3
17823,1,GCA_900106035,Jiangella alba,Jiangella,Jiangellaceae,28.0,7.0,5.0,aerobe,215|535|553|65|987,BHI MEDIUM|TRYPTICASE SOY BROTH AGAR|GPHF-MEDIUM|GYM STREPTOMYCES MEDIUM|ISP 2 MEDIUM,5
17824,1,GCA_900105175,Jiangella sp.,Jiangella,Jiangellaceae,28.0,,,,535|65,TRYPTICASE SOY BROTH AGAR|GYM STREPTOMYCES MEDIUM,2
17826,1,GCA_004138525,Haloactinopolyspora alba,Haloactinopolyspora,Jiangellaceae,32.5,7.5,12.5,aerobe,,,0
17844,1,GCA_003865175,Schleiferia thermophila,Schleiferia,Schleiferiaceae,45.0,,,,,,0
17861,1,GCA_014892255,Leptotrichia amnionii,Leptotrichia,Leptotrichiaceae,37.0,,,anaerobe,110,CHOPPED MEAT MEDIUM WITH CARBOHYDRATES,1
17862,1,GCA_014892235,Sneathia vaginalis,Sneathia,Leptotrichiaceae,37.0,,,anaerobe,110|693,CHOPPED MEAT MEDIUM WITH CARBOHYDRATES|COLUMBIA BLOOD MEDIUM,2
17865,1,GCA_007990525,Leptotrichia hofstadii,Leptotrichia,Leptotrichiaceae,37.0,,,anaerobe,104,PYG MEDIUM (modified),1
17868,1,GCA_041538065,Leptotrichia hongkongensis,Leptotrichia,Leptotrichiaceae,37.0,,,anaerobe,110|693,CHOPPED MEAT MEDIUM WITH CARBOHYDRATES|COLUMBIA BLOOD MEDIUM,2
17869,1,GCA_000024565,Streptobacillus moniliformis,Streptobacillus,Leptotrichiaceae,37.0,,,microaerophile,1|693,NUTRIENT AGAR|COLUMBIA BLOOD MEDIUM,2
17870,1,GCA_000024405,Sebaldella termitidis,Sebaldella,Leptotrichiaceae,37.0,,,anaerobe,104|693,PYG MEDIUM (modified)|COLUMBIA BLOOD MEDIUM,2
17873,1,GCA_000374525,Amorphus coralli,Amorphus,Acuticoccaceae,27.5,7.75,,aerobe,514,BACTO MARINE BROTH (DIFCO 2216),1
17901,1,GCA_024808875,Methylohalomonas lacus,Methylohalomonas,Ectothiorhodospiraceae,28.0,7.5,11.6,aerobe,,,0
17915,1,GCA_002591915,Marinicella litoralis,Marinicella,Marinicellaceae,26.5,9.0,,aerobe,,,0
17926,1,GCA_004362855,Aquabacterium commune,Aquabacterium,Sphaerotilaceae,29.0,,0.0,aerobe,,,0
17941,1,GCA_003201595,Sphaerotilus hippei,Sphaerotilus,Sphaerotilaceae,26.0,,,,,,0
17957,1,GCA_014202795,Inhella inkyongensis,Inhella,Sphaerotilaceae,27.5,,,aerobe,830,R2A MEDIUM,1
17959,1,GCA_004217215,Rivibacter subsaxonicus,Rivibacter,Sphaerotilaceae,27.5,,,,830,R2A MEDIUM,1
18024,1,GCA_000193435,Caldicellulosiruptor acetigenus,Caldicellulosiruptor,Caldicellulosiruptoraceae,70.0,,,anaerobe,,,0
18026,1,GCA_000166695,Caldicellulosiruptor acetigenus,Caldicellulosiruptor,Caldicellulosiruptoraceae,70.0,,,anaerobe,,,0
18040,1,GCA_000184705,Thermaerobacter marianensis,Thermaerobacter,Thermaerobacteraceae,75.0,7.25,,obligate aerobe,514,BACTO MARINE BROTH (DIFCO 2216),1
18125,1,GCF_051967575.1,Solibacillus silvestris,Solibacillus,Caryophanaceae,30.0,,,,220,CASO AGAR (Merck 105458),1
18132,1,GCA_007988965,Rummeliibacillus stabekisii,Rummeliibacillus,Caryophanaceae,30.0,,3.5,aerobe,1,NUTRIENT AGAR,1
18135,1,GCA_000312445,Phocaeicola abscessus,Phocaeicola,Bacteroidaceae,37.0,,,anaerobe,110,CHOPPED MEAT MEDIUM WITH CARBOHYDRATES,1
22936,1,GCA_000614145,Bacteroides faecichinchillae,Bacteroides,Bacteroidaceae,37.0,,,anaerobe,693|78,COLUMBIA BLOOD MEDIUM|CHOPPED MEAT MEDIUM,2
22957,1,GCA_000026025,Chlamydia abortus,Chlamydia,Chlamydiaceae,37.0,,,,,,0
22958,1,GCF_000009945.1,Chlamydia felis,Chlamydia,Chlamydiaceae,37.0,,,,,,0
22963,1,GCA_015732555,Clostridioides difficile,Clostridioides,Peptostreptococcaceae,37.0,,,anaerobe,78,CHOPPED MEAT MEDIUM,1
22995,1,GCF_002291445.1,Brenneria goodwinii,Brenneria,Pectobacteriaceae,31.0,,,facultative anaerobe,1,NUTRIENT AGAR,1
23011,1,GCA_002632755,Xenorhabdus ishibashii,Xenorhabdus,Morganellaceae,33.75,,,facultative anaerobe,535,TRYPTICASE SOY BROTH AGAR,1
23102,1,GCA_002812805,Microbacterium lacus,Microbacterium,Microbacteriaceae,28.0,,,,92,TRYPTICASE SOY YEAST EXTRACT MEDIUM,1
23113,1,GCA_016862375,Actinoplanes rishiriensis,Actinoplanes,Micromonosporaceae,28.0,,,,553|65,GPHF-MEDIUM|GYM STREPTOMYCES MEDIUM,2
23116,1,GCA_032108445,Micromonospora halotolerans,Micromonospora,Micromonosporaceae,28.0,,,,535|553|554|65,TRYPTICASE SOY BROTH AGAR|GPHF-MEDIUM|N-Z-AMINE-MEDIUM|GYM STREPTOMYCES MEDIUM,4
23117,1,GCA_902825405,Micromonospora maritima,Micromonospora,Micromonosporaceae,30.0,7.65,2.5,aerobe,535|553|554|65,TRYPTICASE SOY BROTH AGAR|GPHF-MEDIUM|N-Z-AMINE-MEDIUM|GYM STREPTOMYCES MEDIUM,4
23121,1,GCA_042679305,Micromonospora sonneratiae,Micromonospora,Micromonosporaceae,34.0,7.0,,aerobe,535|553|554|65,TRYPTICASE SOY BROTH AGAR|GPHF-MEDIUM|N-Z-AMINE-MEDIUM|GYM STREPTOMYCES MEDIUM,4
23126,1,GCA_016863675,Micromonospora phaseoli,Micromonospora,Micromonosporaceae,28.0,7.0,,aerobe,535|553|554|65,TRYPTICASE SOY BROTH AGAR|GPHF-MEDIUM|N-Z-AMINE-MEDIUM|GYM STREPTOMYCES MEDIUM,4
23142,1,GCA_003855455,Mycoplasma struthionis,Mycoplasma,Mycoplasmataceae,37.0,,,,1076b,SP4-Z MEDIUM,1
23165,1,GCA_006716315,Nocardioides albertanoniae,Nocardioides,Nocardioidaceae,25.0,,2.0,aerobe,535|92,TRYPTICASE SOY BROTH AGAR|TRYPTICASE SOY YEAST EXTRACT MEDIUM,2
23166,1,GCA_013409645,Nocardioides panaciterrulae,Nocardioides,Nocardioidaceae,28.0,,,,830,R2A MEDIUM,1
23194,1,GCA_000285555,Kurthia massiliensis,Kurthia,Caryophanaceae,28.0,,,,92,TRYPTICASE SOY YEAST EXTRACT MEDIUM,1
23253,1,GCA_000237205,Simkania negevensis,Simkania,Simkaniaceae,25.0,,,,,,0
23269,1,GCA_013408165,Sphingobium indicum,Sphingobium,Sphingomonadaceae,29.0,,,obligate aerobe,1|535|830,NUTRIENT AGAR|TRYPTICASE SOY BROTH AGAR|R2A MEDIUM,3
23280,1,GCA_039537815,Sphingomonas cynarae,Sphingomonas,Sphingomonadaceae,28.0,6.25,0.25,aerobe,1,NUTRIENT AGAR,1
23285,1,GCA_014199335,Stakelama sediminis,Stakelama,Sphingomonadaceae,30.0,6.0,0.5,aerobe,830,R2A MEDIUM,1
23337,1,GCA_004339805,Anaerospora hongkongensis,Anaerospora,Sporomusaceae,37.0,,,anaerobe,104,PYG MEDIUM (modified),1
23375,1,GCA_001017435,Schlegelella brevitalea,Schlegelella,Sphaerotilaceae,33.5,7.0,0.0,aerobe,830,R2A MEDIUM,1
23425,1,GCA_000383995,Salinispora pacifica,Salinispora,Micromonosporaceae,28.0,,,,514,BACTO MARINE BROTH (DIFCO 2216),1
23427,1,GCA_000384095,Salinispora pacifica,Salinispora,Micromonosporaceae,28.0,,,,514,BACTO MARINE BROTH (DIFCO 2216),1
23428,1,GCA_000383575,Salinispora oceanensis,Salinispora,Micromonosporaceae,28.0,,,,514,BACTO MARINE BROTH (DIFCO 2216),1
23651,1,GCF_050209195.1,Psychrobacillus psychrodurans,Psychrobacillus,Caryophanaceae,28.0,,,,220,CASO AGAR (Merck 105458),1
23762,1,GCA_001312325,Lysinibacillus pakistanensis,Lysinibacillus,Caryophanaceae,30.0,,,aerobe,220,CASO AGAR (Merck 105458),1
23839,1,GCA_000270425,Chlamydia psittaci,Chlamydia,Chlamydiaceae,37.0,,,,,,0
23840,1,GCA_000470825,Chlamydia pecorum,Chlamydia,Chlamydiaceae,37.0,,,,,,0
23842,1,GCA_000007605,Chlamydia caviae,Chlamydia,Chlamydiaceae,37.0,,,,,,0
23844,1,GCF_015356815.2,Candidatus Rhabdochlamydia porcellionis,Candidatus Rhabdochlamydia,Chlamydiaceae,25.0,,,,,,0
23848,1,GCA_009664085,Thermochromatium tepidum,Thermochromatium,Chromatiaceae,48.0,,,anaerobe,,,0
23855,1,GCA_002080065,Clostridioides difficile,Clostridioides,Peptostreptococcaceae,37.0,,,anaerobe,78,CHOPPED MEAT MEDIUM,1
23890,1,GCF_052099115.1,Brachybacterium sp.,Brachybacterium,Dermabacteraceae,28.0,,,,987,ISP 2 MEDIUM,1
23891,1,GCF_025725725.1,Brachybacterium huguangmaarense,Brachybacterium,Dermabacteraceae,28.0,,,,92,TRYPTICASE SOY YEAST EXTRACT MEDIUM,1
23892,1,GCF_001570785.1,Dermabacter hominis,Dermabacter,Dermabacteraceae,37.0,,,,92,TRYPTICASE SOY YEAST EXTRACT MEDIUM,1
23909,1,GCA_001644705,Dickeya solani,Dickeya,Pectobacteriaceae,25.0,,,,535|545,TRYPTICASE SOY BROTH AGAR|TRYPTONE SOYA BROTH (TSB),2
23971,1,GCF_028598485.1,Xenorhabdus khoisanae,Xenorhabdus,Morganellaceae,28.0,,,,535,TRYPTICASE SOY BROTH AGAR,1
24008,1,GCA_900100175,Ferrimonas sediminum,Ferrimonas,Ferrimonadaceae,26.5,7.5,3.0,facultative anaerobe,514,BACTO MARINE BROTH (DIFCO 2216),1
24052,1,GCA_000974685,Ferriphaselus amnicola,Ferriphaselus,Gallionellaceae,25.0,,,microaerophile,,,0
24100,1,GCA_000518225,Helicobacter pametensis,Helicobacter,Helicobacteraceae,37.0,,,microaerophile,693,COLUMBIA BLOOD MEDIUM,1
24101,1,GCA_000242915,Sulfurimonas gotlandica,Sulfurimonas,Helicobacteraceae,15.0,7.35,1.5,anaerobe,,,0
24111,1,GCA_006337125,Serinicoccus chungangensis,Serinicoccus,Ornithinimicrobiaceae,29.0,,,aerobe,535|65|92,TRYPTICASE SOY BROTH AGAR|GYM STREPTOMYCES MEDIUM|TRYPTICASE SOY YEAST EXTRACT MEDIUM,3
24161,1,GCA_000970325,Methanococcoides methylutens,Methanococcoides,Methanosarcinaceae,30.0,,,anaerobe,,,0
24164,1,GCA_024500045,Methanolobus chelungpuianus,Methanolobus,Methanosarcinaceae,37.0,,,anaerobe,,,0
24177,1,GCA_000733935,Methylomarinum vadi,Methylomarinum,Methylococcaceae,40.0,6.4,2.5,aerobe,,,0
24186,1,GCA_900103805,Cryobacterium flavum,Cryobacterium,Microbacteriaceae,10.0,,,aerobe,,,0
24208,1,GCA_014191235,Actinoplanes lutulentus,Actinoplanes,Micromonosporaceae,28.0,,,,535|553|554|65,TRYPTICASE SOY BROTH AGAR|GPHF-MEDIUM|N-Z-AMINE-MEDIUM|GYM STREPTOMYCES MEDIUM,4
24211,1,GCA_004217135,Micromonospora violae,Micromonospora,Micromonosporaceae,28.0,,,,535|553|554|65,TRYPTICASE SOY BROTH AGAR|GPHF-MEDIUM|N-Z-AMINE-MEDIUM|GYM STREPTOMYCES MEDIUM,4
24212,1,GCF_039566955.1,Micromonospora schwarzwaldensis,Micromonospora,Micromonosporaceae,28.0,,,aerobe,535|553|554|65,TRYPTICASE SOY BROTH AGAR|GPHF-MEDIUM|N-Z-AMINE-MEDIUM|GYM STREPTOMYCES MEDIUM,4
24215,1,GCA_013410645,Micromonospora jinlongensis,Micromonospora,Micromonosporaceae,28.0,,,,535|554|65,TRYPTICASE SOY BROTH AGAR|N-Z-AMINE-MEDIUM|GYM STREPTOMYCES MEDIUM,3
24218,1,GCA_016862955,Rhizocola hellebori,Rhizocola,Micromonosporaceae,28.0,,,,554|65|987,N-Z-AMINE-MEDIUM|GYM STREPTOMYCES MEDIUM|ISP 2 MEDIUM,3
24250,1,GCA_007992395,Nocardioides szechwanensis,Nocardioides,Nocardioidaceae,17.5,8.75,0.5,aerobe,830,R2A MEDIUM,1
24251,1,GCA_007992415,Nocardioides psychrotolerans,Nocardioides,Nocardioidaceae,20.0,7.75,0.25,aerobe,830,R2A MEDIUM,1
24316,1,GCA_000330745,Rhodopirellula baltica,Rhodopirellula,Pirellulaceae,27.0,,,,,,0
24542,1,GCA_014651855,Saccharospirillum salsuginis,Saccharospirillum,Saccharospirillaceae,37.0,8.0,5.0,aerobe,,,0
24555,1,GCA_000277525,Sphingobium xenophagum,Sphingobium,Sphingomonadaceae,28.0,,,,830,R2A MEDIUM,1
24556,1,GCA_014196495,Sphingobium jiangsuense,Sphingobium,Sphingomonadaceae,28.0,7.0,0.5,aerobe,830,R2A MEDIUM,1
24561,1,GCA_011927695,Sphingomonas jejuensis,Sphingomonas,Sphingomonadaceae,25.5,,,aerobe,535,TRYPTICASE SOY BROTH AGAR,1
24563,1,GCA_900199185,Sphingomonas guangdongensis,Sphingomonas,Sphingomonadaceae,28.0,,,,830,R2A MEDIUM,1
24568,1,GCA_003550065,Hephaestia caeni,Hephaestia,Sphingomonadaceae,28.0,,,,535,TRYPTICASE SOY BROTH AGAR,1
24668,1,GCA_014635325,Azorhizobium oxalatiphilum,Azorhizobium,Xanthobacteraceae,26.5,,2.0,aerobe,1a,REACTIVATION WITH LIQUID MEDIUM 1,1
24720,1,GCA_004366575,Algoriphagus zhangzhouensis,Algoriphagus,Cyclobacteriaceae,25.0,7.5,4.0,aerobe,514,BACTO MARINE BROTH (DIFCO 2216),1
24747,1,GCA_003628755,Christensenella minuta,Christensenella,Christensenellaceae,37.0,7.5,,anaerobe,,,0
24803,1,GCA_004216915,Motilibacter rhizosphaerae,Motilibacter,Motilibacteraceae,37.0,,,aerobe,553|987,GPHF-MEDIUM|ISP 2 MEDIUM,2
130206,1,GCA_016908195,Jeotgalibacillus terrae,Jeotgalibacillus,Caryophanaceae,32.5,7.5,20.0,aerobe,514,BACTO MARINE BROTH (DIFCO 2216),1
130252,1,GCA_000387765,Caldisalinibacter kiritimatiensis,Caldisalinibacter,Thermohalobacteraceae,55.0,,,anaerobe,,,0
130282,1,GCF_055394735.1,Desulfatiglans parachlorophenolica,Desulfatiglans,Desulfatiglandaceae,30.0,,,anaerobe,,,0
130395,1,GCA_900774055,Methanococcoides sp.,Methanococcoides,Methanosarcinaceae,25.0,,,anaerobe,,,0
130404,1,GCA_000349565,Curtobacterium flaccumfaciens,Curtobacterium,Microbacteriaceae,28.0,,,,92,TRYPTICASE SOY YEAST EXTRACT MEDIUM,1
130407,1,GCF_011759585.1,Frigoribacterium endophyticum,Frigoribacterium,Microbacteriaceae,28.0,,,aerobe,92,TRYPTICASE SOY YEAST EXTRACT MEDIUM,1
130411,1,GCA_000802305,Microbacterium mangrovi,Microbacterium,Microbacteriaceae,28.0,,,,92,TRYPTICASE SOY YEAST EXTRACT MEDIUM,1
130414,1,GCF_054779995.1,Microbacterium shaanxiense,Microbacterium,Microbacteriaceae,28.0,,,,92,TRYPTICASE SOY YEAST EXTRACT MEDIUM,1
130416,1,GCA_003990045,Labedella endophytica,Labedella,Microbacteriaceae,28.0,,,aerobe,65,GYM STREPTOMYCES MEDIUM,1
130440,1,GCA_016862395,Actinoplanes siamensis,Actinoplanes,Micromonosporaceae,27.5,8.5,,aerobe,65|83,GYM STREPTOMYCES MEDIUM|CZAPEK PEPTONE AGAR,2
130445,1,GCA_016774385,Micromonospora fiedleri,Micromonospora,Micromonosporaceae,28.0,,,,65|83,GYM STREPTOMYCES MEDIUM|CZAPEK PEPTONE AGAR,2
130446,1,GCA_014645875,Plantactinospora veratri,Plantactinospora,Micromonosporaceae,28.0,,,,554|65|84,N-Z-AMINE-MEDIUM|GYM STREPTOMYCES MEDIUM|ROLLED OATS MINERAL MEDIUM,3
130473,1,GCF_000423865.1,Thermodesulfovibrio thiophilus,Thermodesulfovibrio,Thermodesulfovibrionaceae,55.0,,,anaerobe,,,0
130489,1,GCA_003725775,Marmoricola solisilvae,Marmoricola,Nocardioidaceae,28.0,,,,65|830,GYM STREPTOMYCES MEDIUM|R2A MEDIUM,2
130492,1,GCA_008087085,Nocardioides rubriscoriae,Nocardioides,Nocardioidaceae,29.0,,,aerobe,65,GYM STREPTOMYCES MEDIUM,1
130538,1,GCF_000285595.1,Kurthia senegalensis,Kurthia,Caryophanaceae,28.0,,,,92,TRYPTICASE SOY YEAST EXTRACT MEDIUM,1
130540,1,GCA_042681925,Sporosarcina siberiensis,Sporosarcina,Caryophanaceae,30.0,,,,220,CASO AGAR (Merck 105458),1
130679,1,GCA_011762145,Sphingomonas naasensis,Sphingomonas,Sphingomonadaceae,28.0,,,,1,NUTRIENT AGAR,1
130680,1,GCA_039543105,Sphingomonas daechungensis,Sphingomonas,Sphingomonadaceae,29.0,,,,830,R2A MEDIUM,1
130685,1,GCA_003933235,Sphingorhabdus wooponensis,Sphingorhabdus,Sphingomonadaceae,25.0,,,,,,0
130850,1,GCA_003851125,Sulfuriferula multivorans,Sulfuriferula,Sulfuricellaceae,35.0,,,,,,0
130883,1,GCA_024622035,Phocaeicola vulgatus,Phocaeicola,Bacteroidaceae,37.0,,,anaerobe,339|78,WILKINS-CHALGREN ANAEROBE BROTH|CHOPPED MEAT MEDIUM,2
130994,1,GCA_024621985,Proteus mirabilis,Proteus,Morganellaceae,37.0,,,,1|220,NUTRIENT AGAR|CASO AGAR (Merck 105458),2
131090,1,GCF_900167575.1,Okibacterium fritillariae,Okibacterium,Microbacteriaceae,28.0,,,,92,TRYPTICASE SOY YEAST EXTRACT MEDIUM,1
131098,1,GCA_024623115,Bacteroides acidifaciens,Bacteroides,Bacteroidaceae,37.0,,,anaerobe,693|78,COLUMBIA BLOOD MEDIUM|CHOPPED MEAT MEDIUM,2
131167,1,GCF_018289135.1,Bacteroides xylanisolvens,Bacteroides,Bacteroidaceae,37.0,,,anaerobe,339,WILKINS-CHALGREN ANAEROBE BROTH,1
131250,1,GCA_014199415,Sphingomonas endophytica,Sphingomonas,Sphingomonadaceae,29.0,7.0,0.5,aerobe,535,TRYPTICASE SOY BROTH AGAR,1
131277,1,GCA_019737615,Sphingobium xanthum,Sphingobium,Sphingomonadaceae,28.0,,,,830,R2A MEDIUM,1
131280,1,GCA_011762195,Sphingomonas oligoaromativorans,Sphingomonas,Sphingomonadaceae,28.0,,,,830,R2A MEDIUM,1
131287,1,GCA_001306145,Thermanaerothrix daxensis,Thermanaerothrix,"Anaerolineae, not assigned to family",60.0,,,,,,0
131288,1,GCA_014196745,Sphingomonas kyeonggiensis,Sphingomonas,Sphingomonadaceae,28.0,,,,535,TRYPTICASE SOY BROTH AGAR,1
131311,1,GCA_001642915,Roseimaritima ulvae,Roseimaritima,Pirellulaceae,28.0,,,,,,0
131355,1,GCF_054777915.1,Marmoricola aquaticus,Marmoricola,Nocardioidaceae,28.0,,,,514|830,BACTO MARINE BROTH (DIFCO 2216)|R2A MEDIUM,2
131394,1,GCA_000695095,Gemmatimonas phototrophica,Gemmatimonas,Gemmatimonadaceae,28.0,,,microaerophile,830,R2A MEDIUM,1
131413,1,GCA_013385175,Allochromatium humboldtianum,Allochromatium,Chromatiaceae,26.5,,,anaerobe,,,0
131445,1,GCF_054780075.1,Okibacterium endophyticum,Okibacterium,Microbacteriaceae,28.0,,,aerobe,92,TRYPTICASE SOY YEAST EXTRACT MEDIUM,1
131477,1,GCA_014646015,Microbacterium nanhaiense,Microbacterium,Microbacteriaceae,28.0,,,aerobe,830,R2A MEDIUM,1
131478,1,GCA_000238095,Peptoanaerobacter stomatis,Peptoanaerobacter,Peptostreptococcaceae,37.0,,,anaerobe,104,PYG MEDIUM (modified),1
131518,1,GCA_001688725,Bacteroides caecimuris,Bacteroides,Bacteroidaceae,37.0,,,anaerobe,693|78,COLUMBIA BLOOD MEDIUM|CHOPPED MEAT MEDIUM,2
131597,1,GCA_001422765,Aeromicrobium sp.,Aeromicrobium,Nocardioidaceae,28.0,,,,535|92,TRYPTICASE SOY BROTH AGAR|TRYPTICASE SOY YEAST EXTRACT MEDIUM,2
131600,1,GCA_001426485,Aeromicrobium sp.,Aeromicrobium,Nocardioidaceae,28.0,,,,535|92,TRYPTICASE SOY BROTH AGAR|TRYPTICASE SOY YEAST EXTRACT MEDIUM,2
131603,1,GCA_001426755,Aeromicrobium sp.,Aeromicrobium,Nocardioidaceae,28.0,,,,535|830|92,TRYPTICASE SOY BROTH AGAR|R2A MEDIUM|TRYPTICASE SOY YEAST EXTRACT MEDIUM,3
131683,1,GCA_014196925,Chelatococcus caeni,Chelatococcus,Chelatococcaceae,30.0,,,aerobe,1,NUTRIENT AGAR,1
131692,1,GCA_001424385,Curtobacterium sp.,Curtobacterium,Microbacteriaceae,28.0,,,,1,NUTRIENT AGAR,1
131724,1,GCA_000374165,Frankia elaeagni,Frankia,Frankiaceae,28.0,,,aerobe,,,0
131794,1,GCA_001427145,Microbacterium sp.,Microbacterium,Microbacteriaceae,28.0,,,,92,TRYPTICASE SOY YEAST EXTRACT MEDIUM,1
131797,1,GCA_001425645,Microbacterium sp.,Microbacterium,Microbacteriaceae,28.0,,,,,,0
131800,1,GCA_001427525,Microbacterium sp.,Microbacterium,Microbacteriaceae,28.0,,,,92,TRYPTICASE SOY YEAST EXTRACT MEDIUM,1
131801,1,GCA_001421275,Microbacterium sp.,Microbacterium,Microbacteriaceae,28.0,,,,,,0
131804,1,GCA_001424225,Microbacterium sp.,Microbacterium,Microbacteriaceae,28.0,,,,,,0
131805,1,GCA_001423485,Microbacterium sp.,Microbacterium,Microbacteriaceae,28.0,,,,830,R2A MEDIUM,1
131809,1,GCA_001423825,Microbacterium sp.,Microbacterium,Microbacteriaceae,28.0,,,,,,0
131810,1,GCA_001423645,Microbacterium sp.,Microbacterium,Microbacteriaceae,28.0,,,,830,R2A MEDIUM,1
131819,1,GCA_026013475,Micromonospora yasonensis,Micromonospora,Micromonosporaceae,28.0,,,,535|554|65,TRYPTICASE SOY BROTH AGAR|N-Z-AMINE-MEDIUM|GYM STREPTOMYCES MEDIUM,3
131835,1,GCA_001426745,Nocardioides sp.,Nocardioides,Nocardioidaceae,28.0,,,,535|830,TRYPTICASE SOY BROTH AGAR|R2A MEDIUM,2
131875,1,GCA_001421315,Plantibacter sp.,Plantibacter,Microbacteriaceae,28.0,,,,830,R2A MEDIUM,1
131880,1,GCA_019344855,Proteus vulgaris,Proteus,Morganellaceae,37.0,,,,1|693,NUTRIENT AGAR|COLUMBIA BLOOD MEDIUM,2
131936,1,GCA_001429065,Sphingomonas sp.,Sphingomonas,Sphingomonadaceae,28.0,,,,830,R2A MEDIUM,1
131938,1,GCA_001426255,Sphingomonas sp.,Sphingomonas,Sphingomonadaceae,28.0,,,,830,R2A MEDIUM,1
131939,1,GCA_001428865,Sphingomonas sp.,Sphingomonas,Sphingomonadaceae,28.0,,,,830,R2A MEDIUM,1
131943,1,GCA_001423765,Sphingomonas sp.,Sphingomonas,Sphingomonadaceae,28.0,,,,830,R2A MEDIUM,1
131944,1,GCA_001422525,Sphingomonas sp.,Sphingomonas,Sphingomonadaceae,28.0,,,,830,R2A MEDIUM,1
131945,1,GCA_916858675,Sphingomonas sp.,Sphingomonas,Sphingomonadaceae,28.0,,,,830,R2A MEDIUM,1
131949,1,GCA_001423845,Sphingomonas sp.,Sphingomonas,Sphingomonadaceae,28.0,,,,830,R2A MEDIUM,1
131956,1,GCA_001421285,Sphingomonas sp.,Sphingomonas,Sphingomonadaceae,28.0,,,,830,R2A MEDIUM,1
131957,1,GCA_001426195,Sphingomonas sp.,Sphingomonas,Sphingomonadaceae,28.0,,,,830,R2A MEDIUM,1
131964,1,GCA_001424005,Sphingomonas sp.,Sphingomonas,Sphingomonadaceae,28.0,,,,830,R2A MEDIUM,1
131966,1,GCA_001421155,Sphingomonas sp.,Sphingomonas,Sphingomonadaceae,28.0,,,,830,R2A MEDIUM,1
131967,1,GCA_001421605,Sphingomonas sp.,Sphingomonas,Sphingomonadaceae,28.0,,,,830,R2A MEDIUM,1
131969,1,GCA_001425385,Sphingomonas sp.,Sphingomonas,Sphingomonadaceae,28.0,,,,830,R2A MEDIUM,1
131975,1,GCA_001422495,Sphingomonas sp.,Sphingomonas,Sphingomonadaceae,28.0,,,,830,R2A MEDIUM,1
132025,1,GCA_014646235,Verrucosispora sonchi,Verrucosispora,Micromonosporaceae,28.0,7.5,,aerobe,553|65,GPHF-MEDIUM|GYM STREPTOMYCES MEDIUM,2
132026,1,GCA_009671205,Micromonospora terminaliae,Micromonospora,Micromonosporaceae,32.0,,2.0,aerobe,554|65,N-Z-AMINE-MEDIUM|GYM STREPTOMYCES MEDIUM,2
132031,1,GCA_900155415,Christensenella massiliensis,Christensenella,Christensenellaceae,37.0,,,,,,0
132034,1,GCA_900086705,Massilibacillus massiliensis,Massilibacillus,Sporomusaceae,37.0,,,,,,0
132052,1,GCA_016583905,Lamprobacter modestohalophilus,Lamprobacter,Chromatiaceae,28.0,,,,,,0
132062,1,GCF_000024405.1,Sebaldella termitidis,Sebaldella,Leptotrichiaceae,37.0,,,,1203a,FASTIDIOUS ANAEROBE BROTH,1
132063,1,GCA_002966495,Halomonas sp.,Halomonas,Halomonadaceae,28.0,,,,,,0
132064,1,GCA_001427085,Sphingopyxis sp.,Sphingopyxis,Sphingomonadaceae,28.0,,,,830,R2A MEDIUM,1
132066,1,GCA_001429105,Sphingopyxis sp.,Sphingopyxis,Sphingomonadaceae,28.0,,,,830,R2A MEDIUM,1
132073,1,GCA_001422145,Frigoribacterium sp.,Frigoribacterium,Microbacteriaceae,28.0,,,,92,TRYPTICASE SOY YEAST EXTRACT MEDIUM,1
132075,1,GCA_001429395,Bosea sp.,Bosea,Boseaceae,28.0,,,,1,NUTRIENT AGAR,1
132077,1,GCA_001429415,Bosea sp.,Bosea,Boseaceae,28.0,,,,1,NUTRIENT AGAR,1
132270,1,GCA_007625165,Spiribacter vilamensis,Spiribacter,Ectothiorhodospiraceae,29.0,,,,,,0
132275,1,GCA_001273855,Leucobacter japonicus,Leucobacter,Microbacteriaceae,28.0,,,,,,0
132300,1,GCA_001429165,Agromyces sp.,Agromyces,Microbacteriaceae,28.0,,,,92,TRYPTICASE SOY YEAST EXTRACT MEDIUM,1
132305,1,GCA_001423045,Rathayibacter sp.,Rathayibacter,Microbacteriaceae,28.0,,,,92,TRYPTICASE SOY YEAST EXTRACT MEDIUM,1
132307,1,GCA_001423885,Rathayibacter sp.,Rathayibacter,Microbacteriaceae,28.0,,,,92,TRYPTICASE SOY YEAST EXTRACT MEDIUM,1
132308,1,GCA_001423055,Rathayibacter sp.,Rathayibacter,Microbacteriaceae,28.0,,,,92,TRYPTICASE SOY YEAST EXTRACT MEDIUM,1
132313,1,GCF_965262435.1,Pelomonas sp.,Pelomonas,Sphaerotilaceae,28.0,,,,830,R2A MEDIUM,1
132342,1,GCA_014646195,Microlunatus endophyticus,Microlunatus,Propionibacteriaceae,29.0,7.0,0.0,aerobe,65,GYM STREPTOMYCES MEDIUM,1
132358,1,GCA_004346685,Sulfurirhabdus autotrophica,Sulfurirhabdus,Sulfuricellaceae,18.5,6.199999999999999,,,,,0
132376,1,GCA_014640535,Cnuibacter physcomitrellae,Cnuibacter,Microbacteriaceae,29.0,7.25,1.0,obligate aerobe,830,R2A MEDIUM,1
132391,1,GCA_000016165,Desulforamulus reducens,Desulforamulus,Peptococcaceae,37.0,7.1,,,,,0
132429,1,GCA_001304615,Methanosarcina flavescens,Methanosarcina,Methanosarcinaceae,45.0,7.0,0.05,obligate anaerobe,,,0
132433,1,GCA_014640595,Pseudoclavibacter endophyticus,Pseudoclavibacter,Microbacteriaceae,30.0,8.0,4.0,aerobe,92,TRYPTICASE SOY YEAST EXTRACT MEDIUM,1
132434,1,GCF_054780035.1,Mariniluteicoccus endophyticus,Mariniluteicoccus,Propionibacteriaceae,30.0,7.5,,obligate anaerobe,514,BACTO MARINE BROTH (DIFCO 2216),1
132477,1,GCA_024172085,Hamadaea flava,Hamadaea,Micromonosporaceae,29.0,7.5,,aerobe,554|987,N-Z-AMINE-MEDIUM|ISP 2 MEDIUM,2
132489,1,GCA_001517865,Caviibacter abscessus,Caviibacter,Leptotrichiaceae,37.0,,,,535,TRYPTICASE SOY BROTH AGAR,1
132503,1,GCA_001017655,Kiritimatiella glycovorans,Kiritimatiella,Kiritimatiellaceae,31.5,,,,,,0
132519,1,GCA_010550695,Phytoactinopolyspora alkaliphila,Phytoactinopolyspora,Jiangellaceae,30.0,9.5,,aerobe,215|535,BHI MEDIUM|TRYPTICASE SOY BROTH AGAR,2
132585,1,GCA_002812485,Dickeya fangzhongdai,Dickeya,Pectobacteriaceae,33.5,,,,1,NUTRIENT AGAR,1
132603,1,GCA_010994095,Mumia xiangluensis,Mumia,Nocardioidaceae,28.0,,,,65|830,GYM STREPTOMYCES MEDIUM|R2A MEDIUM,2
132606,1,GCA_015751765,Micromonospora ureilytica,Micromonospora,Micromonosporaceae,28.0,,1.0,aerobe,554|65,N-Z-AMINE-MEDIUM|GYM STREPTOMYCES MEDIUM,2
132607,1,GCA_003264365,Micromonospora noduli,Micromonospora,Micromonosporaceae,28.0,,3.0,aerobe,554|65,N-Z-AMINE-MEDIUM|GYM STREPTOMYCES MEDIUM,2
132610,1,GCA_001412615,Pyrodictium delaneyi,Pyrodictium,Pyrodictiaceae,91.0,5.0,1.9,obligate anaerobe,,,0
132611,1,GCA_001660485,Agromyces aureus,Agromyces,Microbacteriaceae,28.0,7.0,,microaerophile,,,0
132639,1,GCA_001611555,Anaerosporomusa subterranea,Anaerosporomusa,Sporomusaceae,28.0,6.8,,anaerobe,,,0
132676,1,GCA_004143605,Desulforamulus aquiferis,Desulforamulus,Peptococcaceae,42.0,7.4,,anaerobe,,,0
132875,1,GCF_900115305.1,Algoriphagus ornithinivorans,Algoriphagus,Cyclobacteriaceae,37.0,,,,514,BACTO MARINE BROTH (DIFCO 2216),1
132885,1,GCA_003385845,Kushneria indalinina,Kushneria,Halomonadaceae,27.5,7.0,8.75,aerobe,514,BACTO MARINE BROTH (DIFCO 2216),1
132926,1,GCF_900095885.1,Dickeya aquatica,Dickeya,Pectobacteriaceae,28.0,,,,1,NUTRIENT AGAR,1
132961,1,GCA_900177765,Agreia sp.,Agreia,Microbacteriaceae,25.0,,,,92,TRYPTICASE SOY YEAST EXTRACT MEDIUM,1
132991,1,GCA_023712105,Larsenimonas suaedae,Larsenimonas,Halomonadaceae,35.0,7.5,,obligate aerobe,,,0
133022,1,GCA_003327285,Microbacterium sorbitolivorans,Microbacterium,Microbacteriaceae,30.0,7.0,,facultative anaerobe,92,TRYPTICASE SOY YEAST EXTRACT MEDIUM,1
133072,1,GCA_016446285,Desulfobulbus oligotrophicus,Desulfobulbus,Desulfobulbaceae,35.0,7.6,,obligate anaerobe,,,0
133079,1,GCA_016907475,Nocardioides cavernae,Nocardioides,Nocardioidaceae,28.0,7.0,,aerobe,535|830,TRYPTICASE SOY BROTH AGAR|R2A MEDIUM,2
133091,1,GCA_001186155,Planococcus versutus,Planococcus,Caryophanaceae,25.0,7.5,,aerobe,514,BACTO MARINE BROTH (DIFCO 2216),1
133103,1,GCA_016881145,Subtercola lobariae,Subtercola,Microbacteriaceae,20.0,6.0,,aerobe,65|830,GYM STREPTOMYCES MEDIUM|R2A MEDIUM,2
133219,1,GCA_014640075,Chelatococcus reniformis,Chelatococcus,Chelatococcaceae,27.5,7.0,,aerobe,830,R2A MEDIUM,1
139836,1,GCA_002869785,Tsukamurella tyrosinosolvens,Tsukamurella,Tsukamurellaceae,28.0,,,,535|65,TRYPTICASE SOY BROTH AGAR|GYM STREPTOMYCES MEDIUM,2
139936,1,GCA_009707365,Microlunatus sp.,Microlunatus,Propionibacteriaceae,28.0,,,,830|92,R2A MEDIUM|TRYPTICASE SOY YEAST EXTRACT MEDIUM,2
140034,1,GCA_000296695,Rheinheimera nanhaiensis,Rheinheimera,Chromatiaceae,37.0,8.0,1.5,facultative aerobe,514,BACTO MARINE BROTH (DIFCO 2216),1
140069,1,GCA_039544225,Microbacterium jejuense,Microbacterium,Microbacteriaceae,28.0,,,,514,BACTO MARINE BROTH (DIFCO 2216),1
140070,1,GCA_014204935,Conyzicola lurida,Conyzicola,Microbacteriaceae,25.0,,,aerobe,830,R2A MEDIUM,1
140071,1,GCA_016909155,Chryseomicrobium aureum,Chryseomicrobium,Caryophanaceae,28.0,,,,220,CASO AGAR (Merck 105458),1
140082,1,GCA_002072955,Methyloprofundus sedimenti,Methyloprofundus,Methylococcaceae,20.0,,,,,,0
140096,1,GCA_008065115,Bythopirellula goksoeyrii,Bythopirellula,Lacipirellulaceae,28.0,,,,,,0
140105,1,GCA_003100395,Aquabacterium olei,Aquabacterium,Sphaerotilaceae,28.0,,,,830,R2A MEDIUM,1
140144,1,GCA_000953535,Fermentimonas caenicola,Fermentimonas,Dysgonomonadaceae,38.5,7.1,0.0,facultative anaerobe,110,CHOPPED MEAT MEDIUM WITH CARBOHYDRATES,1
140182,1,GCF_042465725.1,Microcoleus anatoxicus,Microcoleus,Microcoleaceae,23.0,,,,,,0
140227,1,GCF_046565525.1,Coleofasciculus sp.,Coleofasciculus,Coleofasciculaceae,17.0,,,,pdf,,1
140262,1,GCA_003057965,Thermodesulfobium acidiphilum,Thermodesulfobium,Thermodesulfobiaceae,54.0,4.9,1.0,obligate anaerobe,,,0
140309,1,GCA_006346315,Nocardioides litoris,Nocardioides,Nocardioidaceae,28.0,7.6,0.0,aerobe,514|65,BACTO MARINE BROTH (DIFCO 2216)|GYM STREPTOMYCES MEDIUM,2
140320,1,GCA_002351485,Sphingomonas spermidinifaciens,Sphingomonas,Sphingomonadaceae,30.0,7.0,0.0,aerobe,830,R2A MEDIUM,1
140321,1,GCA_003428165,Cysteiniphilum litorale,Cysteiniphilum,Fastidiosibacteraceae,30.0,7.5,,microaerophile,,,0
140331,1,GCF_054779895.1,Microbacterium lacusdiani,Microbacterium,Microbacteriaceae,28.0,,,,65,GYM STREPTOMYCES MEDIUM,1
140358,1,GCA_014641655,Blastomonas marina,Blastomonas,Sphingomonadaceae,25.0,7.0,1.0,facultative anaerobe,514,BACTO MARINE BROTH (DIFCO 2216),1
140407,1,GCA_002087295,Halomonas lionensis,Halomonas,Halomonadaceae,27.5,,,,514,BACTO MARINE BROTH (DIFCO 2216),1
140456,1,GCF_025464835.1,Mycetocola sp.,Mycetocola,Microbacteriaceae,28.0,,,,92,TRYPTICASE SOY YEAST EXTRACT MEDIUM,1
140461,1,GCA_008087665,Mariniblastus fucicola,Mariniblastus,Pirellulaceae,25.0,7.5,2.5,aerobe,,,0
140803,1,GCA_001293525,Ideonella sakaiensis,Ideonella,Sphaerotilaceae,33.5,7.25,,aerobe,1|535|545|830,NUTRIENT AGAR|TRYPTICASE SOY BROTH AGAR|TRYPTONE SOYA BROTH (TSB)|R2A MEDIUM,4
141165,1,GCA_900113315,Sphingomonas jatrophae,Sphingomonas,Sphingomonadaceae,29.0,6.5,4.0,obligate aerobe,830,R2A MEDIUM,1
157183,1,GCA_018390695,Ancylobacter sonchi,Ancylobacter,Xanthobacteraceae,25.5,7.75,0.05,aerobe,830,R2A MEDIUM,1
157638,1,GCF_049671445.1,Paenisporosarcina sp.,Paenisporosarcina,Caryophanaceae,20.0,,,,514,BACTO MARINE BROTH (DIFCO 2216),1
157648,1,GCA_020735805,Helicobacter pylori,Helicobacter,Helicobacteraceae,37.0,,,,693,COLUMBIA BLOOD MEDIUM,1
157663,1,GCA_003313565,Clostridioides difficile,Clostridioides,Peptostreptococcaceae,37.0,,,,78,CHOPPED MEAT MEDIUM,1
157664,1,GCA_003313585,Clostridioides difficile,Clostridioides,Peptostreptococcaceae,37.0,,,,78,CHOPPED MEAT MEDIUM,1
157669,1,GCA_003457035,Clostridioides difficile,Clostridioides,Peptostreptococcaceae,37.0,,,,78,CHOPPED MEAT MEDIUM,1
157670,1,GCA_014236775,Clostridioides difficile,Clostridioides,Peptostreptococcaceae,37.0,,,,339,WILKINS-CHALGREN ANAEROBE BROTH,1
157795,1,GCF_000367205.1,Cutibacterium avidum,Cutibacterium,Propionibacteriaceae,37.0,,,,92,TRYPTICASE SOY YEAST EXTRACT MEDIUM,1
158026,1,GCF_006494815.1,Nocardioides sambongensis,Nocardioides,Nocardioidaceae,30.0,7.5,,aerobe,535|830,TRYPTICASE SOY BROTH AGAR|R2A MEDIUM,2
158033,1,GCA_000224695,Sphingobium yanoikuyae,Sphingobium,Sphingomonadaceae,28.0,,,,457|535,MINERAL MEDIUM (BRUNNER)|TRYPTICASE SOY BROTH AGAR,2
158061,1,GCF_000156195.1,Bacteroides finegoldii,Bacteroides,Bacteroidaceae,37.0,,,,104,PYG MEDIUM (modified),1
158121,1,GCA_012062845,Halomonas sp.,Halomonas,Halomonadaceae,28.0,,,,514,BACTO MARINE BROTH (DIFCO 2216),1
158122,1,GCA_005780185,Halomonas urmiana,Halomonas,Halomonadaceae,28.0,,,,514,BACTO MARINE BROTH (DIFCO 2216),1
158135,1,GCF_025779955.1,Mycoplasma enhydrae,Mycoplasma,Mycoplasmataceae,35.0,,,,1076b,SP4-Z MEDIUM,1
158189,1,GCF_032550575.1,Dermabacter sp.,Dermabacter,Dermabacteraceae,28.0,,,,92,TRYPTICASE SOY YEAST EXTRACT MEDIUM,1
158224,1,GCA_016865255,Methylomonas sp.,Methylomonas,Methylococcaceae,25.0,,,,,,0
158266,1,GCA_004526345,Ornithinimicrobium flavum,Ornithinimicrobium,Ornithinimicrobiaceae,28.5,,,aerobe,514,BACTO MARINE BROTH (DIFCO 2216),1
158290,1,GCA_002307355,Pectobacterium polaris,Pectobacterium,Pectobacteriaceae,37.0,,,,1,NUTRIENT AGAR,1
158343,1,GCA_001956315,Sphingomonas montana,Sphingomonas,Sphingomonadaceae,28.0,,,,830,R2A MEDIUM,1
158363,1,GCF_000235425.2,Frankia saprophytica,Frankia,Frankiaceae,28.0,,,aerobe,,,0
158375,1,GCA_042676645,Micromonospora azadirachtae,Micromonospora,Micromonosporaceae,28.0,,,aerobe,535|554|65|83,TRYPTICASE SOY BROTH AGAR|N-Z-AMINE-MEDIUM|GYM STREPTOMYCES MEDIUM|CZAPEK PEPTONE AGAR,4
158409,1,GCA_003287575,Photorhabdus laumondii subsp. clarkei,Photorhabdus,Morganellaceae,28.0,,,,535,TRYPTICASE SOY BROTH AGAR,1
158442,1,GCA_002970975,Microbacterium halophytorum,Microbacterium,Microbacteriaceae,28.0,7.0,,aerobe,545,TRYPTONE SOYA BROTH (TSB),1
158757,1,GCA_001752395,Rheinheimera salexigens,Rheinheimera,Chromatiaceae,34.5,7.0,3.0,obligate aerobe,514,BACTO MARINE BROTH (DIFCO 2216),1
158895,1,GCA_009695815,Peptostreptococcus porci,Peptostreptococcus,Peptostreptococcaceae,37.0,,,,339,WILKINS-CHALGREN ANAEROBE BROTH,1
158928,1,GCA_004137795,Pectobacterium zantedeschiae,Pectobacterium,Pectobacteriaceae,28.0,,,,1|535,NUTRIENT AGAR|TRYPTICASE SOY BROTH AGAR,2
159083,1,GCA_007752935,Crateriforma conspicua,Crateriforma,Pirellulaceae,36.0,7.5,,,,,0
159193,1,GCA_037154195,Sphingobium aromaticivastans,Sphingobium,Sphingomonadaceae,28.0,,,,1|535,NUTRIENT AGAR|TRYPTICASE SOY BROTH AGAR,2
159194,1,GCA_012843435,Psychrobacillus sp.,Psychrobacillus,Caryophanaceae,25.0,,,,220,CASO AGAR (Merck 105458),1
159195,1,GCF_051656405.1,Paraclostridium sp.,Paraclostridium,Peptostreptococcaceae,37.0,,,,339|693,WILKINS-CHALGREN ANAEROBE BROTH|COLUMBIA BLOOD MEDIUM,2
159401,1,GCA_003660265,Helicobacter mehlei,Helicobacter,Helicobacteraceae,37.0,,,,693,COLUMBIA BLOOD MEDIUM,1
159402,1,GCA_003660285,Helicobacter labacensis,Helicobacter,Helicobacteraceae,37.0,,,,693,COLUMBIA BLOOD MEDIUM,1
159430,1,GCF_023935825.1,Sphingomonas aerolata,Sphingomonas,Sphingomonadaceae,28.0,,,,92,TRYPTICASE SOY YEAST EXTRACT MEDIUM,1
159433,1,GCA_003343225,Photorhabdus laumondii,Photorhabdus,Morganellaceae,28.0,,,,1|535,NUTRIENT AGAR|TRYPTICASE SOY BROTH AGAR,2
159445,1,GCA_009695745,Pyramidobacter porci,Pyramidobacter,Dethiosulfovibrionaceae,37.0,,,,339,WILKINS-CHALGREN ANAEROBE BROTH,1
159464,1,GCA_003611585,Corallococcus exercitus,Corallococcus,Myxococcaceae,28.0,,,,9,VY/2 AGAR,1
159505,1,GCF_018292205.1,Bacteroides caccae,Bacteroides,Bacteroidaceae,37.0,,,,1203a|693,FASTIDIOUS ANAEROBE BROTH|COLUMBIA BLOOD MEDIUM,2
159526,1,GCF_031172035.1,Bacteroides salyersiae,Bacteroides,Bacteroidaceae,37.0,,,,1203a|693,FASTIDIOUS ANAEROBE BROTH|COLUMBIA BLOOD MEDIUM,2
159547,1,GCA_018913965,Mycoplasma sp.,Mycoplasma,Mycoplasmataceae,37.0,,,,1076b,SP4-Z MEDIUM,1
159607,1,GCA_006542685,Alistipes dispar,Alistipes,Rikenellaceae,37.0,,,,78,CHOPPED MEAT MEDIUM,1
159611,1,GCA_004137245,Nocardioides glacieisoli,Nocardioides,Nocardioidaceae,28.0,,,,535|65|830,TRYPTICASE SOY BROTH AGAR|GYM STREPTOMYCES MEDIUM|R2A MEDIUM,3
159617,1,GCA_014647515,Dactylosporangium sucinum,Dactylosporangium,Micromonosporaceae,28.0,,,,554|84,N-Z-AMINE-MEDIUM|ROLLED OATS MINERAL MEDIUM,2
159632,1,GCA_006228125,Micromonospora orduensis,Micromonospora,Micromonosporaceae,30.0,7.2,,aerobe,535|553|554|65,TRYPTICASE SOY BROTH AGAR|GPHF-MEDIUM|N-Z-AMINE-MEDIUM|GYM STREPTOMYCES MEDIUM,4
159646,1,GCA_037154135,Sphingobium aquiterrae,Sphingobium,Sphingomonadaceae,25.0,,0.0,aerobe,830,R2A MEDIUM,1
159696,1,GCA_009646095,Raineyella fluvialis,Raineyella,Propionibacteriaceae,25.0,,,,830,R2A MEDIUM,1
159898,1,GCA_900155645,Vaginimicrobium propionicum,Vaginimicrobium,Propionibacteriaceae,37.0,,,,104,PYG MEDIUM (modified),1
159899,1,GCA_008642235,Planctomonas psychrotolerans,Planctomonas,Microbacteriaceae,25.0,,,,92,TRYPTICASE SOY YEAST EXTRACT MEDIUM,1
159906,1,GCA_900104605,Tidjanibacter massiliensis,Tidjanibacter,Rikenellaceae,37.0,,,,693|78,COLUMBIA BLOOD MEDIUM|CHOPPED MEAT MEDIUM,2
160023,1,GCF_032229645.1,Brooklawnia sp.,Brooklawnia,Propionibacteriaceae,37.0,,,,104,PYG MEDIUM (modified),1
160127,1,GCA_007860045,Stieleria varia,Stieleria,Pirellulaceae,33.0,7.5,,aerobe,,,0
160162,1,GCA_007750855,Pirellulimonas nuda,Pirellulimonas,Lacipirellulaceae,24.0,6.5,,,,,0
160227,1,GCA_003065605,Aeromicrobium chenweiae,Aeromicrobium,Nocardioidaceae,28.0,,,,215|535|65|830|987,BHI MEDIUM|TRYPTICASE SOY BROTH AGAR|GYM STREPTOMYCES MEDIUM|R2A MEDIUM|ISP 2 MEDIUM,5
160292,1,GCA_001887775,Syntrophotalea acetylenivorans,Syntrophotalea,Syntrophotaleaceae,28.0,,,,,,0
160351,1,GCA_008727755,Microbacterium caowuchunii,Microbacterium,Microbacteriaceae,28.0,,,,693,COLUMBIA BLOOD MEDIUM,1
160371,1,GCA_004745425,Methanolobus halotolerans,Methanolobus,Methanosarcinaceae,30.0,,,,,,0
160441,1,GCA_009299835,Microlunatus speluncae,Microlunatus,Propionibacteriaceae,27.0,,,aerobe,830,R2A MEDIUM,1
160513,1,GCA_007753265,Botrimarina mediterranea,Botrimarina,Lacipirellulaceae,30.0,6.5,,,,,0
160524,1,GCF_007754155.1,Stieleria neptunia,Stieleria,Pirellulaceae,28.0,,,,,,0
160572,1,GCA_007859935,Posidoniimonas polymericola,Posidoniimonas,Lacipirellulaceae,27.0,7.5,,,,,0
160580,1,GCF_024979315.1,Herbiconiux oxytropis,Herbiconiux,Microbacteriaceae,28.0,,,,,,0
160581,1,GCF_004297105.1,Herbiconiux sp.,Herbiconiux,Microbacteriaceae,28.0,,,,92,TRYPTICASE SOY YEAST EXTRACT MEDIUM,1
160607,1,GCF_035576025.1,Plantibacter sp.,Plantibacter,Microbacteriaceae,28.0,,,,92,TRYPTICASE SOY YEAST EXTRACT MEDIUM,1
160609,1,GCA_014982965,Phocaeicola dorei,Phocaeicola,Bacteroidaceae,37.0,,,,1203a|693,FASTIDIOUS ANAEROBE BROTH|COLUMBIA BLOOD MEDIUM,2
160632,1,GCA_007748115,Bremerella volcania,Bremerella,Pirellulaceae,36.0,7.0,,,,,0
160643,1,GCF_006542645.1,Alistipes onderdonkii,Alistipes,Rikenellaceae,37.0,,,,104,PYG MEDIUM (modified),1
160653,1,GCA_900155865,Bacteroides bouchesdurhonensis,Bacteroides,Bacteroidaceae,37.0,,,,1203a|693,FASTIDIOUS ANAEROBE BROTH|COLUMBIA BLOOD MEDIUM,2
160659,1,GCF_042654465.1,Planococcus dechangensis,Planococcus,Caryophanaceae,28.0,,,,92,TRYPTICASE SOY YEAST EXTRACT MEDIUM,1
160673,1,GCF_900105065.1,Friedmanniella luteola,Friedmanniella,Propionibacteriaceae,28.0,,,,,,0
160733,1,GCF_033880585.1,Lysinibacillus louembei,Lysinibacillus,Caryophanaceae,30.0,,,,220,CASO AGAR (Merck 105458),1
160765,1,GCA_900130135,Bacteroides togonis,Bacteroides,Bacteroidaceae,37.0,,,,1203a|693,FASTIDIOUS ANAEROBE BROTH|COLUMBIA BLOOD MEDIUM,2
160770,1,GCA_003344635,Desertihabitans aurantiacus,Desertihabitans,Propionibacteriaceae,28.0,7.0,,,92,TRYPTICASE SOY YEAST EXTRACT MEDIUM,1
160805,1,GCF_042873195.1,Micromonospora arida,Micromonospora,Micromonosporaceae,28.0,,,,554|65,N-Z-AMINE-MEDIUM|GYM STREPTOMYCES MEDIUM,2
160806,1,GCA_000307285,Kurthia sp.,Kurthia,Caryophanaceae,28.0,,,,92,TRYPTICASE SOY YEAST EXTRACT MEDIUM,1
160811,1,GCA_002982315,Leucobacter massiliensis,Leucobacter,Microbacteriaceae,28.0,,,,92,TRYPTICASE SOY YEAST EXTRACT MEDIUM,1
160814,1,GCF_035685985.1,Baekduia sp.,Baekduia,Baekduiaceae,28.0,,,,830,R2A MEDIUM,1
160818,1,GCA_900289195,Propionibacterium ruminifibrarum,Propionibacterium,Propionibacteriaceae,39.0,7.0,,aerotolerant,104,PYG MEDIUM (modified),1
160823,1,GCA_001678845,Christensenella intestinihominis,Christensenella,Christensenellaceae,37.0,,,,104c,PY + X MEDIUM (N2/CO2),1
166358,1,GCA_007859955,Botrimarina colliarenosi,Botrimarina,Lacipirellulaceae,30.0,6.5,,,,,0
166370,1,GCA_007860135,Novipirellula artificiosorum,Novipirellula,Pirellulaceae,27.0,7.5,,aerobe,,,0
166409,1,GCA_007860185,Novipirellula aureliae,Novipirellula,Pirellulaceae,30.0,7.5,,,,,0
166480,1,GCA_900609045,Filibacter tadaridae,Filibacter,Caryophanaceae,26.5,7.5,,,535,TRYPTICASE SOY BROTH AGAR,1
166780,1,GCA_011174675,Perlabentimonas gracilis,Perlabentimonas,Tenuifilaceae,30.0,,,,,,0
166890,1,GCA_013008635,Mycoplasma miroungigenitalium,Mycoplasma,Mycoplasmataceae,37.0,,,,1076b,SP4-Z MEDIUM,1
166965,1,GCA_013008815,Mycoplasma miroungirhinis,Mycoplasma,Mycoplasmataceae,37.0,,,,1076b,SP4-Z MEDIUM,1
167145,1,GCA_900239975,Chlamydia poikilotherma,Chlamydia,Chlamydiaceae,28.0,,,,pdf,,1
167264,1,GCA_004769405,Leptospira selangorensis,Leptospira,Leptospiraceae,30.0,,,,,,0
167291,1,GCA_007859765,Posidoniimonas corsicana,Posidoniimonas,Lacipirellulaceae,20.0,,,,,,0
167658,1,GCA_003236295,Jiangella anatolica,Jiangella,Jiangellaceae,28.0,,,,215|65,BHI MEDIUM|GYM STREPTOMYCES MEDIUM,2
167782,1,GCA_009650215,Actinomarinicola tropica,Actinomarinicola,Iamiaceae,28.0,,,,514,BACTO MARINE BROTH (DIFCO 2216),1
167848,1,GCA_007741475,Rosistilla ulvae,Rosistilla,Pirellulaceae,28.0,,,,,,0
168158,1,GCA_014904065,Gulosibacter sediminis,Gulosibacter,Microbacteriaceae,28.0,,,,514,BACTO MARINE BROTH (DIFCO 2216),1
168301,1,GCA_003254665,Halomonas lactosivorans,Halomonas,Halomonadaceae,28.0,,,,514,BACTO MARINE BROTH (DIFCO 2216),1
168338,1,GCA_910593785,Leucobacter soli,Leucobacter,Microbacteriaceae,28.0,,,,92,TRYPTICASE SOY YEAST EXTRACT MEDIUM,1
168591,1,GCA_006151975,Mumia zhuanghuii,Mumia,Nocardioidaceae,28.0,,,,215|535|830,BHI MEDIUM|TRYPTICASE SOY BROTH AGAR|R2A MEDIUM,3
168954,1,GCA_007970665,Baekduia soli,Baekduia,Baekduiaceae,28.0,,,,,,0
169206,1,GCA_000162535,Bacteroides sp.,Bacteroides,Bacteroidaceae,37.0,,,,1203a|693|78,FASTIDIOUS ANAEROBE BROTH|COLUMBIA BLOOD MEDIUM|CHOPPED MEAT MEDIUM,3
169207,1,GCF_024704915.1,Bacteroides muris,Bacteroides,Bacteroidaceae,37.0,,,,693|78,COLUMBIA BLOOD MEDIUM|CHOPPED MEAT MEDIUM,2
169332,1,GCA_007860215,Crateriforma conspicua,Crateriforma,Pirellulaceae,20.0,,,,,,0
169457,1,GCF_037065425.1,Phocaeicola sp.,Phocaeicola,Bacteroidaceae,37.0,,,,1203a|693|78,FASTIDIOUS ANAEROBE BROTH|COLUMBIA BLOOD MEDIUM|CHOPPED MEAT MEDIUM,3
169465,1,GCA_018835585,Pelorhabdus rhamnosifermentans,Pelorhabdus,Sporomusaceae,30.0,,,,,,0
169516,1,GCA_014836535,Microbacterium pullorum,Microbacterium,Microbacteriaceae,37.0,,,,92,TRYPTICASE SOY YEAST EXTRACT MEDIUM,1
169543,1,GCF_014836945.1,Microbacterium commune,Microbacterium,Microbacteriaceae,37.0,,,,92,TRYPTICASE SOY YEAST EXTRACT MEDIUM,1
169558,1,GCF_900108345.1,Bacteroides ndongoniae,Bacteroides,Bacteroidaceae,37.0,,,,78,CHOPPED MEAT MEDIUM,1
169559,1,GCF_900128455.1,Bacteroides mediterraneensis,Bacteroides,Bacteroidaceae,37.0,,,,1203a,FASTIDIOUS ANAEROBE BROTH,1
169560,1,GCF_047602245.1,Propioniciclava sp.,Propioniciclava,Propionibacteriaceae,28.0,,,,92,TRYPTICASE SOY YEAST EXTRACT MEDIUM,1
169561,1,GCA_021568795,Dethiosulfovibrio faecalis,Dethiosulfovibrio,Dethiosulfovibrionaceae,30.0,,,,,,0
169596,1,GCA_025486335,Mycoplasma zalophi,Mycoplasma,Mycoplasmataceae,37.0,,,,1076b,SP4-Z MEDIUM,1
169603,1,GCF_012934885.1,Mycoplasma phocoeninasale,Mycoplasma,Mycoplasmataceae,35.0,,,,1076b,SP4-Z MEDIUM,1
169633,1,GCF_002797715.1,Diaminobutyricimonas aerilata,Diaminobutyricimonas,Microbacteriaceae,28.0,,,,92,TRYPTICASE SOY YEAST EXTRACT MEDIUM,1
169645,1,GCF_016714275.1,Tessaracoccus sp.,Tessaracoccus,Propionibacteriaceae,28.0,,,,92,TRYPTICASE SOY YEAST EXTRACT MEDIUM,1
169647,1,GCF_009739415.1,Alistipes sp.,Alistipes,Rikenellaceae,37.0,,,,110,CHOPPED MEAT MEDIUM WITH CARBOHYDRATES,1
169710,1,GCF_013618865.1,Phocaeicola faecicola,Phocaeicola,Bacteroidaceae,37.0,,,,104,PYG MEDIUM (modified),1
169720,1,GCA_020268605,Arsenophonus apicola,Arsenophonus,Morganellaceae,28.0,,,,215|381|535,BHI MEDIUM|LB (Luria-Bertani) MEDIUM|TRYPTICASE SOY BROTH AGAR,3
169771,1,GCA_021654335,Sideroxyarcus emersonii,Sideroxyarcus,Gallionellaceae,30.0,,,,,,0
169779,1,GCA_014836985,Planococcus wigleyi,Planococcus,Caryophanaceae,37.0,,,,92,TRYPTICASE SOY YEAST EXTRACT MEDIUM,1
169783,1,GCA_014836845,Ureibacillus galli,Ureibacillus,Caryophanaceae,37.0,,,,220|545,CASO AGAR (Merck 105458)|TRYPTONE SOYA BROTH (TSB),2
170281,1,GCA_022919155,Leucobacter allii,Leucobacter,Microbacteriaceae,28.0,,,,92,TRYPTICASE SOY YEAST EXTRACT MEDIUM,1
170527,1,GCF_023231945.1,Scleromatobacter humisilvae,Scleromatobacter,Sphaerotilaceae,24.0,,,,535|545|830,TRYPTICASE SOY BROTH AGAR|TRYPTONE SOYA BROTH (TSB)|R2A MEDIUM,3
170546,1,GCF_023646285.2,Helicobacter colisuis,Helicobacter,Helicobacteraceae,37.0,,,,693,COLUMBIA BLOOD MEDIUM,1
170849,1,GCF_025060895.1,Stieleria sedimenti,Stieleria,Pirellulaceae,25.0,,,,,,0
174508,1,GCF_023101185.1,Microbacterium galbinum,Microbacterium,Microbacteriaceae,28.0,,,,92,TRYPTICASE SOY YEAST EXTRACT MEDIUM,1
174688,1,GCF_032594095.1,Methanimicrococcus hongohii,Methanimicrococcus,Methanosarcinaceae,37.0,,,,,,0
174731,1,GCF_042651805.1,Steroidobacter flavus,Steroidobacter,Steroidobacteraceae,28.0,,,,1|535|830|987,NUTRIENT AGAR|TRYPTICASE SOY BROTH AGAR|R2A MEDIUM|ISP 2 MEDIUM,4
174737,1,GCF_027923225.1,Phytohabitans aurantiacus,Phytohabitans,Micromonosporaceae,28.0,,,,554|65,N-Z-AMINE-MEDIUM|GYM STREPTOMYCES MEDIUM,2
175022,1,GCF_004346745.1,Sodalis ligni,Sodalis,Pectobacteriaceae,28.0,,,,1|535|830,NUTRIENT AGAR|TRYPTICASE SOY BROTH AGAR|R2A MEDIUM,3
175061,1,GCF_041354945.1,Microcoleus sp.,Microcoleus,Microcoleaceae,17.0,,,,pdf,,1
175090,1,GCF_022227785.1,Ectothiorhodospira lacustris,Ectothiorhodospira,Ectothiorhodospiraceae,25.0,,,,pdf,,1
175101,1,GCF_024623065.1,Bacteroides acidifaciens,Bacteroides,Bacteroidaceae,37.0,,,,,,0
175267,1,GCF_035231185.1,Microbacterium plantarum,Microbacterium,Microbacteriaceae,28.0,,,,92,TRYPTICASE SOY YEAST EXTRACT MEDIUM,1
175464,1,GCF_030077865.1,Mycoplasma phocimorsus,Mycoplasma,Mycoplasmataceae,37.0,,,,1076b,SP4-Z MEDIUM,1
175465,1,GCF_032714475.1,Methanolapillus africanus,Methanolapillus,Methanosarcinaceae,37.0,,,,,,0
175487,1,GCF_023555005.1,Halomonas llamarensis,Halomonas,Halomonadaceae,30.0,,,,pdf,,1
175494,1,GCF_030433675.1,Leifsonia virtsii,Leifsonia,Microbacteriaceae,25.0,,,,92,TRYPTICASE SOY YEAST EXTRACT MEDIUM,1
175504,1,GCF_030297015.1,Brooklawnia propionicigenes,Brooklawnia,Propionibacteriaceae,30.0,,,,104,PYG MEDIUM (modified),1
175535,1,GCF_032594115.1,Methanolapillus millepedarum,Methanolapillus,Methanosarcinaceae,37.0,,,,,,0
175536,1,GCF_032594355.1,Methanolapillus ohkumae,Methanolapillus,Methanosarcinaceae,37.0,,,,,,0
176047,1,GCF_024505185.1,Methylomonas subterranea,Methylomonas,Methylococcaceae,28.0,,,,,,0
176663,1,GCF_013294065.1,Sphaerotilus uruguayifluvii,Sphaerotilus,Sphaerotilaceae,30.0,,,,830,R2A MEDIUM,1
176688,1,GCF_041770905.1,Dentiradicibacter hellwigii,Dentiradicibacter,"Betaproteobacteria, not assigned to family",37.0,,,,,,0
176702,1,GCF_025943985.1,Anaerorudis cellulosivorans,Anaerorudis,Dysgonomonadaceae,37.0,,,,104|1203a,PYG MEDIUM (modified)|FASTIDIOUS ANAEROBE BROTH,2
176799,1,GCF_043831965.1,Xanthobacter variabilis,Xanthobacter,Xanthobacteraceae,30.0,,,,1,NUTRIENT AGAR,1
176943,1,GCF_036421995.1,Plantactinospora veratri,Plantactinospora,Micromonosporaceae,28.0,,,,553|554|65,GPHF-MEDIUM|N-Z-AMINE-MEDIUM|GYM STREPTOMYCES MEDIUM,3
177041,1,GCF_031845925.1,Micromonospora reichwaldensis,Micromonospora,Micromonosporaceae,28.0,,,,554|65,N-Z-AMINE-MEDIUM|GYM STREPTOMYCES MEDIUM,2
177070,1,GCF_037204165.1,Microbacterium marmarense,Microbacterium,Microbacteriaceae,28.0,,,,514,BACTO MARINE BROTH (DIFCO 2216),1
177103,1,GCF_034531355.1,Microbacterium xanthum,Microbacterium,Microbacteriaceae,28.0,,,,92,TRYPTICASE SOY YEAST EXTRACT MEDIUM,1
177115,1,GCF_043194675.1,Xanthobacter lutulentifluminis,Xanthobacter,Xanthobacteraceae,30.0,,,,1,NUTRIENT AGAR,1
3,2,GCF_965286365.1,Acetobacter cerevisiae,Acetobacter,Acetobacteraceae,25.5,,0.0,obligate aerobe,,,0
8,2,GCA_000964205,Acetobacter orleanensis,Acetobacter,Acetobacteraceae,29.0,,,aerobe,,,0
12,2,GCA_001580535,Acetobacter cerevisiae,Acetobacter,Acetobacteraceae,30.0,,,obligate aerobe,,,0
13,2,GCA_001580615,Acetobacter malorum,Acetobacter,Acetobacteraceae,29.0,,0.0,obligate aerobe,,,0
14,2,GCA_007989285,Acetobacter syzygii,Acetobacter,Acetobacteraceae,30.0,,0.0,obligate aerobe,,,0
16,2,GCA_000963965,Acetobacter orientalis,Acetobacter,Acetobacteraceae,30.0,,,obligate aerobe,,,0
18,2,GCA_000963945,Acetobacter indonesiensis,Acetobacter,Acetobacteraceae,30.0,,,,,,0
21,2,GCA_001580995,Acetobacter senegalensis,Acetobacter,Acetobacteraceae,35.0,,,obligate aerobe,,,0
26,2,GCF_000016725.1,Acidiphilium cryptum,Acidiphilium,Acetobacteraceae,38.0,,3.0,aerobe,,,0
33,2,GCA_007988925,Acidomonas methanolica,Acidomonas,Acetobacteraceae,30.0,,,,,,0
34,2,GCA_014635085,Asaia siamensis,Asaia,Acetobacteraceae,30.0,,0.0,obligate aerobe,,,0
38,2,GCA_000745835,Belnapia moabensis,Belnapia,Acetobacteraceae,25.0,7.0,,aerobe,,,0
40,2,GCA_014174315,Gluconacetobacter diazotrophicus,Gluconacetobacter,Acetobacteraceae,29.0,,,,,,0
45,2,GCA_000613305,Komagataeibacter kakiaceti,Komagataeibacter,Acetobacteraceae,28.0,,,aerobe,,,0
46,2,GCA_000011685,Gluconobacter oxydans,Gluconobacter,Acetobacteraceae,28.0,,,obligate aerobe,,,0
50,2,GCF_000583855.1,Gluconobacter oxydans,Gluconobacter,Acetobacteraceae,30.0,,,,92,TRYPTICASE SOY YEAST EXTRACT MEDIUM,1
61,2,GCA_017311525,Roseococcus suduntuyensis,Roseococcus,Acetobacteraceae,25.0,,,,,,0
68,2,GCA_014490445,Teichococcus ludipueritiae,Teichococcus,Acetobacteraceae,29.0,,0.0,aerobe,535,TRYPTICASE SOY BROTH AGAR,1
69,2,GCA_900141905,Roseomonas rosea,Roseomonas,Acetobacteraceae,30.0,,0.0,obligate aerobe,535,TRYPTICASE SOY BROTH AGAR,1
70,2,GCF_006384915.1,Roseomonas mucosa,Roseomonas,Acetobacteraceae,28.0,,,,220,CASO AGAR (Merck 105458),1
71,2,GCA_014644535,Roseomonas lacus,Roseomonas,Acetobacteraceae,30.0,7.0,6.5,aerobe,830,R2A MEDIUM,1
73,2,GCF_042433125.1,Roseomonas vinacea,Roseomonas,Acetobacteraceae,31.0,7.25,,aerobe,830,R2A MEDIUM,1
77,2,GCF_014199205.1,Roseomonas pecuniae,Roseomonas,Acetobacteraceae,30.0,7.0,,obligate aerobe,220,CASO AGAR (Merck 105458),1
78,2,GCA_014199205,Roseomonas pecuniae,Roseomonas,Acetobacteraceae,30.0,,,,830,R2A MEDIUM,1
85,2,GCA_000964405,Komagataeibacter hansenii,Komagataeibacter,Acetobacteraceae,30.0,,,,,,0
87,2,GCF_004006375.1,Komagataeibacter xylinus,Komagataeibacter,Acetobacteraceae,25.0,,,,,,0
89,2,GCA_029229465,Komagataeibacter xylinus,Komagataeibacter,Acetobacteraceae,29.0,,,,,,0
92,2,GCA_000964425,Komagataeibacter intermedius,Komagataeibacter,Acetobacteraceae,30.0,,,,11,MRS MEDIUM,1
111,2,GCA_018854535,Acidithiobacillus ferrooxidans,Acidithiobacillus,Acidithiobacillaceae,30.0,,,,,,0
119,2,GCA_000214095,Acidithiobacillus ferrivorans,Acidithiobacillus,Acidithiobacillaceae,25.0,,,,,,0
121,2,GCA_018854645,Acidithiobacillus thiooxidans,Acidithiobacillus,Acidithiobacillaceae,28.0,,,,,,0
127,2,GCA_018854145,Acidithiobacillus caldus,Acidithiobacillus,Acidithiobacillaceae,37.0,,,,,,0
128,2,GCA_001931655,Acidithiobacillus albertensis,Acidithiobacillus,Acidithiobacillaceae,30.0,,,,,,0
136,2,GCA_900188085,Granulicella rosea,Granulicella,Acidobacteriaceae,20.0,4.5,,obligate aerobe,830,R2A MEDIUM,1
141,2,GCA_900108185,Bryocella elongata,Bryocella,Acidobacteriaceae,22.0,4.95,,aerobe,830,R2A MEDIUM,1
297,2,GCA_001457475,Achromobacter xylosoxidans subsp. xylosoxidans,Achromobacter,Alcaligenaceae,30.0,,,aerobe,1,NUTRIENT AGAR,1
300,2,GCA_016403305,Achromobacter xylosoxidans subsp. xylosoxidans,Achromobacter,Alcaligenaceae,33.5,,,aerobe,1|220,NUTRIENT AGAR|CASO AGAR (Merck 105458),2
316,2,GCA_013267375,Achromobacter denitrificans,Achromobacter,Alcaligenaceae,33.5,,,,1,NUTRIENT AGAR,1
318,2,GCA_900444675,Achromobacter denitrificans,Achromobacter,Alcaligenaceae,28.0,,,obligate aerobe,1,NUTRIENT AGAR,1
321,2,GCF_002812705.1,Achromobacter spanius,Achromobacter,Alcaligenaceae,30.0,,,,220|693,CASO AGAR (Merck 105458)|COLUMBIA BLOOD MEDIUM,2
322,2,GCA_001971645,Achromobacter insolitus,Achromobacter,Alcaligenaceae,32.5,,4.5,aerobe,1,NUTRIENT AGAR,1
323,2,GCA_002812705,Achromobacter spanius,Achromobacter,Alcaligenaceae,32.5,,,aerobe,1,NUTRIENT AGAR,1
324,2,GCF_958448115.1,Alcaligenes faecalis subsp. faecalis,Alcaligenes,Alcaligenaceae,24.0,,,,1,NUTRIENT AGAR,1
327,2,GCA_002443155,Alcaligenes faecalis subsp. faecalis,Alcaligenes,Alcaligenaceae,30.0,,,obligate aerobe,693|92,COLUMBIA BLOOD MEDIUM|TRYPTICASE SOY YEAST EXTRACT MEDIUM,2
344,2,GCA_000612685,Castellaniella defragrans,Castellaniella,Alcaligenaceae,30.0,,,aerobe,1,NUTRIENT AGAR,1
346,2,GCA_014203015,Castellaniella defragrans,Castellaniella,Alcaligenaceae,30.0,,,aerobe,1a,REACTIVATION WITH LIQUID MEDIUM 1,1
348,2,GCA_042653765,Castellaniella denitrificans,Castellaniella,Alcaligenaceae,27.5,7.0,,anaerobe,,,0
349,2,GCF_001592225.1,Castellaniella caeni,Castellaniella,Alcaligenaceae,30.0,6.5,5.0,facultative anaerobe,830,R2A MEDIUM,1
350,2,GCA_039523235,Castellaniella ginsengisoli,Castellaniella,Alcaligenaceae,30.0,6.75,,aerobe,830,R2A MEDIUM,1
351,2,GCA_039523555,Castellaniella daejeonensis,Castellaniella,Alcaligenaceae,30.0,,,facultative anaerobe,1a,REACTIVATION WITH LIQUID MEDIUM 1,1
353,2,GCF_000482785.1,Derxia gummosa,Derxia,Alcaligenaceae,28.0,,,,1|428|81,NUTRIENT AGAR|HETEROTROPHIC MEDIUM H3P|MINERAL MEDIUM FOR CHEMOLITHOTROPHIC GROWTH (H-3),3
358,2,GCF_033795525.1,Pigmentiphaga sp.,Pigmentiphaga,Alcaligenaceae,28.0,,,,220,CASO AGAR (Merck 105458),1
362,2,GCA_003545825,Pusillimonas noertemannii,Pusillimonas,Alcaligenaceae,33.5,,,aerobe,1,NUTRIENT AGAR,1
363,2,GCA_013416335,Pusillimonas soli,Pusillimonas,Alcaligenaceae,30.0,6.75,,aerobe,381,LB (Luria-Bertani) MEDIUM,1
365,2,GCA_013416515,Pusillimonas harenae,Pusillimonas,Alcaligenaceae,30.0,6.75,6.0,aerobe,535,TRYPTICASE SOY BROTH AGAR,1
369,2,GCA_020735885,Bordetella pertussis,Bordetella,Alcaligenaceae,37.0,,,,693,COLUMBIA BLOOD MEDIUM,1
379,2,GCA_900078335,Bordetella trematum,Bordetella,Alcaligenaceae,37.0,,,microaerophile,220,CASO AGAR (Merck 105458),1
384,2,GCA_000521505,Advenella mimigardefordensis,Advenella,Alcaligenaceae,33.5,,,aerobe,1,NUTRIENT AGAR,1
386,2,GCA_014202705,Parapusillimonas granuli,Parapusillimonas,Alcaligenaceae,29.0,,,aerobe,,,0
389,2,GCF_002209565.1,Candidimonas nitroreducens,Candidimonas,Alcaligenaceae,32.5,,,aerobe,,,0
390,2,GCA_900129885,Candidimonas bauzanensis,Candidimonas,Alcaligenaceae,27.5,,,facultative anaerobe,,,0
535,2,GCA_007991275,Alkalibacillus haloalkaliphilus,Alkalibacillus,Bacillaceae,30.0,,,,31,ALKALINE NUTRIENT AGAR,1
536,2,GCF_007991275.1,Alkalibacillus haloalkaliphilus,Alkalibacillus,Bacillaceae,30.0,,,,31,ALKALINE NUTRIENT AGAR,1
546,2,GCA_030812915,Alkalibacillus salilacus,Alkalibacillus,Bacillaceae,30.0,,,aerobe,514,BACTO MARINE BROTH (DIFCO 2216),1
549,2,GCA_042679545,Alkalibacillus flavidus,Alkalibacillus,Bacillaceae,37.0,8.75,10.0,aerobe,220,CASO AGAR (Merck 105458),1
557,2,GCA_014646615,Anoxybacillus voinovskiensis,Anoxybacillus,Bacillaceae,47.0,7.5,1.5,facultative aerobe,220,CASO AGAR (Merck 105458),1
558,2,GCF_036834105.1,Anoxybacillus sp.,Anoxybacillus,Bacillaceae,55.0,,,,220,CASO AGAR (Merck 105458),1
564,2,GCA_000836725,Anoxybacillus thermarum,Anoxybacillus,Bacillaceae,55.0,,,,,,0
567,2,GCA_024464675,Anoxybacillus salavatliensis,Anoxybacillus,Bacillaceae,60.0,,,,1,NUTRIENT AGAR,1
570,2,GCA_001274945,Viridibacillus arvi,Viridibacillus,Bacillaceae,27.5,,5.0,anaerobe,220,CASO AGAR (Merck 105458),1
571,2,GCF_001955655.1,Viridibacillus arenosi,Viridibacillus,Bacillaceae,27.5,,5.0,aerobe,220,CASO AGAR (Merck 105458),1
600,2,GCA_050479665,Schinkia azotoformans,Schinkia,Bacillaceae,30.0,,,,1|545,NUTRIENT AGAR|TRYPTONE SOYA BROTH (TSB),2
624,2,GCA_006094295,Bacillus cereus,Bacillus,Bacillaceae,30.0,,,facultative anaerobe,693|92,COLUMBIA BLOOD MEDIUM|TRYPTICASE SOY YEAST EXTRACT MEDIUM,2
626,2,GCA_001678165,Bacillus cereus,Bacillus,Bacillaceae,30.0,,,,1,NUTRIENT AGAR,1
628,2,GCA_900445375,Bacillus cereus,Bacillus,Bacillaceae,30.0,,,,1|693,NUTRIENT AGAR|COLUMBIA BLOOD MEDIUM,2
633,2,GCA_918180185,Bacillus cereus,Bacillus,Bacillaceae,28.0,,,,1|220,NUTRIENT AGAR|CASO AGAR (Merck 105458),2
692,2,GCA_944993425,Bacillus licheniformis,Bacillus,Bacillaceae,30.0,,,,1,NUTRIENT AGAR,1
694,2,GCA_002504325,Bacillus licheniformis,Bacillus,Bacillaceae,30.0,,,,1,NUTRIENT AGAR,1
702,2,GCA_007831295,Bacillus licheniformis,Bacillus,Bacillaceae,28.0,,,,220,CASO AGAR (Merck 105458),1
733,2,GCA_017086525,Priestia megaterium,Priestia,Bacillaceae,30.0,,,aerobe,1,NUTRIENT AGAR,1
754,2,GCA_029857515,Bacillus pumilus,Bacillus,Bacillaceae,30.0,,,,1,NUTRIENT AGAR,1
800,2,GCA_050481765,Peribacillus simplex,Peribacillus,Bacillaceae,30.0,,,,1,NUTRIENT AGAR,1
815,2,GCA_001050115,Bacillus smithii,Bacillus,Bacillaceae,55.0,,,aerobe,1,NUTRIENT AGAR,1
922,2,GCA_019344915,Bacillus sp.,Bacillus,Bacillaceae,30.0,,,,1,NUTRIENT AGAR,1
962,2,GCA_040371185,Bacillus subtilis,Bacillus,Bacillaceae,30.0,,,,1,NUTRIENT AGAR,1
963,2,GCF_000009045.1,Bacillus subtilis,Bacillus,Bacillaceae,30.0,,,,1,NUTRIENT AGAR,1
965,2,GCA_002982175,Bacillus subtilis,Bacillus,Bacillaceae,30.0,,,,1,NUTRIENT AGAR,1
1075,2,GCF_039519175.1,Bacillus atrophaeus,Bacillus,Bacillaceae,29.0,,,obligate aerobe,1,NUTRIENT AGAR,1
1076,2,GCA_036224865,Bacillus atrophaeus,Bacillus,Bacillaceae,30.0,,,,1,NUTRIENT AGAR,1
1080,2,GCF_002250055.1,Sutcliffiella cohnii,Sutcliffiella,Bacillaceae,30.0,,,,31,ALKALINE NUTRIENT AGAR,1
1081,2,GCA_002250055,Sutcliffiella cohnii,Sutcliffiella,Bacillaceae,30.0,,5.0,obligate aerobe,31,ALKALINE NUTRIENT AGAR,1
1094,2,GCF_012648005.1,Bacillus mojavensis,Bacillus,Bacillaceae,30.0,,,,1,NUTRIENT AGAR,1
1103,2,GCA_001038565,Bacillus pseudalcaliphilus,Bacillus,Bacillaceae,30.0,,,obligate aerobe,31,ALKALINE NUTRIENT AGAR,1
1107,2,GCF_029094545.1,Alkalihalophilus pseudofirmus,Alkalihalophilus,Bacillaceae,33.5,,,,31,ALKALINE NUTRIENT AGAR,1
1109,2,GCA_029094545,Alkalihalophilus pseudofirmus,Alkalihalophilus,Bacillaceae,30.0,,,obligate aerobe,31,ALKALINE NUTRIENT AGAR,1
1112,2,GCA_004376175,Halalkalibacterium halodurans,Halalkalibacterium,Bacillaceae,30.0,,,obligate aerobe,31,ALKALINE NUTRIENT AGAR,1
1113,2,GCF_005671335.1,Halalkalibacterium halodurans,Halalkalibacterium,Bacillaceae,33.5,,,,31,ALKALINE NUTRIENT AGAR,1
1120,2,GCA_002019735,Salipaludibacillus agaradhaerens,Salipaludibacillus,Bacillaceae,37.0,8.75,,facultative anaerobe,31,ALKALINE NUTRIENT AGAR,1
1124,2,GCF_034479305.1,Shouchella clausii,Shouchella,Bacillaceae,33.5,,,,31,ALKALINE NUTRIENT AGAR,1
1133,2,GCF_002019695.1,Evansella clarkii,Evansella,Bacillaceae,30.0,,,,31,ALKALINE NUTRIENT AGAR,1
1141,2,GCF_002157855.1,Sutcliffiella horikoshii,Sutcliffiella,Bacillaceae,30.0,,,,31,ALKALINE NUTRIENT AGAR,1
1151,2,GCA_000161455,Bacillus pseudomycoides,Bacillus,Bacillaceae,28.0,,7.0,facultative anaerobe,1,NUTRIENT AGAR,1
1153,2,GCA_000513155,Bacillus mycoides,Bacillus,Bacillaceae,26.75,,,facultative anaerobe,693|92,COLUMBIA BLOOD MEDIUM|TRYPTICASE SOY YEAST EXTRACT MEDIUM,2
1157,2,GCA_029537155,Bacillus subtilis,Bacillus,Bacillaceae,30.0,,,,1,NUTRIENT AGAR,1
1160,2,GCA_029857415,Bacillus subtilis,Bacillus,Bacillaceae,30.0,,,,1,NUTRIENT AGAR,1
1193,2,GCA_007989785,Bacillus spizizenii,Bacillus,Bacillaceae,30.0,,,obligate aerobe,1,NUTRIENT AGAR,1
1194,2,GCA_005502275,Robertmurraya siralis,Robertmurraya,Cytobacillaceae,30.0,,,obligate aerobe,215,BHI MEDIUM,1
1201,2,GCA_000507125,Bacillus sonorensis,Bacillus,Bacillaceae,30.0,,3.0,facultative anaerobe,1,NUTRIENT AGAR,1
1204,2,GCA_003937825,Mesobacillus subterraneus,Mesobacillus,Cytobacillaceae,40.0,,,,220,CASO AGAR (Merck 105458),1
1205,2,GCA_014635025,Fictibacillus barbaricus,Fictibacillus,Bacillaceae,29.5,,0.0,obligate aerobe,1,NUTRIENT AGAR,1
1211,2,GCF_000093085.1,Salisediminibacterium selenitireducens,Salisediminibacterium,Bacillaceae,26.0,,,anaerobe,,,0
1215,2,GCA_000508325,Neobacillus vireti,Neobacillus,Cytobacillaceae,30.0,7.25,,facultative anaerobe,1,NUTRIENT AGAR,1
1217,2,GCA_001591665,Neobacillus soli,Neobacillus,Cytobacillaceae,30.0,7.5,,facultative anaerobe,1,NUTRIENT AGAR,1
1219,2,GCA_003605365,Siminovitchia fortis,Siminovitchia,Bacillaceae,33.75,,7.0,obligate aerobe,220,CASO AGAR (Merck 105458),1
1228,2,GCA_007994985,Metabacillus litoralis,Metabacillus,Bacillaceae,37.0,7.5,,aerobe,514,BACTO MARINE BROTH (DIFCO 2216),1
1230,2,GCA_001439915,Ferdinandcohnia humi,Ferdinandcohnia,Bacillaceae,30.0,,,,220,CASO AGAR (Merck 105458),1
1233,2,GCA_000708755,Metabacillus indicus,Metabacillus,Bacillaceae,30.0,,2.0,aerobe,220,CASO AGAR (Merck 105458),1
1234,2,GCA_002019705,Shouchella patagoniensis,Shouchella,Bacillaceae,30.0,,,obligate aerobe,220,CASO AGAR (Merck 105458),1
1235,2,GCA_003044065,Alkalicoccus saliphilus,Alkalicoccus,Bacillaceae,37.0,9.0,15.5,aerobe,220,CASO AGAR (Merck 105458),1
1242,2,GCA_000177235,Evansella cellulosilytica,Evansella,Bacillaceae,37.0,9.5,7.5,aerobe,31,ALKALINE NUTRIENT AGAR,1
1243,2,GCA_042657105,Metabacillus niabensis,Metabacillus,Bacillaceae,30.0,7.0,,facultative aerobe,220,CASO AGAR (Merck 105458),1
1248,2,GCF_011008565.1,Heyndrickxia ginsengihumi,Heyndrickxia,Bacillaceae,28.0,,,,830,R2A MEDIUM,1
1250,2,GCA_002874535,Mesobacillus jeotgali,Mesobacillus,Cytobacillaceae,32.5,7.5,13.0,facultative anaerobe,514,BACTO MARINE BROTH (DIFCO 2216),1
1254,2,GCA_000429705,Alteribacter aurantiacus,Alteribacter,Bacillaceae,28.0,9.75,5.0,aerobe,,,0
1258,2,GCA_001591825,Rossellomorea vietnamensis,Rossellomorea,Bacillaceae,35.0,8.25,1.0,aerobe,220,CASO AGAR (Merck 105458),1
1259,2,GCA_002019765,Shouchella oshimensis,Shouchella,Bacillaceae,30.0,8.5,7.0,aerobe,,,0
1261,2,GCA_000513135,Halalkalibacter akibai,Halalkalibacter,Bacillaceae,37.0,9.5,4.5,aerobe,830,R2A MEDIUM,1
1265,2,GCF_979912685.1,Bacillus infantis,Bacillus,Bacillaceae,37.0,7.0,,obligate aerobe,220,CASO AGAR (Merck 105458),1
1266,2,GCA_009674765,Metabacillus idriensis,Metabacillus,Bacillaceae,37.0,,,obligate aerobe,220,CASO AGAR (Merck 105458),1
1267,2,GCF_904423875.1,Metabacillus idriensis,Metabacillus,Bacillaceae,28.0,,,,220|693,CASO AGAR (Merck 105458)|COLUMBIA BLOOD MEDIUM,2
1268,2,GCA_013618915,Mesobacillus foraminis,Mesobacillus,Cytobacillaceae,40.0,,,obligate aerobe,220,CASO AGAR (Merck 105458),1
1270,2,GCA_003318295,Bacillus taeanensis,Bacillus,Bacillaceae,30.0,,,aerobe,514,BACTO MARINE BROTH (DIFCO 2216),1
1271,2,GCA_001273755,Peribacillus butanolivorans,Peribacillus,Bacillaceae,25.0,7.0,1.0,aerobe,220,CASO AGAR (Merck 105458),1
1280,2,GCA_000171615,Bacillus coahuilensis,Bacillus,Bacillaceae,33.5,7.5,5.0,,514,BACTO MARINE BROTH (DIFCO 2216),1
1282,2,GCA_002019645,Litchfieldia alkalitelluris,Litchfieldia,Bacillaceae,30.0,9.25,,facultative anaerobe,514|830,BACTO MARINE BROTH (DIFCO 2216)|R2A MEDIUM,2
1284,2,GCA_000429685,Salibacterium aidingense,Salibacterium,Bacillaceae,37.0,7.2,12.0,aerobe,,,0
1285,2,GCA_900103485,Fictibacillus solisalsi,Fictibacillus,Bacillaceae,38.5,8.5,7.5,facultative anaerobe,220,CASO AGAR (Merck 105458),1
1295,2,GCA_001721685,Salisediminibacterium beveridgei,Salisediminibacterium,Bacillaceae,30.0,,,anaerobe,,,0
1300,2,GCA_000474275,Alkalihalophilus marmarensis,Alkalihalophilus,Bacillaceae,35.0,10.0,,aerobe,31,ALKALINE NUTRIENT AGAR,1
1304,2,GCA_042686385,Fictibacillus nanhaiensis,Fictibacillus,Bacillaceae,30.0,8.0,2.25,aerobe,514,BACTO MARINE BROTH (DIFCO 2216),1
1309,2,GCA_028610705,Halalkalibacter alkalisediminis,Halalkalibacter,Bacillaceae,25.0,,,,830,R2A MEDIUM,1
1319,2,GCF_044790165.1,Cytobacillus kochii,Cytobacillus,Cytobacillaceae,30.0,,,,220,CASO AGAR (Merck 105458),1
1320,2,GCA_000285535,Bacillus timonensis,Bacillus,Bacillaceae,30.0,,,,220,CASO AGAR (Merck 105458),1
1323,2,GCA_000017425,Bacillus cytotoxicus,Bacillus,Bacillaceae,33.5,,,facultative anaerobe,1|220,NUTRIENT AGAR|CASO AGAR (Merck 105458),2
1327,2,GCA_000284515,Halobacillus halophilus,Halobacillus,Bacillaceae,30.0,,,obligate aerobe,,,0
1331,2,GCF_000284515.1,Halobacillus halophilus,Halobacillus,Bacillaceae,30.0,,,,514,BACTO MARINE BROTH (DIFCO 2216),1
1342,2,GCA_003386945,Halobacillus trueperi,Halobacillus,Bacillaceae,35.0,7.5,,obligate aerobe,,,0
1343,2,GCA_009856445,Halobacillus litoralis,Halobacillus,Bacillaceae,35.0,7.5,,obligate aerobe,,,0
1345,2,GCA_013694105,Halobacillus locisalis,Halobacillus,Bacillaceae,32.5,,,aerobe,514,BACTO MARINE BROTH (DIFCO 2216),1
1346,2,GCA_015905325,Halobacillus yeomjeoni,Halobacillus,Bacillaceae,37.0,7.5,10.75,aerobe,514,BACTO MARINE BROTH (DIFCO 2216),1
1347,2,GCA_900104185,Halobacillus aidingensis,Halobacillus,Bacillaceae,32.0,7.5,,,514,BACTO MARINE BROTH (DIFCO 2216),1
1351,2,GCA_004684905,Halobacillus salinus,Halobacillus,Bacillaceae,33.5,7.0,23.0,,514,BACTO MARINE BROTH (DIFCO 2216),1
1357,2,GCA_007990285,Halolactibacillus halophilus,Halolactibacillus,Bacillaceae,33.5,8.5,,microaerophile,,,0
1359,2,GCA_004565465,Lentibacillus salicampi,Lentibacillus,Bacillaceae,30.0,7.0,12.5,aerobe,514,BACTO MARINE BROTH (DIFCO 2216),1
1364,2,GCA_900112045,Lentibacillus halodurans,Lentibacillus,Bacillaceae,30.0,7.25,,obligate aerobe,,,0
1382,2,GCA_001038485,Ornithinibacillus californiensis,Ornithinibacillus,Bacillaceae,30.0,,,obligate aerobe,514,BACTO MARINE BROTH (DIFCO 2216),1
1384,2,GCA_003315295,Paraliobacillus ryukyuensis,Paraliobacillus,Bacillaceae,30.0,,,facultative anaerobe,514,BACTO MARINE BROTH (DIFCO 2216),1
1390,2,GCA_011761475,Saccharococcus thermophilus,Saccharococcus,Bacillaceae,50.0,,,,,,0
1391,2,GCA_014635125,Thalassobacillus devorans,Thalassobacillus,Bacillaceae,37.0,7.0,,aerobe,514,BACTO MARINE BROTH (DIFCO 2216),1
1393,2,GCA_016908295,Thalassobacillus pellis,Thalassobacillus,Bacillaceae,37.0,7.5,,obligate aerobe,514,BACTO MARINE BROTH (DIFCO 2216),1
1409,2,GCA_003350505,Falsibacillus pallidus,Falsibacillus,Bacillaceae,33.5,7.5,,aerobe,,,0
1420,2,GCA_000705495,Geobacillus stearothermophilus,Geobacillus,Bacillaceae,52.5,,0.0,facultative anaerobe,220,CASO AGAR (Merck 105458),1
1422,2,GCF_002217655.1,Geobacillus thermocatenulatus,Geobacillus,Bacillaceae,60.0,7.0,5.0,facultative anaerobe,1,NUTRIENT AGAR,1
1424,2,GCA_000496575,Geobacillus thermodenitrificans subsp. thermodenitrificans,Geobacillus,Bacillaceae,60.0,,,,1,NUTRIENT AGAR,1
1432,2,GCA_014218665,Parageobacillus thermoglucosidasius,Parageobacillus,Bacillaceae,55.0,,,,1|220,NUTRIENT AGAR|CASO AGAR (Merck 105458),2
1450,2,GCA_002243605,Geobacillus lituanicus,Geobacillus,Bacillaceae,57.5,,,aerobe,1,NUTRIENT AGAR,1
1459,2,GCA_003176895,Gracilibacillus dipsosauri,Gracilibacillus,Bacillaceae,30.0,,,obligate aerobe,1|535,NUTRIENT AGAR|TRYPTICASE SOY BROTH AGAR,2
1463,2,GCA_000359605,Gracilibacillus halophilus,Gracilibacillus,Bacillaceae,47.5,7.0,,obligate aerobe,514,BACTO MARINE BROTH (DIFCO 2216),1
1464,2,GCA_000377765,Gracilibacillus lacisalsi,Gracilibacillus,Bacillaceae,40.0,7.75,,obligate aerobe,514,BACTO MARINE BROTH (DIFCO 2216),1
1466,2,GCA_009659515,Gracilibacillus thailandensis,Gracilibacillus,Bacillaceae,37.0,7.0,,obligate aerobe,,,0
1474,2,GCA_900156795,Virgibacillus pantothenticus,Virgibacillus,Bacillaceae,37.0,,7.0,facultative anaerobe,1,NUTRIENT AGAR,1
1476,2,GCA_014905415,Virgibacillus salexigens,Virgibacillus,Bacillaceae,37.0,7.5,,obligate aerobe,220,CASO AGAR (Merck 105458),1
1481,2,GCA_002224365,Virgibacillus necropolis,Virgibacillus,Bacillaceae,30.0,,,aerobe,514,BACTO MARINE BROTH (DIFCO 2216),1
1483,2,GCF_042683165.1,Virgibacillus halophilus,Virgibacillus,Bacillaceae,30.0,,9.0,obligate aerobe,220,CASO AGAR (Merck 105458),1
1486,2,GCA_039521925,Virgibacillus salarius,Virgibacillus,Bacillaceae,32.5,7.5,12.75,,,,0
1489,2,GCA_042643265,Virgibacillus sediminis,Virgibacillus,Bacillaceae,37.5,7.75,,obligate aerobe,514,BACTO MARINE BROTH (DIFCO 2216),1
1493,2,GCA_900110695,Virgibacillus subterraneus,Virgibacillus,Bacillaceae,30.0,7.5,9.0,aerobe,514,BACTO MARINE BROTH (DIFCO 2216),1
1497,2,GCA_016908325,Aquibacillus albus,Aquibacillus,Bacillaceae,29.0,,,,,,0
1515,2,GCA_000482485,Paucisalibacillus globulus,Paucisalibacillus,Bacillaceae,37.0,8.25,1.0,aerobe,514,BACTO MARINE BROTH (DIFCO 2216),1
1518,2,GCA_900101385,Terribacillus halophilus,Terribacillus,Bacillaceae,25.0,7.5,,aerobe,514,BACTO MARINE BROTH (DIFCO 2216),1
1549,2,GCA_900107115,Salimicrobium album,Salimicrobium,Bacillaceae,30.0,,,obligate aerobe,,,0
1552,2,GCA_900156705,Salimicrobium salexigens,Salimicrobium,Bacillaceae,37.0,,,,514,BACTO MARINE BROTH (DIFCO 2216),1
1558,2,GCA_001865995,Anaerobacillus arseniciselenatis,Anaerobacillus,Bacillaceae,30.0,,,anaerobe,,,0
1570,2,GCA_900100185,Natribacillus halophilus,Natribacillus,Bacillaceae,30.0,8.25,,aerobe,,,0
1573,2,GCA_002886255,Alteribacillus bidgolensis,Alteribacillus,Bacillaceae,35.0,7.0,6.25,aerobe,,,0
1679,2,GCF_000023105.1,Beutenbergia cavernae,Beutenbergia,Beutenbergiaceae,28.0,,,,,,0
1680,2,GCA_003751805,Salana multivorans,Salana,Beutenbergiaceae,33.5,7.5,,,381|693,LB (Luria-Bertani) MEDIUM|COLUMBIA BLOOD MEDIUM,2
1682,2,GCA_000010425,Bifidobacterium adolescentis,Bifidobacterium,Bifidobacteriaceae,37.0,,,anaerobe,58,BIFIDOBACTERIUM MEDIUM,1
1683,2,GCA_002108135,Bifidobacterium adolescentis,Bifidobacterium,Bifidobacteriaceae,37.0,,,anaerobe,58,BIFIDOBACTERIUM MEDIUM,1
1685,2,GCA_001025155,Bifidobacterium angulatum,Bifidobacterium,Bifidobacteriaceae,37.0,,,anaerobe,58,BIFIDOBACTERIUM MEDIUM,1
1689,2,GCF_002715865.1,Bifidobacterium asteroides,Bifidobacterium,Bifidobacteriaceae,37.0,,,anaerobe,58,BIFIDOBACTERIUM MEDIUM,1
1690,2,GCF_001025135.1,Bifidobacterium bifidum,Bifidobacterium,Bifidobacteriaceae,37.0,,,anaerobe,58,BIFIDOBACTERIUM MEDIUM,1
1693,2,GCA_900637095,Bifidobacterium bifidum,Bifidobacterium,Bifidobacteriaceae,37.0,,,anaerobe,58,BIFIDOBACTERIUM MEDIUM,1
1695,2,GCA_900637145,Bifidobacterium breve,Bifidobacterium,Bifidobacteriaceae,37.0,,,anaerobe,58,BIFIDOBACTERIUM MEDIUM,1
1697,2,GCA_001025195,Bifidobacterium catenulatum subsp. catenulatum,Bifidobacterium,Bifidobacteriaceae,37.0,,,anaerobe,58,BIFIDOBACTERIUM MEDIUM,1
1699,2,GCA_000484675,Bifidobacterium choerinum,Bifidobacterium,Bifidobacteriaceae,37.0,,,anaerobe,58,BIFIDOBACTERIUM MEDIUM,1
1705,2,GCA_000771505,Bifidobacterium gallinarum subsp. gallinarum,Bifidobacterium,Bifidobacteriaceae,37.0,,,anaerobe,104,PYG MEDIUM (modified),1
1708,2,GCF_050308145.1,Bifidobacterium longum subsp. suis,Bifidobacterium,Bifidobacteriaceae,37.0,,,anaerobe,58,BIFIDOBACTERIUM MEDIUM,1
1720,2,GCA_028539275,Bifidobacterium thermophilum,Bifidobacterium,Bifidobacteriaceae,37.0,,,anaerobe,58,BIFIDOBACTERIUM MEDIUM,1
1722,2,GCA_000687575,Bifidobacterium thermophilum,Bifidobacterium,Bifidobacteriaceae,37.0,,,anaerobe,58,BIFIDOBACTERIUM MEDIUM,1
1726,2,GCA_900129045,Bifidobacterium merycicum,Bifidobacterium,Bifidobacteriaceae,40.0,6.7,,anaerobe,58,BIFIDOBACTERIUM MEDIUM,1
1735,2,GCA_000426425,Bifidobacterium thermacidophilum,Bifidobacterium,Bifidobacteriaceae,37.0,,,anaerobe,58,BIFIDOBACTERIUM MEDIUM,1
1736,2,GCA_000260715,Bifidobacterium animalis subsp. animalis,Bifidobacterium,Bifidobacteriaceae,37.0,,,anaerobe,58,BIFIDOBACTERIUM MEDIUM,1
1747,2,GCA_000771525,Bifidobacterium mongoliense,Bifidobacterium,Bifidobacteriaceae,27.5,6.75,,anaerobe,58,BIFIDOBACTERIUM MEDIUM,1
1750,2,GCA_000771605,Bifidobacterium bohemicum,Bifidobacterium,Bifidobacteriaceae,37.0,,,anaerobe,58,BIFIDOBACTERIUM MEDIUM,1
1753,2,GCA_000771685,Bifidobacterium reuteri,Bifidobacterium,Bifidobacteriaceae,37.0,,,anaerobe,58,BIFIDOBACTERIUM MEDIUM,1
1759,2,GCF_000376885.1,Alloscardovia criceti,Alloscardovia,Bifidobacteriaceae,37.0,,,anaerobe,58,BIFIDOBACTERIUM MEDIUM,1
1762,2,GCF_001042675.1,Parascardovia denticolens,Parascardovia,Bifidobacteriaceae,37.0,,,anaerobe,58,BIFIDOBACTERIUM MEDIUM,1
1766,2,GCA_013408435,Aeriscardovia aeriphila,Aeriscardovia,Bifidobacteriaceae,37.0,,,anaerobe,58,BIFIDOBACTERIUM MEDIUM,1
1767,2,GCA_000420505,Alloscardovia omnicolens,Alloscardovia,Bifidobacteriaceae,36.5,,,anaerobe,104|693,PYG MEDIUM (modified)|COLUMBIA BLOOD MEDIUM,2
1905,2,GCA_902833925,Trinickia caryophylli,Trinickia,Burkholderiaceae,30.0,,,,1,NUTRIENT AGAR,1
1907,2,GCF_009586235.1,Burkholderia cepacia,Burkholderia,Burkholderiaceae,30.0,,,,220|693|92,CASO AGAR (Merck 105458)|COLUMBIA BLOOD MEDIUM|TRYPTICASE SOY YEAST EXTRACT MEDIUM,3
1918,2,GCF_001411805.1,Burkholderia plantarii,Burkholderia,Burkholderiaceae,30.0,,,obligate aerobe,1,NUTRIENT AGAR,1
1922,2,GCF_000751215.2,Caballeronia glathei,Caballeronia,Burkholderiaceae,28.0,,,,457,MINERAL MEDIUM (BRUNNER),1
1935,2,GCA_902833845,Robbsia andropogonis,Robbsia,Burkholderiaceae,30.0,,,obligate aerobe,1a,REACTIVATION WITH LIQUID MEDIUM 1,1
1936,2,GCF_034047095.1,Robbsia andropogonis,Robbsia,Burkholderiaceae,28.0,,,obligate aerobe,1|535,NUTRIENT AGAR|TRYPTICASE SOY BROTH AGAR,2
1939,2,GCA_000959445,Burkholderia vietnamiensis,Burkholderia,Burkholderiaceae,30.0,,,aerobe,693|92,COLUMBIA BLOOD MEDIUM|TRYPTICASE SOY YEAST EXTRACT MEDIUM,2
1941,2,GCA_900446205,Burkholderia multivorans,Burkholderia,Burkholderiaceae,30.0,,,aerobe,1|693|92,NUTRIENT AGAR|COLUMBIA BLOOD MEDIUM|TRYPTICASE SOY YEAST EXTRACT MEDIUM,3
1945,2,GCA_902498995,Burkholderia anthina,Burkholderia,Burkholderiaceae,31.75,,,aerobe,220,CASO AGAR (Merck 105458),1
1946,2,GCF_000959545.1,Burkholderia ambifaria,Burkholderia,Burkholderiaceae,30.0,,,aerobe,220,CASO AGAR (Merck 105458),1
1948,2,GCA_020809565,Burkholderia dolosa,Burkholderia,Burkholderiaceae,30.0,,,aerobe,693|92,COLUMBIA BLOOD MEDIUM|TRYPTICASE SOY YEAST EXTRACT MEDIUM,2
1949,2,GCA_020736245,Burkholderia dolosa,Burkholderia,Burkholderiaceae,37.0,,,aerobe,220|693,CASO AGAR (Merck 105458)|COLUMBIA BLOOD MEDIUM,2
1950,2,GCA_020736645,Burkholderia dolosa,Burkholderia,Burkholderiaceae,37.0,,,aerobe,220|693,CASO AGAR (Merck 105458)|COLUMBIA BLOOD MEDIUM,2
1952,2,GCA_900446215,Burkholderia cenocepacia,Burkholderia,Burkholderiaceae,30.0,,,obligate aerobe,693|92,COLUMBIA BLOOD MEDIUM|TRYPTICASE SOY YEAST EXTRACT MEDIUM,2
1953,2,GCF_000961515.1,Paraburkholderia fungorum,Paraburkholderia,Burkholderiaceae,30.0,,,,1|81,NUTRIENT AGAR|MINERAL MEDIUM FOR CHEMOLITHOTROPHIC GROWTH (H-3),2
1954,2,GCA_902833645,Paraburkholderia fungorum,Paraburkholderia,Burkholderiaceae,28.0,,,obligate aerobe,535|545,TRYPTICASE SOY BROTH AGAR|TRYPTONE SOYA BROTH (TSB),2
1957,2,GCF_002902965.1,Paraburkholderia hospita,Paraburkholderia,Burkholderiaceae,28.0,,,,220,CASO AGAR (Merck 105458),1
1964,2,GCA_902833085,Burkholderia ubonensis,Burkholderia,Burkholderiaceae,31.5,,,aerobe,220,CASO AGAR (Merck 105458),1
1965,2,GCA_000013645,Paraburkholderia xenovorans,Paraburkholderia,Burkholderiaceae,28.0,,0.0,aerobe,220|457|535|545,CASO AGAR (Merck 105458)|MINERAL MEDIUM (BRUNNER)|TRYPTICASE SOY BROTH AGAR|TRYPTONE SOYA BROTH (TSB),4
1966,2,GCA_000020125,Paraburkholderia phytofirmans,Paraburkholderia,Burkholderiaceae,30.0,,0.5,aerobe,535,TRYPTICASE SOY BROTH AGAR,1
1975,2,GCA_000739735,Paraburkholderia ginsengisoli,Paraburkholderia,Burkholderiaceae,28.0,,,aerobe,1|830,NUTRIENT AGAR|R2A MEDIUM,2
1977,2,GCA_002927045,Mycetohabitans endofungorum,Mycetohabitans,Burkholderiaceae,30.5,6.25,1.0,aerobe,1|535|585|pdf,NUTRIENT AGAR|TRYPTICASE SOY BROTH AGAR|BCYE AGAR|,4
1989,2,GCA_000987075,Burkholderia contaminans,Burkholderia,Burkholderiaceae,36.0,,,aerobe,535|693,TRYPTICASE SOY BROTH AGAR|COLUMBIA BLOOD MEDIUM,2
1990,2,GCA_000012945,Burkholderia lata,Burkholderia,Burkholderiaceae,31.75,,,aerobe,830,R2A MEDIUM,1
1992,2,GCA_042655705,Paraburkholderia denitrificans,Paraburkholderia,Burkholderiaceae,30.0,,,,830,R2A MEDIUM,1
2030,2,GCF_900185755.1,Cupriavidus metallidurans,Cupriavidus,Burkholderiaceae,30.0,,,,1,NUTRIENT AGAR,1
2037,2,GCA_016894385,Cupriavidus oxalaticus,Cupriavidus,Burkholderiaceae,30.0,,,,1|220|535|830,NUTRIENT AGAR|CASO AGAR (Merck 105458)|TRYPTICASE SOY BROTH AGAR|R2A MEDIUM,4
2041,2,GCA_013004615,Cupriavidus gilardii,Cupriavidus,Burkholderiaceae,31.5,,,obligate aerobe,1|220|535|545,NUTRIENT AGAR|CASO AGAR (Merck 105458)|TRYPTICASE SOY BROTH AGAR|TRYPTONE SOYA BROTH (TSB),4
2042,2,GCA_905397395,Cupriavidus campinensis,Cupriavidus,Burkholderiaceae,32.75,,,aerobe,220|535|545,CASO AGAR (Merck 105458)|TRYPTICASE SOY BROTH AGAR|TRYPTONE SOYA BROTH (TSB),3
2044,2,GCA_000069785,Cupriavidus taiwanensis,Cupriavidus,Burkholderiaceae,34.0,,,aerobe,830,R2A MEDIUM,1
2045,2,GCA_914271545,Cupriavidus respiraculi,Cupriavidus,Burkholderiaceae,34.25,,,aerobe,220,CASO AGAR (Merck 105458),1
2053,2,GCA_042654625,Cupriavidus pinatubonensis,Cupriavidus,Burkholderiaceae,31.0,,,aerobe,1|535|545,NUTRIENT AGAR|TRYPTICASE SOY BROTH AGAR|TRYPTONE SOYA BROTH (TSB),3
2055,2,GCA_004291335,Limnobacter thiooxidans,Limnobacter,Burkholderiaceae,28.0,,0.0,obligate aerobe,830,R2A MEDIUM,1
2056,2,GCA_001465545,Pandoraea norimbergensis,Pandoraea,Burkholderiaceae,30.0,,,obligate aerobe,1|381|535,NUTRIENT AGAR|LB (Luria-Bertani) MEDIUM|TRYPTICASE SOY BROTH AGAR,3
2063,2,GCA_000972785,Pandoraea oxalativorans,Pandoraea,Burkholderiaceae,30.75,,3.0,,535,TRYPTICASE SOY BROTH AGAR,1
2064,2,GCF_000972785.3,Pandoraea oxalativorans,Pandoraea,Burkholderiaceae,28.0,,,,535,TRYPTICASE SOY BROTH AGAR,1
2066,2,GCA_000934605,Pandoraea vervacti,Pandoraea,Burkholderiaceae,32.0,,3.0,,535,TRYPTICASE SOY BROTH AGAR,1
2069,2,GCA_001595985,Polynucleobacter sinensis,Polynucleobacter,Burkholderiaceae,28.0,,,aerobe,830,R2A MEDIUM,1
2070,2,GCA_001595965,Polynucleobacter yangtzensis,Polynucleobacter,Burkholderiaceae,28.0,,,facultative anaerobe,830,R2A MEDIUM,1
2073,2,GCF_002224225.1,Polynucleobacter cosmopolitanus,Polynucleobacter,Burkholderiaceae,28.0,,,,830,R2A MEDIUM,1
2076,2,GCA_002224225,Polynucleobacter cosmopolitanus,Polynucleobacter,Burkholderiaceae,28.0,,0.0,aerobe,830,R2A MEDIUM,1
2082,2,GCF_001587155.1,Ralstonia solanacearum,Ralstonia,Burkholderiaceae,30.0,,,,1a,REACTIVATION WITH LIQUID MEDIUM 1,1
2085,2,GCA_016466415,Ralstonia pickettii,Ralstonia,Burkholderiaceae,30.0,,,aerobe,693|92,COLUMBIA BLOOD MEDIUM|TRYPTICASE SOY YEAST EXTRACT MEDIUM,2
2087,2,GCF_056499995.1,Ralstonia sp.,Ralstonia,Burkholderiaceae,30.0,,,,1,NUTRIENT AGAR,1
2089,2,GCA_008801405,Ralstonia insidiosa,Ralstonia,Burkholderiaceae,32.0,,,aerobe,1,NUTRIENT AGAR,1
2294,2,GCA_000204015,Asticcacaulis biprosthecium,Asticcacaulis,Caulobacteraceae,30.0,,,,,,0
2297,2,GCA_006539485,Brevundimonas diminuta,Brevundimonas,Caulobacteraceae,29.0,,,obligate aerobe,1,NUTRIENT AGAR,1
2299,2,GCF_900445995.1,Brevundimonas diminuta,Brevundimonas,Caulobacteraceae,28.0,,,,1|457,NUTRIENT AGAR|MINERAL MEDIUM (BRUNNER),2
2300,2,GCF_000421705.1,Brevundimonas naejangsanensis,Brevundimonas,Caulobacteraceae,27.5,,,,1,NUTRIENT AGAR,1
2303,2,GCA_000701445,Brevundimonas bacteroides,Brevundimonas,Caulobacteraceae,30.0,,,obligate aerobe,,,0
2305,2,GCA_000144605,Brevundimonas subvibrioides,Brevundimonas,Caulobacteraceae,30.0,,0.0,aerobe,,,0
2309,2,GCA_014199955,Brevundimonas aurantiaca,Brevundimonas,Caulobacteraceae,30.0,,,aerobe,,,0
2314,2,GCF_965232075.1,Brevundimonas sp.,Brevundimonas,Caulobacteraceae,28.0,,,,220,CASO AGAR (Merck 105458),1
2320,2,GCA_000421705,Brevundimonas naejangsanensis,Brevundimonas,Caulobacteraceae,30.0,8.0,0.5,anaerobe,545,TRYPTONE SOYA BROTH (TSB),1
2322,2,GCA_014199165,Brevundimonas halotolerans,Brevundimonas,Caulobacteraceae,30.0,,,aerobe,830,R2A MEDIUM,1
2323,2,GCF_020524625.1,Brevundimonas poindexterae,Brevundimonas,Caulobacteraceae,25.0,,17.5,aerobe,830,R2A MEDIUM,1
2326,2,GCA_042654665,Caulobacter henricii,Caulobacter,Caulobacteraceae,29.0,,0.0,aerobe,830,R2A MEDIUM,1
2335,2,GCA_003856435,Caulobacter vibrioides,Caulobacter,Caulobacteraceae,30.0,,,,,,0
2336,2,GCA_000092285,Caulobacter segnis,Caulobacter,Caulobacteraceae,30.0,,,,1,NUTRIENT AGAR,1
2337,2,GCA_030814835,Caulobacter ginsengisoli,Caulobacter,Caulobacteraceae,28.0,,,,830,R2A MEDIUM,1
2338,2,GCA_002749615,Caulobacter mirabilis,Caulobacter,Caulobacteraceae,29.0,,,aerobe,,,0
2347,2,GCA_014196295,Phenylobacterium haematophilum,Phenylobacterium,Caulobacteraceae,28.0,,,,,,0
2417,2,GCA_000018865,Chloroflexus aurantiacus,Chloroflexus,Chloroflexaceae,49.0,,,anaerobe,,,0
2418,2,GCF_000018865.1,Chloroflexus aurantiacus,Chloroflexus,Chloroflexaceae,48.0,,,anaerobe,,,0
2421,2,GCA_000021945,Chloroflexus aggregans,Chloroflexus,Chloroflexaceae,55.0,,,anaerobe,,,0
2567,2,GCA_000621505,Ruminiclostridium cellobioparum subsp. cellobioparum,Ruminiclostridium,Oscillospiraceae,33.5,7.25,,anaerobe,,,0
2622,2,GCA_000175795,Ruminiclostridium papyrosolvens,Ruminiclostridium,Oscillospiraceae,25.0,,,anaerobe,,,0
2728,2,GCA_000184925,Acetivibrio thermocellus,Acetivibrio,Oscillospiraceae,60.0,,,anaerobe,,,0
2767,2,GCA_000350485,Ruminiclostridium cellobioparum subsp. termitidis,Ruminiclostridium,Oscillospiraceae,37.0,,,anaerobe,,,0
2803,2,GCA_002051585,Ruminiclostridium hungatei,Ruminiclostridium,Oscillospiraceae,30.0,,,anaerobe,,,0
2840,2,GCA_001311015,Ruminiclostridium josui,Ruminiclostridium,Oscillospiraceae,45.0,,,anaerobe,,,0
2848,2,GCA_003208175,Ruminiclostridium sufflavum,Ruminiclostridium,Oscillospiraceae,33.0,7.4,,anaerobe,104b,PY + X MEDIUM,1
2854,2,GCA_900142095,Thermoclostridium caenicola,Thermoclostridium,Oscillospiraceae,60.0,6.5,1.0,anaerobe,,,0
2871,2,GCA_900167005,Butyricicoccus pullicaecorum,Butyricicoccus,Oscillospiraceae,42.0,,,anaerobe,104b|110,PY + X MEDIUM|CHOPPED MEAT MEDIUM WITH CARBOHYDRATES,2
3053,2,GCA_000023845,Cryptobacterium curtum,Cryptobacterium,Eggerthellaceae,37.0,,,anaerobe,78,CHOPPED MEAT MEDIUM,1
3055,2,GCA_003340005,Eggerthella lenta,Eggerthella,Eggerthellaceae,37.0,,,anaerobe,693,COLUMBIA BLOOD MEDIUM,1
3069,2,GCF_001643775.1,Denitrobacterium detoxificans,Denitrobacterium,Eggerthellaceae,37.0,,,anaerobe,104|693,PYG MEDIUM (modified)|COLUMBIA BLOOD MEDIUM,2
3070,2,GCA_001643775,Denitrobacterium detoxificans,Denitrobacterium,Eggerthellaceae,37.0,,,anaerobe,1203a|693,FASTIDIOUS ANAEROBE BROTH|COLUMBIA BLOOD MEDIUM,2
3076,2,GCA_000422625,Adlercreutzia mucosicola,Adlercreutzia,Eggerthellaceae,35.0,7.5,,anaerobe,339|78,WILKINS-CHALGREN ANAEROBE BROTH|CHOPPED MEAT MEDIUM,2
3077,2,GCA_000403355,Adlercreutzia caecimuris,Adlercreutzia,Eggerthellaceae,37.0,7.2,,anaerobe,339|693,WILKINS-CHALGREN ANAEROBE BROTH|COLUMBIA BLOOD MEDIUM,2
3078,2,GCA_001941345,Corynebacterium stationis,Corynebacterium,Corynebacteriaceae,28.0,,7.5,aerobe,53,CORYNEBACTERIUM AGAR,1
3080,2,GCA_001941425,Corynebacterium ammoniagenes,Corynebacterium,Corynebacteriaceae,28.0,,2.5,aerobe,535,TRYPTICASE SOY BROTH AGAR,1
3082,2,GCA_014191555,Corynebacterium bovis,Corynebacterium,Corynebacteriaceae,37.0,,2.5,microaerophile,693|92,COLUMBIA BLOOD MEDIUM|TRYPTICASE SOY YEAST EXTRACT MEDIUM,2
3099,2,GCF_000980835.1,Corynebacterium kutscheri,Corynebacterium,Corynebacteriaceae,37.0,,,,,,0
3103,2,GCA_900637065,Corynebacterium minutissimum,Corynebacterium,Corynebacteriaceae,28.0,,,,535,TRYPTICASE SOY BROTH AGAR,1
3104,2,GCA_900447475,Corynebacterium minutissimum,Corynebacterium,Corynebacteriaceae,37.0,,,,693|92,COLUMBIA BLOOD MEDIUM|TRYPTICASE SOY YEAST EXTRACT MEDIUM,2
3108,2,GCA_000373805,Corynebacterium pilosum,Corynebacterium,Corynebacteriaceae,37.0,,7.5,,92,TRYPTICASE SOY YEAST EXTRACT MEDIUM,1
3113,2,GCA_002155265,Corynebacterium pseudotuberculosis,Corynebacterium,Corynebacteriaceae,37.0,,,microaerophile,693|92,COLUMBIA BLOOD MEDIUM|TRYPTICASE SOY YEAST EXTRACT MEDIUM,2
3115,2,GCA_900475655,Corynebacterium renale,Corynebacterium,Corynebacteriaceae,30.0,,,,53,CORYNEBACTERIUM AGAR,1
3123,2,GCA_000159135,Corynebacterium striatum,Corynebacterium,Corynebacteriaceae,37.0,,7.5,facultative anaerobe,693|92,COLUMBIA BLOOD MEDIUM|TRYPTICASE SOY YEAST EXTRACT MEDIUM,2
3128,2,GCA_000550805,Corynebacterium vitaeruminis,Corynebacterium,Corynebacteriaceae,28.0,,0.0,microaerophile,53,CORYNEBACTERIUM AGAR,1
3135,2,GCA_016127615,Corynebacterium amycolatum,Corynebacterium,Corynebacteriaceae,37.0,,,,535|693,TRYPTICASE SOY BROTH AGAR|COLUMBIA BLOOD MEDIUM,2
3138,2,GCA_016728725,Corynebacterium amycolatum,Corynebacterium,Corynebacteriaceae,37.0,,,,693|92,COLUMBIA BLOOD MEDIUM|TRYPTICASE SOY YEAST EXTRACT MEDIUM,2
3139,2,GCA_016728745,Corynebacterium amycolatum,Corynebacterium,Corynebacteriaceae,37.0,,,,535|693,TRYPTICASE SOY BROTH AGAR|COLUMBIA BLOOD MEDIUM,2
3142,2,GCA_000163435,Corynebacterium jeikeium,Corynebacterium,Corynebacteriaceae,37.0,,,microaerophile,535|693,TRYPTICASE SOY BROTH AGAR|COLUMBIA BLOOD MEDIUM,2
3147,2,GCA_900187135,Corynebacterium ulcerans,Corynebacterium,Corynebacteriaceae,37.0,,,microaerophile,693|92,COLUMBIA BLOOD MEDIUM|TRYPTICASE SOY YEAST EXTRACT MEDIUM,2
3158,2,GCA_030408575,Corynebacterium auris,Corynebacterium,Corynebacteriaceae,37.0,,,microaerophile,535,TRYPTICASE SOY BROTH AGAR,1
3160,2,GCA_020097655,Corynebacterium coyleae,Corynebacterium,Corynebacteriaceae,37.0,,,obligate anaerobe,535,TRYPTICASE SOY BROTH AGAR,1
3165,2,GCF_023520795.1,Corynebacterium accolens,Corynebacterium,Corynebacteriaceae,37.0,,,aerobe,,,0
3180,2,GCA_000525655,Corynebacterium falsenii,Corynebacterium,Corynebacteriaceae,37.0,,,facultative anaerobe,535,TRYPTICASE SOY BROTH AGAR,1
3186,2,GCA_016889405,Corynebacterium kroppenstedtii,Corynebacterium,Corynebacteriaceae,37.0,,,,693,COLUMBIA BLOOD MEDIUM,1
3192,2,GCA_029383185,Corynebacterium felinum,Corynebacterium,Corynebacteriaceae,37.0,,,facultative anaerobe,535|693,TRYPTICASE SOY BROTH AGAR|COLUMBIA BLOOD MEDIUM,2
3200,2,GCA_000022905,Corynebacterium aurimucosum,Corynebacterium,Corynebacteriaceae,37.0,,,obligate aerobe,693|92,COLUMBIA BLOOD MEDIUM|TRYPTICASE SOY YEAST EXTRACT MEDIUM,2
3209,2,GCA_000341345,Corynebacterium halotolerans,Corynebacterium,Corynebacteriaceae,31.0,7.2,10.0,aerobe,535|693,TRYPTICASE SOY BROTH AGAR|COLUMBIA BLOOD MEDIUM,2
3210,2,GCA_900113445,Corynebacterium spheniscorum,Corynebacterium,Corynebacteriaceae,37.0,,,facultative anaerobe,693,COLUMBIA BLOOD MEDIUM,1
3213,2,GCA_000732945,Corynebacterium atypicum,Corynebacterium,Corynebacteriaceae,37.0,,7.5,facultative anaerobe,693,COLUMBIA BLOOD MEDIUM,1
3215,2,GCA_015351405,Corynebacterium suicordis,Corynebacterium,Corynebacteriaceae,37.0,,,facultative anaerobe,693,COLUMBIA BLOOD MEDIUM,1
3216,2,GCA_000372385,Corynebacterium ciconiae,Corynebacterium,Corynebacteriaceae,37.0,,,facultative anaerobe,535|693,TRYPTICASE SOY BROTH AGAR|COLUMBIA BLOOD MEDIUM,2
3220,2,GCA_016599755,Corynebacterium tuberculostearicum,Corynebacterium,Corynebacteriaceae,37.0,,,facultative anaerobe,535|693,TRYPTICASE SOY BROTH AGAR|COLUMBIA BLOOD MEDIUM,2
3224,2,GCA_000747315,Corynebacterium ureicelerivorans,Corynebacterium,Corynebacteriaceae,37.0,,,facultative anaerobe,693,COLUMBIA BLOOD MEDIUM,1
3226,2,GCA_000177535,Corynebacterium resistens,Corynebacterium,Corynebacteriaceae,37.0,,,microaerophile,693,COLUMBIA BLOOD MEDIUM,1
3229,2,GCA_000372445,Corynebacterium ulceribovis,Corynebacterium,Corynebacteriaceae,28.0,,,facultative anaerobe,693,COLUMBIA BLOOD MEDIUM,1
3230,2,GCA_000379425,Corynebacterium lubricantis,Corynebacterium,Corynebacteriaceae,27.75,7.2,,aerobe,,,0
3231,2,GCA_000428805,Corynebacterium freiburgense,Corynebacterium,Corynebacteriaceae,37.0,,,anaerobe,693,COLUMBIA BLOOD MEDIUM,1
3235,2,GCA_000767055,Corynebacterium doosanense,Corynebacterium,Corynebacteriaceae,29.0,,,aerobe,693,COLUMBIA BLOOD MEDIUM,1
3239,2,GCA_007859215,Corynebacterium canis,Corynebacterium,Corynebacteriaceae,35.0,7.0,,facultative anaerobe,693,COLUMBIA BLOOD MEDIUM,1
3790,2,GCA_900112255,Flexibacter flexilis,Flexibacter,Flexibacteraceae,25.0,,,,,,0
3847,2,GCA_009177165,Deinococcus grandis,Deinococcus,Deinococcaceae,28.0,,,,,,0
3851,2,GCA_000190555,Deinococcus proteolyticus,Deinococcus,Deinococcaceae,30.0,,,aerobe,53,CORYNEBACTERIUM AGAR,1
3852,2,GCA_000008565,Deinococcus radiodurans,Deinococcus,Deinococcaceae,30.0,,0.0,obligate aerobe,53,CORYNEBACTERIUM AGAR,1
3861,2,GCA_014201625,Deinococcus radiopugnans,Deinococcus,Deinococcaceae,30.0,,,,92,TRYPTICASE SOY YEAST EXTRACT MEDIUM,1
3862,2,GCF_002198095.1,Deinococcus indicus,Deinococcus,Deinococcaceae,30.0,,1.0,aerobe,92,TRYPTICASE SOY YEAST EXTRACT MEDIUM,1
3876,2,GCA_900176165,Deinococcus hopiensis,Deinococcus,Deinococcaceae,28.5,,,aerobe,,,0
3879,2,GCF_000519345.1,Deinococcus pimensis,Deinococcus,Deinococcaceae,28.0,,,,830,R2A MEDIUM,1
3880,2,GCA_000519345,Deinococcus pimensis,Deinococcus,Deinococcaceae,28.0,,,,830,R2A MEDIUM,1
3885,2,GCA_003444775,Deinococcus ficus,Deinococcus,Deinococcaceae,37.0,7.0,,aerobe,830,R2A MEDIUM,1
3888,2,GCA_007990775,Deinococcus cellulosilyticus,Deinococcus,Deinococcaceae,30.0,7.0,1.0,aerobe,830,R2A MEDIUM,1
3890,2,GCA_014646895,Deinococcus roseus,Deinococcus,Deinococcaceae,37.0,7.0,0.25,aerobe,1|830,NUTRIENT AGAR|R2A MEDIUM,2
3894,2,GCA_002897375,Deinococcus aerius,Deinococcus,Deinococcaceae,27.5,,,aerobe,,,0
3895,2,GCF_014653275.1,Deinococcus piscis,Deinococcus,Deinococcaceae,35.0,7.0,,aerobe,92,TRYPTICASE SOY YEAST EXTRACT MEDIUM,1
3897,2,GCA_014647055,Deinococcus aerolatus,Deinococcus,Deinococcaceae,30.0,7.0,,aerobe,830,R2A MEDIUM,1
3898,2,GCA_014647075,Deinococcus aerophilus,Deinococcus,Deinococcaceae,30.0,7.0,,aerobe,830,R2A MEDIUM,1
3900,2,GCA_014647175,Deinococcus daejeonensis,Deinococcus,Deinococcaceae,30.0,7.25,,aerobe,830,R2A MEDIUM,1
3947,2,GCA_900142135,Desulfatibacillum alkenivorans,Desulfatibacillum,Desulfatibacillaceae,29.0,6.8,,anaerobe,,,0
3949,2,GCA_000420085,Desulfospira joergensenii,Desulfospira,Desulfobacteraceae,25.0,,,anaerobe,,,0
3954,2,GCA_000373985,Desulfobacter curvatus,Desulfobacter,Desulfobacteraceae,30.0,,,anaerobe,,,0
3955,2,GCA_004319545,Desulfobacter hydrogenophilus,Desulfobacter,Desulfobacteraceae,30.0,,,anaerobe,,,0
3959,2,GCF_011391705.1,Desulfobacter sp.,Desulfobacter,Desulfobacteraceae,30.0,,,anaerobe,,,0
3965,2,GCA_000020365,Desulforapulum autotrophicum,Desulforapulum,Desulfobacteraceae,25.0,,,anaerobe,,,0
3997,2,GCA_900101345,Desulfoluna spongiiphila,Desulfoluna,Desulfobacteraceae,28.0,7.5,2.5,anaerobe,,,0
4000,2,GCA_007830435,Desulfobotulus alkaliphilus,Desulfobotulus,Desulfobacteraceae,30.0,,,anaerobe,,,0
4388,2,GCF_000590885.1,Erwinia mallotivora,Erwinia,Erwiniaceae,25.0,,,facultative anaerobe,1,NUTRIENT AGAR,1
4391,2,GCF_049696395.1,Erwinia sp.,Erwinia,Erwiniaceae,30.0,,,,1,NUTRIENT AGAR,1
4394,2,GCF_002952315.1,Erwinia pyrifoliae,Erwinia,Erwiniaceae,30.0,,,,220,CASO AGAR (Merck 105458),1
4396,2,GCF_040741485.1,Erwinia papayae,Erwinia,Erwiniaceae,28.0,,,obligate aerobe,1,NUTRIENT AGAR,1
4398,2,GCF_000196615.1,Erwinia billingiae,Erwinia,Erwiniaceae,25.0,,,facultative anaerobe,535,TRYPTICASE SOY BROTH AGAR,1
4399,2,GCF_000026185.1,Erwinia tasmaniensis,Erwinia,Erwiniaceae,28.0,,,,1,NUTRIENT AGAR,1
4401,2,GCF_032164335.1,Erwinia toletana,Erwinia,Erwiniaceae,28.0,,,facultative anaerobe,535,TRYPTICASE SOY BROTH AGAR,1
4991,2,GCF_019048385.1,Pantoea agglomerans,Pantoea,Erwiniaceae,30.0,,,,693|92,COLUMBIA BLOOD MEDIUM|TRYPTICASE SOY YEAST EXTRACT MEDIUM,2
5001,2,GCA_008801695,Pantoea stewartii,Pantoea,Erwiniaceae,26.0,,,,1a,REACTIVATION WITH LIQUID MEDIUM 1,1
5003,2,GCF_002095535.1,Pantoea cypripedii,Pantoea,Erwiniaceae,28.0,,,,1a,REACTIVATION WITH LIQUID MEDIUM 1,1
5011,2,GCA_004792415,Pantoea vagans,Pantoea,Erwiniaceae,28.0,,,facultative anaerobe,1,NUTRIENT AGAR,1
5013,2,GCA_002953195,Mixta gaviniae,Mixta,Erwiniaceae,37.0,,,facultative anaerobe,215|535,BHI MEDIUM|TRYPTICASE SOY BROTH AGAR,2
5015,2,GCA_002095305,Pantoea brenneri,Pantoea,Erwiniaceae,29.0,,,,1|693,NUTRIENT AGAR|COLUMBIA BLOOD MEDIUM,2
5177,2,GCA_002163585,Tatumella citrea,Tatumella,Erwiniaceae,30.0,,,aerobe,1a,REACTIVATION WITH LIQUID MEDIUM 1,1
5179,2,GCA_042660485,Tatumella terrea,Tatumella,Erwiniaceae,30.0,,,aerobe,1,NUTRIENT AGAR,1
5376,2,GCA_000702165,Sharpea azabuensis,Sharpea,Coprobacillaceae,37.0,7.0,3.0,anaerobe,58,BIFIDOBACTERIUM MEDIUM,1
5460,2,GCA_001316225,Acidiplasma cupricumulans,Acidiplasma,Ferroplasmataceae,55.0,,,,,,0
5461,2,GCA_002078355,Ferroplasma acidiphilum,Ferroplasma,Ferroplasmataceae,35.0,,,,,,0
5855,2,GCA_000373945,Endozoicomonas elysicola,Endozoicomonas,Endozoicomonadaceae,26.5,,,,514,BACTO MARINE BROTH (DIFCO 2216),1
5930,2,GCA_000337795,Haloferax denitrificans,Haloferax,Haloferacaceae,37.0,,,,,,0
5932,2,GCA_005406325,Haloferax mediterranei,Haloferax,Haloferacaceae,37.0,,,,,,0
5936,2,GCA_014635105,Haloferax sulfurifontis,Haloferax,Haloferacaceae,37.0,,,,,,0
5937,2,GCA_000336815,Haloferax prahovense,Haloferax,Haloferacaceae,37.0,,,,,,0
5938,2,GCA_000337915,Halorubrum saccharovorum,Halorubrum,Haloferacaceae,37.0,,,,,,0
5939,2,GCA_900111935,Halorubrum sodomense,Halorubrum,Haloferacaceae,37.0,,,,,,0
5941,2,GCF_000022205.1,Halorubrum lacusprofundi,Halorubrum,Haloferacaceae,33.5,,,,,,0
5942,2,GCA_017873555,Halorubrum trapanicum,Halorubrum,Haloferacaceae,37.0,,,,,,0
5947,2,GCA_000421805,Halorubrum ezzemoulense,Halorubrum,Haloferacaceae,38.5,7.25,20.0,aerobe,,,0
5949,2,GCA_900102375,Halorubrum xinjiangense,Halorubrum,Haloferacaceae,37.0,,,,,,0
5950,2,GCA_017873815,Halorubrum alkaliphilum,Halorubrum,Haloferacaceae,37.0,,,,,,0
5952,2,GCA_000336995,Halorubrum aidingense,Halorubrum,Haloferacaceae,41.0,7.5,15.08,aerobe,,,0
5955,2,GCA_900188075,Halorubrum ezzemoulense,Halorubrum,Haloferacaceae,37.0,,,,,,0
5959,2,GCA_900113615,Halorubrum aquaticum,Halorubrum,Haloferacaceae,37.0,,,,,,0
5968,2,GCA_000196895,Halalkalicoccus jeotgali,Halalkalicoccus,Halalkalicoccaceae,37.0,,,aerobe,,,0
6122,2,GCA_000019165,Heliomicrobium modesticaldum,Heliomicrobium,Heliobacteriaceae,50.0,,,anaerobe,,,0
6123,2,GCA_009877435,Heliomicrobium gestii,Heliomicrobium,Heliobacteriaceae,37.0,,,anaerobe,,,0
6124,2,GCA_009877425,Heliomicrobium undosum,Heliomicrobium,Heliobacteriaceae,30.0,,,anaerobe,,,0
6317,2,GCA_000017305,Kineococcus radiotolerans,Kineococcus,Kineosporiaceae,29.75,,0.0,obligate aerobe,,,0
6320,2,GCA_039542765,Kineococcus glutinatus,Kineococcus,Kineosporiaceae,28.0,,,,65,GYM STREPTOMYCES MEDIUM,1
6321,2,GCA_001315325,Kineosporia aurantiaca,Kineosporia,Kineosporiaceae,28.0,,0.0,,,,0
6328,2,GCA_021129235,Kineosporia mesophila,Kineosporia,Kineosporiaceae,28.0,,,,65,GYM STREPTOMYCES MEDIUM,1
6707,2,GCF_900450575.1,Legionella bozemanae,Legionella,Legionellaceae,37.0,,,microaerophile,585,BCYE AGAR,1
6708,2,GCA_900450965,Legionella gormanii,Legionella,Legionellaceae,37.0,,,microaerophile,585,BCYE AGAR,1
6711,2,GCF_000236165.1,Legionella dumoffii,Legionella,Legionellaceae,37.0,,,microaerophile,585,BCYE AGAR,1
6712,2,GCA_001941585,Legionella pneumophila subsp. pneumophila,Legionella,Legionellaceae,37.0,,,microaerophile,585,BCYE AGAR,1
6716,2,GCA_900186855,Legionella pneumophila subsp. pneumophila,Legionella,Legionellaceae,37.0,,,microaerophile,585,BCYE AGAR,1
6721,2,GCA_000586295,Legionella pneumophila subsp. pneumophila,Legionella,Legionellaceae,37.0,,,microaerophile,585,BCYE AGAR,1
6723,2,GCA_000239175,Legionella pneumophila subsp. pneumophila,Legionella,Legionellaceae,37.0,,,microaerophile,585,BCYE AGAR,1
6726,2,GCA_001582825,Legionella pneumophila subsp. fraseri,Legionella,Legionellaceae,37.0,,,microaerophile,585,BCYE AGAR,1
6728,2,GCA_000586255,Legionella pneumophila subsp. pascullei,Legionella,Legionellaceae,37.0,,,microaerophile,585,BCYE AGAR,1
6733,2,GCA_001467615,Legionella erythra,Legionella,Legionellaceae,37.0,,,microaerophile,585,BCYE AGAR,1
6740,2,GCA_900452415,Legionella cincinnatiensis,Legionella,Legionellaceae,37.0,,,,585,BCYE AGAR,1
6742,2,GCA_900452715,Legionella moravica,Legionella,Legionellaceae,37.0,,,,585,BCYE AGAR,1
6743,2,GCA_000512355,Legionella oakridgensis,Legionella,Legionellaceae,37.0,,,microaerophile,585,BCYE AGAR,1
6750,2,GCA_001468165,Legionella spiritensis,Legionella,Legionellaceae,37.0,,,microaerophile,585,BCYE AGAR,1
6751,2,GCA_900639925,Legionella parisiensis,Legionella,Legionellaceae,37.0,,,microaerophile,585,BCYE AGAR,1
6754,2,GCA_001468135,Legionella santicrucis,Legionella,Legionellaceae,30.0,,,microaerophile,585,BCYE AGAR,1
6763,2,GCA_900639885,Legionella londiniensis,Legionella,Legionellaceae,37.0,,,microaerophile,585,BCYE AGAR,1
6764,2,GCA_900453045,Legionella worsleiensis,Legionella,Legionellaceae,37.0,,,microaerophile,585,BCYE AGAR,1
6767,2,GCA_042666955,Legionella taurinensis,Legionella,Legionellaceae,37.0,,,microaerophile,585,BCYE AGAR,1
6768,2,GCA_900640075,Legionella drozanskii,Legionella,Legionellaceae,30.0,,,microaerophile,1|585,NUTRIENT AGAR|BCYE AGAR,2
6769,2,GCA_000953135,Legionella fallonii,Legionella,Legionellaceae,30.0,,,microaerophile,585,BCYE AGAR,1
6774,2,GCA_019930805,Legionella pneumophila subsp. pneumophila,Legionella,Legionellaceae,37.0,,,microaerophile,585,BCYE AGAR,1
6784,2,GCA_900452705,Legionella pneumophila subsp. pneumophila,Legionella,Legionellaceae,37.0,,,microaerophile,585,BCYE AGAR,1
6789,2,GCA_000308315,Legionella tunisiensis,Legionella,Legionellaceae,30.5,,,,585,BCYE AGAR,1
6790,2,GCA_000953635,Legionella micdadei,Legionella,Legionellaceae,37.0,,,microaerophile,585,BCYE AGAR,1
7216,2,GCA_004802635,Methylocystis heyeri,Methylocystis,Methylocystaceae,25.0,6.0,,aerobe,,,0
7222,2,GCA_016907975,Methylopila capsulata,Methylopila,Methylocystaceae,30.0,,,,1,NUTRIENT AGAR,1
7223,2,GCF_027922205.1,Methylopila capsulata,Methylopila,Methylocystaceae,28.0,,,,1,NUTRIENT AGAR,1
7230,2,GCF_009360475.1,Methylobacillus sp.,Methylobacillus,Methylophilaceae,30.0,,,,1,NUTRIENT AGAR,1
7246,2,GCA_020523625,Methylovorus menthalis,Methylovorus,Methylophilaceae,29.0,,,aerobe,,,0
7521,2,GCA_002849715,Arthrobacter crystallopoietes,Arthrobacter,Micrococcaceae,28.0,,5.0,obligate aerobe,53,CORYNEBACTERIUM AGAR,1
7529,2,GCA_042428825,Pseudarthrobacter oxydans,Pseudarthrobacter,Micrococcaceae,28.0,,0.0,aerobe,53,CORYNEBACTERIUM AGAR,1
7533,2,GCA_014644495,Pseudarthrobacter polychromogenes,Pseudarthrobacter,Micrococcaceae,28.0,,7.5,obligate aerobe,53,CORYNEBACTERIUM AGAR,1
7535,2,GCF_016894325.1,Glutamicibacter protophormiae,Glutamicibacter,Micrococcaceae,30.0,,,,53,CORYNEBACTERIUM AGAR,1
7568,2,GCA_006539925,Glutamicibacter uratoxydans,Glutamicibacter,Micrococcaceae,28.0,,7.5,obligate aerobe,53,CORYNEBACTERIUM AGAR,1
7575,2,GCA_002927255,Arthrobacter agilis,Arthrobacter,Micrococcaceae,25.0,,5.0,,53,CORYNEBACTERIUM AGAR,1
7578,2,GCA_016907775,Pseudoglutamicibacter cumminsii,Pseudoglutamicibacter,Micrococcaceae,35.0,,,obligate aerobe,92,TRYPTICASE SOY YEAST EXTRACT MEDIUM,1
7584,2,GCF_031458175.1,Pseudoglutamicibacter albus,Pseudoglutamicibacter,Micrococcaceae,34.75,,,aerobe,92,TRYPTICASE SOY YEAST EXTRACT MEDIUM,1
7585,2,GCA_001552075,Arthrobacter luteolus,Arthrobacter,Micrococcaceae,28.0,,,,92,TRYPTICASE SOY YEAST EXTRACT MEDIUM,1
7586,2,GCA_042653025,Falsarthrobacter nasiphocae,Falsarthrobacter,Micrococcaceae,30.0,,,obligate aerobe,92,TRYPTICASE SOY YEAST EXTRACT MEDIUM,1
7590,2,GCA_016907875,Arthrobacter roseus,Arthrobacter,Micrococcaceae,22.0,,0.0,,92,TRYPTICASE SOY YEAST EXTRACT MEDIUM,1
7607,2,GCA_016907495,Arthrobacter tumbae,Arthrobacter,Micrococcaceae,26.0,8.5,7.5,aerobe,514|92,BACTO MARINE BROTH (DIFCO 2216)|TRYPTICASE SOY YEAST EXTRACT MEDIUM,2
7609,2,GCA_017876535,Paeniglutamicibacter kerguelensis,Paeniglutamicibacter,Micrococcaceae,25.0,7.0,,aerobe,92,TRYPTICASE SOY YEAST EXTRACT MEDIUM,1
7610,2,GCA_000348945,Paeniglutamicibacter gangotriensis,Paeniglutamicibacter,Micrococcaceae,25.0,7.0,,aerobe,92,TRYPTICASE SOY YEAST EXTRACT MEDIUM,1
7616,2,GCF_052322135.1,Glutamicibacter soli,Glutamicibacter,Micrococcaceae,32.5,,,aerobe,514,BACTO MARINE BROTH (DIFCO 2216),1
7617,2,GCA_039531445,Arthrobacter humicola,Arthrobacter,Micrococcaceae,28.0,,,aerobe,92,TRYPTICASE SOY YEAST EXTRACT MEDIUM,1
7618,2,GCA_003634095,Arthrobacter oryzae,Arthrobacter,Micrococcaceae,28.0,,,aerobe,92,TRYPTICASE SOY YEAST EXTRACT MEDIUM,1
7619,2,GCA_016907545,Paenarthrobacter ilicis,Paenarthrobacter,Micrococcaceae,28.0,,5.0,obligate aerobe,53,CORYNEBACTERIUM AGAR,1
7620,2,GCF_055412705.1,Pseudarthrobacter defluvii,Pseudarthrobacter,Micrococcaceae,27.75,7.5,,aerobe,92,TRYPTICASE SOY YEAST EXTRACT MEDIUM,1
7623,2,GCA_013408645,Arthrobacter psychrochitiniphilus,Arthrobacter,Micrococcaceae,20.0,7.0,1.5,aerobe,92,TRYPTICASE SOY YEAST EXTRACT MEDIUM,1
7629,2,GCA_020905375,Arthrobacter cryoconiti,Arthrobacter,Micrococcaceae,20.0,,,aerobe,830,R2A MEDIUM,1
7632,2,GCA_042654715,Citricoccus alkalitolerans,Citricoccus,Micrococcaceae,28.0,8.5,2.5,aerobe,987,ISP 2 MEDIUM,1
7633,2,GCA_042427665,Citricoccus parietis,Citricoccus,Micrococcaceae,28.0,8.5,,aerobe,65,GYM STREPTOMYCES MEDIUM,1
7636,2,GCF_016028855.1,Rothia kristinae,Rothia,Micrococcaceae,28.0,,,,92,TRYPTICASE SOY YEAST EXTRACT MEDIUM,1
7638,2,GCA_016128175,Rothia kristinae,Rothia,Micrococcaceae,28.0,,,,92,TRYPTICASE SOY YEAST EXTRACT MEDIUM,1
7641,2,GCA_006094695,Kocuria rosea subsp. rosea,Kocuria,Micrococcaceae,28.0,,,aerobe,53,CORYNEBACTERIUM AGAR,1
7646,2,GCA_900637835,Kocuria rhizophila,Kocuria,Micrococcaceae,29.0,,,obligate aerobe,1,NUTRIENT AGAR,1
7648,2,GCF_035990065.1,Kocuria rhizophila,Kocuria,Micrococcaceae,31.5,,,facultative anaerobe,92,TRYPTICASE SOY YEAST EXTRACT MEDIUM,1
7659,2,GCF_054784195.1,Kocuria himachalensis,Kocuria,Micrococcaceae,30.0,7.5,,aerobe,535,TRYPTICASE SOY BROTH AGAR,1
7673,2,GCA_000023205,Micrococcus luteus,Micrococcus,Micrococcaceae,28.0,,5.0,aerobe,92,TRYPTICASE SOY YEAST EXTRACT MEDIUM,1
7748,2,GCA_001570885,Micrococcus lylae,Micrococcus,Micrococcaceae,31.75,,,aerobe,53,CORYNEBACTERIUM AGAR,1
7752,2,GCF_034179925.1,Micrococcus sp.,Micrococcus,Micrococcaceae,28.0,,,,220,CASO AGAR (Merck 105458),1
7760,2,GCA_014138885,Micrococcus yunnanensis,Micrococcus,Micrococcaceae,28.0,7.5,,aerobe,92,TRYPTICASE SOY YEAST EXTRACT MEDIUM,1
7762,2,GCA_039536005,Nesterenkonia halobia,Nesterenkonia,Micrococcaceae,28.0,,,aerobe,514,BACTO MARINE BROTH (DIFCO 2216),1
7765,2,GCA_013410745,Nesterenkonia xinjiangensis,Nesterenkonia,Micrococcaceae,28.0,9.5,10.0,,,,0
7774,2,GCA_000018885,Renibacterium salmoninarum,Renibacterium,Micrococcaceae,17.5,,,obligate aerobe,,,0
7784,2,GCA_004217565,Zhihengliuella halotolerans,Zhihengliuella,Micrococcaceae,28.5,8.5,10.0,aerobe,53,CORYNEBACTERIUM AGAR,1
8604,2,GCA_900476085,Mycoplasmoides gallisepticum,Mycoplasmoides,Mycoplasmoidaceae,37.0,,,,1076b,SP4-Z MEDIUM,1
11158,2,GCA_900104745,Actinopolymorpha singaporensis,Actinopolymorpha,Actinopolymorphaceae,29.5,,,aerobe,65|830,GYM STREPTOMYCES MEDIUM|R2A MEDIUM,2
11161,2,GCA_900113145,Actinopolymorpha cephalotaxi,Actinopolymorpha,Actinopolymorphaceae,28.0,,,aerobe,215|535|65,BHI MEDIUM|TRYPTICASE SOY BROTH AGAR|GYM STREPTOMYCES MEDIUM,3
11163,2,GCA_003386795,Thermasporomyces composti,Thermasporomyces,Actinopolymorphaceae,52.5,7.0,0.0,aerobe,65,GYM STREPTOMYCES MEDIUM,1
11166,2,GCA_900638215,Nocardiopsis dassonvillei subsp. dassonvillei,Nocardiopsis,Nocardiopsidaceae,28.0,,,,65|92,GYM STREPTOMYCES MEDIUM|TRYPTICASE SOY YEAST EXTRACT MEDIUM,2
11178,2,GCF_000710955.1,Nocardiopsis alba,Nocardiopsis,Nocardiopsidaceae,28.0,,,,65,GYM STREPTOMYCES MEDIUM,1
11193,2,GCA_000341125,Nocardiopsis lucentensis,Nocardiopsis,Nocardiopsidaceae,28.0,,,,987,ISP 2 MEDIUM,1
11195,2,GCA_001552555,Nocardiopsis trehalosi,Nocardiopsis,Nocardiopsidaceae,29.0,,,facultative anaerobe,215|553|65,BHI MEDIUM|GPHF-MEDIUM|GYM STREPTOMYCES MEDIUM,3
11203,2,GCF_042660575.1,Nocardiopsis umidischolae,Nocardiopsis,Nocardiopsidaceae,28.0,,,,65,GYM STREPTOMYCES MEDIUM,1
11209,2,GCA_014201115,Nocardiopsis metallicus,Nocardiopsis,Nocardiopsidaceae,29.0,,,obligate aerobe,535|553|65,TRYPTICASE SOY BROTH AGAR|GPHF-MEDIUM|GYM STREPTOMYCES MEDIUM,3
11218,2,GCA_002263495,Nocardiopsis gilva,Nocardiopsis,Nocardiopsidaceae,28.5,7.2,,aerobe,535|553,TRYPTICASE SOY BROTH AGAR|GPHF-MEDIUM,2
11219,2,GCF_039530945.1,Nocardiopsis rosea,Nocardiopsis,Nocardiopsidaceae,33.25,7.2,,aerobe,535|553,TRYPTICASE SOY BROTH AGAR|GPHF-MEDIUM,2
11220,2,GCA_000341205,Nocardiopsis halophila,Nocardiopsis,Nocardiopsidaceae,33.25,7.2,,aerobe,65,GYM STREPTOMYCES MEDIUM,1
11231,2,GCA_042653525,Streptomonospora arabica,Streptomonospora,Nocardiopsidaceae,28.0,7.0,5.0,aerobe,514|535|65,BACTO MARINE BROTH (DIFCO 2216)|TRYPTICASE SOY BROTH AGAR|GYM STREPTOMYCES MEDIUM,3
11233,2,GCF_000341085.1,Nocardiopsis ganjiahuensis,Nocardiopsis,Nocardiopsidaceae,28.0,,,,,,0
11235,2,GCA_000340985,Nocardiopsis valliformis,Nocardiopsis,Nocardiopsidaceae,28.0,11.25,,aerobe,,,0
11240,2,GCA_013410445,Nocardiopsis arvandica,Nocardiopsis,Nocardiopsidaceae,30.75,,,aerobe,252|553|65,STARCH - MINERAL SALT - AGAR (STMS)|GPHF-MEDIUM|GYM STREPTOMYCES MEDIUM,3
11301,2,GCA_000019965,Opitutus terrae,Opitutus,Opitutaceae,28.0,,,anaerobe,,,0
11381,2,GCA_006539965,Aneurinibacillus migulanus,Aneurinibacillus,Paenibacillaceae,30.0,,,,1,NUTRIENT AGAR,1
11396,2,GCA_050480985,Aneurinibacillus thermoaerophilus,Aneurinibacillus,Paenibacillaceae,40.0,,,,220,CASO AGAR (Merck 105458),1
11398,2,GCA_900099925,Aneurinibacillus thermoaerophilus,Aneurinibacillus,Paenibacillaceae,55.0,,,obligate aerobe,1,NUTRIENT AGAR,1
11408,2,GCF_002706795.1,Brevibacillus laterosporus,Brevibacillus,Paenibacillaceae,30.0,,,,1,NUTRIENT AGAR,1
11414,2,GCA_050474925,Brevibacillus parabrevis,Brevibacillus,Paenibacillaceae,30.0,,,,1,NUTRIENT AGAR,1
11416,2,GCA_004117055,Brevibacillus agri,Brevibacillus,Paenibacillaceae,33.5,,0.0,aerobe,1,NUTRIENT AGAR,1
11420,2,GCF_036700025.1,Brevibacillus borstelensis,Brevibacillus,Paenibacillaceae,30.0,,,,1,NUTRIENT AGAR,1
11424,2,GCF_046622605.1,Brevibacillus centrosporus,Brevibacillus,Paenibacillaceae,30.0,,,,1,NUTRIENT AGAR,1
11427,2,GCA_006540185,Brevibacillus formosus,Brevibacillus,Paenibacillaceae,30.0,,,,1,NUTRIENT AGAR,1
11428,2,GCA_003013395,Brevibacillus fortis,Brevibacillus,Paenibacillaceae,30.0,,,,1,NUTRIENT AGAR,1
11436,2,GCA_003710915,Brevibacillus invocatus,Brevibacillus,Paenibacillaceae,30.0,,,obligate aerobe,220,CASO AGAR (Merck 105458),1
11438,2,GCA_050113715,Brevibacillus ginsengisoli,Brevibacillus,Paenibacillaceae,30.0,,,facultative anaerobe,830,R2A MEDIUM,1
11443,2,GCA_042654645,Cohnella hongkongensis,Cohnella,Paenibacillaceae,37.0,,,aerobe,220,CASO AGAR (Merck 105458),1
11451,2,GCA_004564235,Cohnella luojiensis,Cohnella,Paenibacillaceae,30.0,7.0,,aerobe,830,R2A MEDIUM,1
11452,2,GCA_017874075,Cohnella thailandensis,Cohnella,Paenibacillaceae,37.0,7.0,3.0,facultative anaerobe,220,CASO AGAR (Merck 105458),1
11457,2,GCA_042431195,Cohnella cellulosilytica,Cohnella,Paenibacillaceae,30.0,7.0,3.0,aerobe,220|693,CASO AGAR (Merck 105458)|COLUMBIA BLOOD MEDIUM,2
11461,2,GCA_000293805,Paenibacillus alvei,Paenibacillus,Paenibacillaceae,30.0,,,facultative anaerobe,1,NUTRIENT AGAR,1
11470,2,GCF_004000945.1,Paenibacillus lautus,Paenibacillus,Paenibacillaceae,30.0,,,,1,NUTRIENT AGAR,1
11478,2,GCA_001514495,Paenibacillus pabuli,Paenibacillus,Paenibacillaceae,30.0,,,,1,NUTRIENT AGAR,1
11489,2,GCF_004000985.1,Paenibacillus validus,Paenibacillus,Paenibacillaceae,30.0,,0.0,obligate aerobe,1,NUTRIENT AGAR,1
11498,2,GCA_035803675,Paenibacillus thiaminolyticus,Paenibacillus,Paenibacillaceae,30.0,,,,1,NUTRIENT AGAR,1
11504,2,GCA_000993825,Paenibacillus azotofixans,Paenibacillus,Paenibacillaceae,30.0,,,facultative anaerobe,535,TRYPTICASE SOY BROTH AGAR,1
11513,2,GCA_004000785,Paenibacillus ehimensis,Paenibacillus,Paenibacillaceae,30.0,,,facultative anaerobe,1,NUTRIENT AGAR,1
11517,2,GCF_017052585.1,Paenibacillus apiarius,Paenibacillus,Paenibacillaceae,30.0,,,,1,NUTRIENT AGAR,1
11518,2,GCF_048976665.1,Paenibacillus sp.,Paenibacillus,Paenibacillaceae,30.0,,,,1,NUTRIENT AGAR,1
11544,2,GCF_004001045.1,Paenibacillus chibensis,Paenibacillus,Paenibacillaceae,30.0,,,,1,NUTRIENT AGAR,1
11545,2,GCA_004001045,Paenibacillus chibensis,Paenibacillus,Paenibacillaceae,30.0,,,facultative anaerobe,1,NUTRIENT AGAR,1
11550,2,GCF_004000925.1,Paenibacillus illinoisensis,Paenibacillus,Paenibacillaceae,30.0,,,,1,NUTRIENT AGAR,1
11551,2,GCF_022811565.1,Paenibacillus polymyxa,Paenibacillus,Paenibacillaceae,30.0,,,facultative anaerobe,220,CASO AGAR (Merck 105458),1
11557,2,GCA_030814985,Paenibacillus brasilensis,Paenibacillus,Paenibacillaceae,30.0,,,,220,CASO AGAR (Merck 105458),1
11570,2,GCF_018604145.1,Paenibacillus agaridevorans,Paenibacillus,Paenibacillaceae,29.75,,,obligate aerobe,1,NUTRIENT AGAR,1
11578,2,GCA_000374825,Paenibacillus sanguinis,Paenibacillus,Paenibacillaceae,33.5,,0.0,facultative anaerobe,220,CASO AGAR (Merck 105458),1
11579,2,GCA_000377505,Paenibacillus massiliensis subsp. massiliensis,Paenibacillus,Paenibacillaceae,33.5,,0.5,facultative anaerobe,220,CASO AGAR (Merck 105458),1
11589,2,GCA_014192105,Paenibacillus phyllosphaerae,Paenibacillus,Paenibacillaceae,28.0,7.0,,facultative anaerobe,220,CASO AGAR (Merck 105458),1
11592,2,GCA_002003265,Paenibacillus larvae,Paenibacillus,Paenibacillaceae,30.0,,,microaerophile,693,COLUMBIA BLOOD MEDIUM,1
11597,2,GCF_002951935.1,Paenibacillus larvae,Paenibacillus,Paenibacillaceae,35.0,,,microaerophile,693,COLUMBIA BLOOD MEDIUM,1
11601,2,GCA_000757885,Paenibacillus wynnii,Paenibacillus,Paenibacillaceae,20.0,7.5,,facultative anaerobe,220|535,CASO AGAR (Merck 105458)|TRYPTICASE SOY BROTH AGAR,2
11604,2,GCA_000425125,Paenibacillus taiwanensis,Paenibacillus,Paenibacillaceae,30.0,7.5,,facultative anaerobe,220,CASO AGAR (Merck 105458),1
11611,2,GCF_002864175.1,Paenibacillus pasadenensis,Paenibacillus,Paenibacillaceae,28.0,,,,220,CASO AGAR (Merck 105458),1
11619,2,GCA_003182255,Paenibacillus cellulosilyticus,Paenibacillus,Paenibacillaceae,27.5,,,,220|545,CASO AGAR (Merck 105458)|TRYPTONE SOYA BROTH (TSB),2
11622,2,GCA_000374845,Paenibacillus terrigena,Paenibacillus,Paenibacillaceae,18.0,7.0,1.75,facultative anaerobe,1|220,NUTRIENT AGAR|CASO AGAR (Merck 105458),2
11627,2,GCF_050994985.1,Paenibacillus taichungensis,Paenibacillus,Paenibacillaceae,28.0,,,,220,CASO AGAR (Merck 105458),1
11630,2,GCA_042678825,Paenibacillus urinalis,Paenibacillus,Paenibacillaceae,33.5,,5.0,facultative anaerobe,220,CASO AGAR (Merck 105458),1
11631,2,GCA_042678545,Paenibacillus provencensis,Paenibacillus,Paenibacillaceae,33.5,,5.0,aerobe,220,CASO AGAR (Merck 105458),1
11632,2,GCA_000380965,Paenibacillus ginsengihumi,Paenibacillus,Paenibacillaceae,37.0,,,aerobe,830,R2A MEDIUM,1
11634,2,GCA_002884445,Paenibacillus castaneae,Paenibacillus,Paenibacillaceae,30.0,7.0,2.0,aerobe,1,NUTRIENT AGAR,1
11640,2,GCF_036884255.1,Paenibacillus tundrae,Paenibacillus,Paenibacillaceae,27.0,6.4,,facultative anaerobe,220,CASO AGAR (Merck 105458),1
11645,2,GCA_027789125,Paenibacillus aestuarii,Paenibacillus,Paenibacillaceae,33.5,7.0,,aerobe,830,R2A MEDIUM,1
11649,2,GCA_003337375,Paenibacillus prosopidis,Paenibacillus,Paenibacillaceae,30.0,7.0,,aerobe,830,R2A MEDIUM,1
11654,2,GCA_900177425,Paenibacillus uliginis,Paenibacillus,Paenibacillaceae,30.0,,,facultative anaerobe,220,CASO AGAR (Merck 105458),1
11666,2,GCA_000227705,Thermobacillus composti,Thermobacillus,Paenibacillaceae,50.0,9.0,,aerobe,,,0
11668,2,GCA_014645255,Saccharibacillus kuerlensis,Saccharibacillus,Paenibacillaceae,33.5,7.0,2.5,aerobe,220,CASO AGAR (Merck 105458),1
12498,2,GCA_000156495,Parabacteroides johnsonii,Parabacteroides,Tannerellaceae,37.0,,,anaerobe,104|693,PYG MEDIUM (modified)|COLUMBIA BLOOD MEDIUM,2
12500,2,GCA_900624825,Parabacteroides goldsteinii,Parabacteroides,Tannerellaceae,37.0,,,anaerobe,1203a|693,FASTIDIOUS ANAEROBE BROTH|COLUMBIA BLOOD MEDIUM,2
12501,2,GCA_000969825,Parabacteroides gordonii,Parabacteroides,Tannerellaceae,37.0,,,anaerobe,693|78,COLUMBIA BLOOD MEDIUM|CHOPPED MEAT MEDIUM,2
13661,2,GCA_008930655,Salipiger aestuarii,Salipiger,Roseobacteraceae,28.0,,,,514,BACTO MARINE BROTH (DIFCO 2216),1
13662,2,GCA_000018145,Dinoroseobacter shibae,Dinoroseobacter,Roseobacteraceae,33.0,7.75,4.0,aerobe,514|pdf,BACTO MARINE BROTH (DIFCO 2216)|,2
13664,2,GCA_900113265,Jannaschia rubra,Jannaschia,Roseobacteraceae,14.5,,4.5,aerobe,514,BACTO MARINE BROTH (DIFCO 2216),1
13665,2,GCA_900109285,Jannaschia helgolandensis,Jannaschia,Roseobacteraceae,28.0,,,,514,BACTO MARINE BROTH (DIFCO 2216),1
13666,2,GCA_001458315,Jannaschia cystaugens,Jannaschia,Roseobacteraceae,24.0,,3.9,aerobe,514,BACTO MARINE BROTH (DIFCO 2216),1
13669,2,GCA_000511355,Leisingera methylohalidivorans,Leisingera,Roseobacteraceae,20.0,,,,514,BACTO MARINE BROTH (DIFCO 2216),1
13671,2,GCA_000473225,Sedimentitalea nanhaiensis,Sedimentitalea,Roseobacteraceae,25.0,7.75,2.5,aerobe,514,BACTO MARINE BROTH (DIFCO 2216),1
13677,2,GCA_900109295,Cognatiyoonia koreensis,Cognatiyoonia,Roseobacteraceae,25.0,,,facultative anaerobe,514,BACTO MARINE BROTH (DIFCO 2216),1
13678,2,GCA_900102015,Limimaricola pyoseonensis,Limimaricola,Roseobacteraceae,25.0,7.5,3.5,aerobe,514,BACTO MARINE BROTH (DIFCO 2216),1
13682,2,GCA_900114125,Nereida ignava,Nereida,Roseobacteraceae,20.5,,4.0,aerobe,514,BACTO MARINE BROTH (DIFCO 2216),1
13687,2,GCF_000152725.1,Pseudooceanicola batsensis,Pseudooceanicola,Roseobacteraceae,30.0,7.75,5.4,aerobe,514,BACTO MARINE BROTH (DIFCO 2216),1
13690,2,GCF_900454465.1,Pannonibacter phragmitetus,Pannonibacter,Stappiaceae,25.0,9.5,,facultative anaerobe,,,0
13692,2,GCA_000382365,Pannonibacter phragmitetus,Pannonibacter,Stappiaceae,25.0,9.5,,facultative anaerobe,,,0
13730,2,GCA_000154765,Phaeobacter inhibens,Phaeobacter,Roseobacteraceae,28.0,,,,514|pdf,BACTO MARINE BROTH (DIFCO 2216)|,2
13731,2,GCA_000473105,Phaeobacter inhibens,Phaeobacter,Roseobacteraceae,28.0,7.5,,aerobe,514,BACTO MARINE BROTH (DIFCO 2216),1
13732,2,GCA_000473145,Leisingera daeponensis,Leisingera,Roseobacteraceae,37.0,7.5,2.0,anaerobe,514,BACTO MARINE BROTH (DIFCO 2216),1
13737,2,GCA_001310815,Pseudovibrio denitrificans,Pseudovibrio,Stappiaceae,30.0,8.0,3.0,facultative anaerobe,514,BACTO MARINE BROTH (DIFCO 2216),1
13739,2,GCA_004345735,Rhodovulum adriaticum,Rhodovulum,Roseobacteraceae,28.0,,,anaerobe,,,0
13744,2,GCF_009649175.1,Rhodovulum strictum,Rhodovulum,Roseobacteraceae,30.0,,,anaerobe,,,0
13757,2,GCA_000521785,Roseivivax halodurans,Roseivivax,Roseobacteraceae,28.0,,,,,,0
13759,2,GCA_000521865,Roseivivax isoporae,Roseivivax,Roseobacteraceae,37.5,7.75,4.0,aerobe,514,BACTO MARINE BROTH (DIFCO 2216),1
13760,2,GCF_000521865.1,Roseivivax isoporae,Roseivivax,Roseobacteraceae,25.0,,,,514,BACTO MARINE BROTH (DIFCO 2216),1
13767,2,GCF_028885395.1,Roseovarius tolerans,Roseovarius,Roseobacteraceae,22.0,,,,,,0
13769,2,GCA_001307765,Aliiroseovarius crassostreae,Aliiroseovarius,Roseobacteraceae,34.0,7.25,1.25,aerobe,514,BACTO MARINE BROTH (DIFCO 2216),1
13777,2,GCA_000600335,Rubellimicrobium mesophilum,Rubellimicrobium,Roseobacteraceae,28.0,7.0,,aerobe,830,R2A MEDIUM,1
13778,2,GCA_017872975,Rubellimicrobium aerolatum,Rubellimicrobium,Roseobacteraceae,30.0,7.0,0.5,aerobe,830,R2A MEDIUM,1
13780,2,GCF_001458195.1,Ruegeria atlantica,Ruegeria,Roseobacteraceae,22.25,,,,514,BACTO MARINE BROTH (DIFCO 2216),1
13783,2,GCA_000011965,Ruegeria pomeroyi,Ruegeria,Roseobacteraceae,30.0,,,,514,BACTO MARINE BROTH (DIFCO 2216),1
13789,2,GCF_039724765.1,Sagittula stellata,Sagittula,Roseobacteraceae,29.0,7.5,,obligate aerobe,514,BACTO MARINE BROTH (DIFCO 2216),1
13791,2,GCA_900106935,Sulfitobacter pontiacus,Sulfitobacter,Roseobacteraceae,30.0,,,aerobe,,,0
13793,2,GCA_003054325,Sulfitobacter mediterraneus,Sulfitobacter,Roseobacteraceae,28.0,,,aerobe,514,BACTO MARINE BROTH (DIFCO 2216),1
13795,2,GCA_900113435,Sulfitobacter dubius,Sulfitobacter,Roseobacteraceae,25.0,7.75,6.0,aerobe,514,BACTO MARINE BROTH (DIFCO 2216),1
13796,2,GCA_900102535,Sulfitobacter delicatus,Sulfitobacter,Roseobacteraceae,25.0,7.75,3.5,aerobe,514,BACTO MARINE BROTH (DIFCO 2216),1
13798,2,GCA_900116285,Sulfitobacter marinus,Sulfitobacter,Roseobacteraceae,30.0,7.5,2.0,aerobe,514,BACTO MARINE BROTH (DIFCO 2216),1
13800,2,GCA_000712275,Sulfitobacter donghicola,Sulfitobacter,Roseobacteraceae,25.0,,,aerobe,514,BACTO MARINE BROTH (DIFCO 2216),1
13829,2,GCA_000590925,Roseibacterium elongatum,Roseibacterium,Roseobacteraceae,28.5,7.75,,aerobe,514,BACTO MARINE BROTH (DIFCO 2216),1
13832,2,GCA_000429365,Pseudodonghicola xiamenensis,Pseudodonghicola,Roseobacteraceae,25.0,7.0,2.0,,381,LB (Luria-Bertani) MEDIUM,1
13833,2,GCA_900099935,Pseudoruegeria lutimaris,Pseudoruegeria,Roseobacteraceae,30.0,7.5,2.0,anaerobe,514,BACTO MARINE BROTH (DIFCO 2216),1
13835,2,GCA_002906165,Roseibium marinum,Roseibium,Stappiaceae,28.0,7.0,,aerobe,514,BACTO MARINE BROTH (DIFCO 2216),1
13837,2,GCA_001404515,Roseibium album,Roseibium,Stappiaceae,25.0,,,aerobe,514,BACTO MARINE BROTH (DIFCO 2216),1
13840,2,GCA_900115595,Tranquillimonas alkanivorans,Tranquillimonas,Roseobacteraceae,43.0,8.5,2.0,aerobe,514,BACTO MARINE BROTH (DIFCO 2216),1
13847,2,GCA_005518135,Shimia litoralis,Shimia,Roseobacteraceae,25.0,7.0,,aerobe,514,BACTO MARINE BROTH (DIFCO 2216),1
13848,2,GCA_900113345,Phaeobacter italicus,Phaeobacter,Roseobacteraceae,24.0,7.25,2.5,aerobe,514,BACTO MARINE BROTH (DIFCO 2216),1
13849,2,GCA_000423645,Sediminimonas qiaohouensis,Sediminimonas,Roseobacteraceae,29.0,7.75,5.25,aerobe,514,BACTO MARINE BROTH (DIFCO 2216),1
13860,2,GCA_900108275,Jhaorihella thermophila,Jhaorihella,Roseobacteraceae,30.0,,,aerobe,514,BACTO MARINE BROTH (DIFCO 2216),1
13877,2,GCA_004346195,Tepidamorphus gemmatus,Tepidamorphus,Tepidamorphaceae,50.0,,,,514,BACTO MARINE BROTH (DIFCO 2216),1
13969,2,GCF_029594735.1,Nitrospirillum amazonense,Nitrospirillum,Azospirillaceae,29.0,,,,428|81|830,HETEROTROPHIC MEDIUM H3P|MINERAL MEDIUM FOR CHEMOLITHOTROPHIC GROWTH (H-3)|R2A MEDIUM,3
13972,2,GCA_002027385,Azospirillum brasilense,Azospirillum,Azospirillaceae,30.0,,,,428|830,HETEROTROPHIC MEDIUM H3P|R2A MEDIUM,2
13981,2,GCA_000429625,Azospirillum halopraeferens,Azospirillum,Azospirillaceae,37.0,,,,428,HETEROTROPHIC MEDIUM H3P,1
13985,2,GCF_027485265.1,Azospirillum sp.,Azospirillum,Azospirillaceae,30.0,,,,1|428|81,NUTRIENT AGAR|HETEROTROPHIC MEDIUM H3P|MINERAL MEDIUM FOR CHEMOLITHOTROPHIC GROWTH (H-3),3
13999,2,GCA_042655165,Azospirillum picis,Azospirillum,Azospirillaceae,29.5,,,aerobe,545,TRYPTONE SOYA BROTH (TSB),1
14041,2,GCF_900113055.1,Flavimobilis marinus,Flavimobilis,Jonesiaceae,28.0,,,,92,TRYPTICASE SOY YEAST EXTRACT MEDIUM,1
14043,2,GCA_002564025,Flavimobilis soli,Flavimobilis,Jonesiaceae,37.0,,,aerobe,92,TRYPTICASE SOY YEAST EXTRACT MEDIUM,1
14311,2,GCF_000222305.1,Borrelia bissettiae,Borrelia,Borreliaceae,33.5,,,microaerophile,,,0
14382,2,GCA_000384115,Sporichthya polymorpha,Sporichthya,Sporichthyaceae,28.0,,,,65|83,GYM STREPTOMYCES MEDIUM|CZAPEK PEPTONE AGAR,2
14383,2,GCF_000384115.1,Sporichthya polymorpha,Sporichthya,Sporichthyaceae,28.0,,,,65|83,GYM STREPTOMYCES MEDIUM|CZAPEK PEPTONE AGAR,2
14387,2,GCF_000497245.1,Sporolactobacillus laevolacticus,Sporolactobacillus,Sporolactobacillaceae,30.0,,,facultative anaerobe,830,R2A MEDIUM,1
14404,2,GCA_000246965,Sporolactobacillus vineae,Sporolactobacillus,Sporolactobacillaceae,37.0,6.5,,microaerophile,11|830,MRS MEDIUM|R2A MEDIUM,2
14405,2,GCA_014647035,Sporolactobacillus putidus,Sporolactobacillus,Sporolactobacillaceae,35.0,4.75,,anaerobe,830,R2A MEDIUM,1
14406,2,GCA_000430685,Tuberibacillus calidus,Tuberibacillus,Sporolactobacillaceae,50.0,,,,,,0
14409,2,GCA_003610495,Sinobaca qinghaiensis,Sinobaca,Bacillaceae,28.0,8.75,10.0,aerobe,514,BACTO MARINE BROTH (DIFCO 2216),1
16658,2,GCF_046097065.1,Syntrophus buswellii,Syntrophus,Syntrophaceae,37.0,,,anaerobe,,,0
16664,2,GCA_900109885,Syntrophus gentianae,Syntrophus,Syntrophaceae,28.0,,,anaerobe,,,0
16854,2,GCA_008245085,Pyrococcus furiosus,Pyrococcus,Thermococcaceae,96.0,,,anaerobe,,,0
16857,2,GCA_000011105,Pyrococcus horikoshii,Pyrococcus,Thermococcaceae,95.0,,,anaerobe,,,0
16859,2,GCF_000195935.2,Pyrococcus abyssi,Pyrococcus,Thermococcaceae,90.0,,,anaerobe,,,0
16861,2,GCA_002214525,Thermococcus sp.,Thermococcus,Thermococcaceae,85.0,,,anaerobe,,,0
16866,2,GCA_900012635,Thermococcus chitonophagus,Thermococcus,Thermococcaceae,85.0,,,,,,0
16867,2,GCA_024054535,Thermococcus alcaliphilus,Thermococcus,Thermococcaceae,85.0,,,anaerobe,,,0
16872,2,GCA_002214385,Thermococcus gorgonarius,Thermococcus,Thermococcaceae,85.0,,,anaerobe,,,0
16876,2,GCF_055393685.1,Thermococcus aegaeus,Thermococcus,Thermococcaceae,89.5,,,anaerobe,,,0
16877,2,GCF_055384795.1,Thermococcus waiotapuensis,Thermococcus,Thermococcaceae,82.5,,,anaerobe,,,0
16883,2,GCF_055389025.1,Thermococcus marinus,Thermococcus,Thermococcaceae,86.5,,,anaerobe,,,0
16885,2,GCA_000022365,Thermococcus gammatolerans,Thermococcus,Thermococcaceae,86.5,,,anaerobe,,,0
16891,2,GCA_000734015,Thermodesulfobacterium commune,Thermodesulfobacterium,Thermodesulfobacteriaceae,70.0,,,anaerobe,,,0
16894,2,GCA_000746255,Thermodesulfobacterium hydrogeniphilum,Thermodesulfobacterium,Thermodesulfobacteriaceae,70.0,,,anaerobe,,,0
16895,2,GCA_000421605,Thermodesulfobacterium thermophilum,Thermodesulfobacterium,Thermodesulfobacteriaceae,65.0,,,anaerobe,,,0
17021,2,GCA_000148385,Vulcanisaeta distributa,Vulcanisaeta,Thermoproteaceae,90.0,,,anaerobe,,,0
17023,2,GCA_000018305,Caldivirga maquilingensis,Caldivirga,Thermoproteaceae,84.0,,,anaerobe,,,0
17024,2,GCA_000015205,Pyrobaculum islandicum,Pyrobaculum,Thermoproteaceae,95.0,,,anaerobe,,,0
17025,2,GCF_055384425.1,Pyrobaculum organotrophum,Pyrobaculum,Thermoproteaceae,95.0,,,anaerobe,,,0
17026,2,GCA_000007225,Pyrobaculum aerophilum,Pyrobaculum,Thermoproteaceae,96.5,,,anaerobe,,,0
17028,2,GCA_000016385,Pyrobaculum arsenaticum,Pyrobaculum,Thermoproteaceae,95.0,,,anaerobe,,,0
17032,2,GCF_000193375.1,Thermoproteus uzoniensis,Thermoproteus,Thermoproteaceae,85.0,,,anaerobe,,,0
17042,2,GCA_900129175,Marinitoga hydrogenitolerans,Marinitoga,Petrotogaceae,60.0,6.0,,anaerobe,,,0
17043,2,GCF_055387075.1,Marinitoga okinawensis,Marinitoga,Petrotogaceae,57.5,5.64,3.25,anaerobe,,,0
17044,2,GCA_016908145,Marinitoga litoralis,Marinitoga,Petrotogaceae,60.0,6.0,2.6,anaerobe,,,0
17046,2,GCF_000018605.1,Petrotoga mobilis,Petrotoga,Petrotogaceae,55.0,,,anaerobe,,,0
17047,2,GCA_002895605,Petrotoga miotherma,Petrotoga,Petrotogaceae,55.0,,,anaerobe,,,0
17048,2,GCA_002895565,Petrotoga mexicana,Petrotoga,Petrotogaceae,55.0,6.6,0.15,anaerobe,,,0
17074,2,GCF_055391325.1,Defluviitoga tunisiensis,Defluviitoga,Petrotogaceae,55.0,6.9,0.5,anaerobe,,,0
17077,2,GCF_000419525.1,Leucothrix mucor,Leucothrix,Leucotrichaceae,25.0,,,,,,0
17080,2,GCF_028714775.1,Thiothrix sp.,Thiothrix,Leucotrichaceae,25.0,,,,,,0
17117,2,GCA_900141865,Anaerovibrio lipolyticus,Anaerovibrio,Selenomonadaceae,37.0,,,anaerobe,,,0
17140,2,GCA_015732185,Pectinatus sp.,Pectinatus,Selenomonadaceae,30.0,,,anaerobe,58,BIFIDOBACTERIUM MEDIUM,1
17151,2,GCA_900129225,Schwartzia succinivorans,Schwartzia,Selenomonadaceae,37.0,,,anaerobe,,,0
17155,2,GCA_900107615,Selenomonas ruminantium subsp. lactilytica,Selenomonas,Selenomonadaceae,37.0,,,anaerobe,,,0
17156,2,GCA_000424065,Selenomonas ruminantium subsp. ruminantium,Selenomonas,Selenomonadaceae,37.0,,,anaerobe,,,0
17159,2,GCA_000208405,Selenomonas sputigena,Selenomonas,Selenomonadaceae,37.0,,,anaerobe,104|110,PYG MEDIUM (modified)|CHOPPED MEAT MEDIUM WITH CARBOHYDRATES,2
17187,2,GCA_000381065,Propionispira raffinosivorans,Propionispira,Selenomonadaceae,28.0,,,anaerobe,1203a|58,FASTIDIOUS ANAEROBE BROTH|BIFIDOBACTERIUM MEDIUM,2
17642,2,GCF_054656775.1,Desulfurobacterium crinifex,Desulfurobacterium,Desulfurobacteriaceae,60.0,,,anaerobe,,,0
17647,2,GCA_003633715,Thermovibrio guaymasensis,Thermovibrio,Desulfurobacteriaceae,75.0,,,anaerobe,,,0
17648,2,GCA_004339575,Phorcysia thermohydrogeniphila,Phorcysia,Desulfurobacteriaceae,75.0,6.0,,anaerobe,,,0
17682,2,GCA_000179635,Ruminococcus albus,Ruminococcus,Oscillospiraceae,37.0,,,anaerobe,,,0
17688,2,GCA_000157955,Subdoligranulum variabile,Subdoligranulum,Oscillospiraceae,37.0,,,anaerobe,,,0
17689,2,GCA_003020045,Ethanoligenens harbinense,Ethanoligenens,Oscillospiraceae,35.0,4.75,,anaerobe,,,0
17691,2,GCA_000283575,Oscillibacter valericigenes,Oscillibacter,Oscillospiraceae,30.0,6.25,,anaerobe,104b,PY + X MEDIUM,1
17741,2,GCF_000024005.1,Chitinophaga pinensis,Chitinophaga,Chitinophagaceae,22.0,,,,,,0
17744,2,GCA_900102545,Chitinophaga filiformis,Chitinophaga,Chitinophagaceae,30.0,,,obligate aerobe,,,0
17749,2,GCA_900107795,Chitinophaga terrae,Chitinophaga,Chitinophagaceae,29.25,7.5,,aerobe,381,LB (Luria-Bertani) MEDIUM,1
17751,2,GCA_003014755,Chitinophaga niastensis,Chitinophaga,Chitinophagaceae,28.0,6.5,1.0,aerobe,830,R2A MEDIUM,1
17754,2,GCA_900167135,Chitinophaga eiseniae,Chitinophaga,Chitinophagaceae,28.0,,,,,,0
17765,2,GCA_003254115,Hydrotalea sandarakina,Hydrotalea,Chitinophagaceae,45.0,6.25,,aerobe,830,R2A MEDIUM,1
17804,2,GCA_023838525,Caldicoprobacter algeriensis,Caldicoprobacter,Caldicoprobacteraceae,70.0,,,anaerobe,,,0
17814,2,GCA_004345615,Natronoflexus pectinivorans,Natronoflexus,Marinilabiliaceae,30.0,,,anaerobe,,,0
17836,2,GCA_014202505,Armatimonas rosea,Armatimonas,Armatimonadaceae,30.0,,,,830,R2A MEDIUM,1
17837,2,GCA_000975095,Demequina aestuarii,Demequina,Demequinaceae,28.0,,,aerobe,514,BACTO MARINE BROTH (DIFCO 2216),1
17838,2,GCA_000975075,Demequina lutea,Demequina,Demequinaceae,22.5,7.0,,facultative anaerobe,830,R2A MEDIUM,1
17839,2,GCA_000974805,Demequina salsinemoris,Demequina,Demequinaceae,25.5,,5.0,aerobe,92,TRYPTICASE SOY YEAST EXTRACT MEDIUM,1
17841,2,GCA_000975055,Demequina sediminicola,Demequina,Demequinaceae,28.0,7.5,,anaerobe,514,BACTO MARINE BROTH (DIFCO 2216),1
17842,2,GCA_900109245,Demequina mangrovi,Demequina,Demequinaceae,28.0,7.5,,facultative anaerobe,514,BACTO MARINE BROTH (DIFCO 2216),1
17857,2,GCA_000327485,Methanoregula formicica,Methanoregula,Methanoregulaceae,31.5,7.4,,anaerobe,,,0
17878,2,GCA_011762045,Rhizomicrobium electricum,Rhizomicrobium,Micropepsaceae,30.0,,,obligate anaerobe,830,R2A MEDIUM,1
17905,2,GCA_000420325,Spongiibacter tropicus,Spongiibacter,Spongiibacteraceae,32.5,7.5,3.5,aerobe,514,BACTO MARINE BROTH (DIFCO 2216),1
17914,2,GCA_030676955,Porticoccus litoralis,Porticoccus,Porticoccaceae,22.5,7.5,3.5,aerobe,,,0
17916,2,GCA_003315245,Arenicella xantha,Arenicella,Arenicellaceae,26.5,9.0,2.5,aerobe,,,0
17918,2,GCA_004339015,Cocleimonas flava,Cocleimonas,Leucotrichaceae,26.5,9.0,3.5,aerobe,,,0
17921,2,GCA_014202945,Zhongshania antarctica,Zhongshania,Spongiibacteraceae,28.0,,,,,,0
18083,2,GCA_000169255,Pseudoflavonifractor capillosus,Pseudoflavonifractor,Oscillospiraceae,37.0,,,anaerobe,1203a|693,FASTIDIOUS ANAEROBE BROTH|COLUMBIA BLOOD MEDIUM,2
18094,2,GCA_001547735,Thermosulfidibacter takaii,Thermosulfidibacter,Thermosulfidibacteraceae,70.0,5.75,3.0,anaerobe,,,0
18103,2,GCA_000702605,Exiguobacterium acetylicum,Exiguobacterium,Bacillaceae,28.0,,,,53,CORYNEBACTERIUM AGAR,1
18104,2,GCF_000702585.1,Exiguobacterium aurantiacum,Exiguobacterium,Bacillaceae,28.0,,,,,,0
18111,2,GCA_000620845,Exiguobacterium marinum,Exiguobacterium,Bacillaceae,30.0,,,facultative anaerobe,514,BACTO MARINE BROTH (DIFCO 2216),1
18118,2,GCA_025234645,Exiguobacterium artemiae,Exiguobacterium,Bacillaceae,30.0,,,aerobe,514,BACTO MARINE BROTH (DIFCO 2216),1
18121,2,GCA_900476045,Gemella morbillorum,Gemella,Gemellaceae,37.0,,,anaerobe,104|693,PYG MEDIUM (modified)|COLUMBIA BLOOD MEDIUM,2
18138,2,GCA_014646795,Thermogymnomonas acidicola,Thermogymnomonas,"Thermoplasmatales, not assigned to family",60.0,,,,,,0
18147,2,GCF_024372745.1,Methanocalculus taiwanensis,Methanocalculus,Methanocalculaceae,37.0,,,anaerobe,,,0
22896,2,GCF_949281285.1,Komagataeibacter intermedius,Komagataeibacter,Acetobacteraceae,30.0,,,obligate aerobe,11,MRS MEDIUM,1
22898,2,GCA_025685605,Granulicella arctica,Granulicella,Acidobacteriaceae,22.5,5.0,,aerobe,830,R2A MEDIUM,1
22923,2,GCA_005116465,Robertmurraya kyonggiensis,Robertmurraya,Cytobacillaceae,30.0,,,,220,CASO AGAR (Merck 105458),1
22927,2,GCA_000311725,Robertmurraya massiliosenegalensis,Robertmurraya,Cytobacillaceae,37.0,,,,220|693,CASO AGAR (Merck 105458)|COLUMBIA BLOOD MEDIUM,2
22931,2,GCA_000709085,Virgibacillus alimentarius,Virgibacillus,Bacillaceae,37.0,10.0,,aerobe,,,0
22982,2,GCA_014192485,Adlercreutzia caecicola,Adlercreutzia,Eggerthellaceae,37.0,,,obligate anaerobe,693,COLUMBIA BLOOD MEDIUM,1
22984,2,GCA_039522025,Deinococcus depolymerans,Deinococcus,Deinococcaceae,29.0,,,,,,0
22991,2,GCF_055382125.1,Desulfoconvexum algidum,Desulfoconvexum,Desulfobacteraceae,15.0,7.3,2.5,anaerobe,,,0
23094,2,GCF_036560965.1,Methylosinus sp.,Methylosinus,Methylocystaceae,28.0,,,,830,R2A MEDIUM,1
23177,2,GCA_000511405,Paenibacillus larvae,Paenibacillus,Paenibacillaceae,35.0,,,microaerophile,693,COLUMBIA BLOOD MEDIUM,1
23178,2,GCA_019443145,Paenibacillus sepulcri,Paenibacillus,Paenibacillaceae,30.0,,,,1,NUTRIENT AGAR,1
23179,2,GCA_900112925,Paenibacillus algorifonticola,Paenibacillus,Paenibacillaceae,27.5,,,,220,CASO AGAR (Merck 105458),1
23182,2,GCA_900112695,Paenibacillus catalpae,Paenibacillus,Paenibacillaceae,26.5,7.0,0.75,aerobe,220,CASO AGAR (Merck 105458),1
23227,2,GCA_003443555,Phaeobacter inhibens,Phaeobacter,Roseobacteraceae,20.0,,,,514,BACTO MARINE BROTH (DIFCO 2216),1
23232,2,GCA_900112745,Shimia marina,Shimia,Roseobacteraceae,32.5,7.0,,aerobe,514,BACTO MARINE BROTH (DIFCO 2216),1
23238,2,GCA_004364805,Pelagimonas phthalicica,Pelagimonas,Roseobacteraceae,25.0,,,aerobe,514,BACTO MARINE BROTH (DIFCO 2216),1
23239,2,GCA_900102315,Celeribacter baekdonensis,Celeribacter,Roseobacteraceae,30.0,7.75,2.0,anaerobe,514,BACTO MARINE BROTH (DIFCO 2216),1
23241,2,GCA_900111945,Litoreibacter janthinus,Litoreibacter,Roseobacteraceae,26.5,7.75,2.5,aerobe,514,BACTO MARINE BROTH (DIFCO 2216),1
23244,2,GCF_004346195.1,Tepidamorphus gemmatus,Tepidamorphus,Tepidamorphaceae,50.0,,,,,,0
23324,2,GCA_000013405,Syntrophus aciditrophicus,Syntrophus,Syntrophaceae,36.0,,,anaerobe,,,0
23446,2,GCA_000975115,Demequina oxidasica,Demequina,Demequinaceae,28.0,,,aerobe,514,BACTO MARINE BROTH (DIFCO 2216),1
23504,2,GCA_012163135,Roseomonas oryzicola,Roseomonas,Acetobacteraceae,27.75,,,aerobe,830,R2A MEDIUM,1
23507,2,GCA_000164395,Komagataeibacter hansenii,Komagataeibacter,Acetobacteraceae,28.0,,,,,,0
23513,2,GCA_003253705,Humitalea rosea,Humitalea,Acetobacteraceae,21.75,7.0,1.0,aerobe,830,R2A MEDIUM,1
23514,2,GCF_003543335.1,Acidobacterium sp.,Acidobacterium,Acidobacteriaceae,25.0,,,,,,0
23517,2,GCA_025685395,Terriglobus tenax,Terriglobus,Acidobacteriaceae,28.0,,,,830,R2A MEDIUM,1
23518,2,GCA_025685575,Granulicella cerasi,Granulicella,Acidobacteriaceae,30.0,,,,830,R2A MEDIUM,1
23585,2,GCA_011761495,Alkalibacillus almallahensis,Alkalibacillus,Bacillaceae,30.0,,,,514,BACTO MARINE BROTH (DIFCO 2216),1
23602,2,GCA_018221505,Bacillus cereus,Bacillus,Bacillaceae,30.0,,,,1,NUTRIENT AGAR,1
23706,2,GCA_002117165,Bacillus velezensis,Bacillus,Bacillaceae,29.0,7.25,,aerobe,830,R2A MEDIUM,1
23707,2,GCA_007830185,Halalkalibacter nanhaiisediminis,Halalkalibacter,Bacillaceae,37.0,9.0,,aerobe,220,CASO AGAR (Merck 105458),1
23709,2,GCA_030813055,Neobacillus ginsengisoli,Neobacillus,Cytobacillaceae,33.5,6.75,,aerobe,830,R2A MEDIUM,1
23710,2,GCA_002019635,Metabacillus halosaccharovorans,Metabacillus,Bacillaceae,40.0,7.75,10.0,aerobe,514,BACTO MARINE BROTH (DIFCO 2216),1
23712,2,GCA_030813365,Oikeobacillus pervagus,Oikeobacillus,Bacillaceae,45.0,8.0,2.0,,220,CASO AGAR (Merck 105458),1
23718,2,GCA_030813035,Bacillus fengqiuensis,Bacillus,Bacillaceae,30.0,,,,830,R2A MEDIUM,1
23737,2,GCA_014647195,Oceanobacillus indicireducens,Oceanobacillus,Bacillaceae,39.0,10.0,5.0,aerobe,,,0
23739,2,GCA_900129485,Ornithinibacillus halophilus,Ornithinibacillus,Bacillaceae,37.5,7.5,6.0,aerobe,,,0
23763,2,GCF_003014715.1,Salsuginibacillus halophilus,Salsuginibacillus,Bacillaceae,37.0,9.0,19.0,,,,0
23769,2,GCA_014202575,Texcoconibacillus texcoconensis,Texcoconibacillus,Bacillaceae,37.0,8.75,2.1,aerobe,,,0
23790,2,GCA_001417815,Bifidobacterium aesculapii,Bifidobacterium,Bifidobacteriaceae,37.0,,,anaerobe,58,BIFIDOBACTERIUM MEDIUM,1
23792,2,GCA_002259705,Alloscardovia macacae,Alloscardovia,Bifidobacteriaceae,37.0,,,obligate anaerobe,11,MRS MEDIUM,1
23816,2,GCA_020736425,Burkholderia vietnamiensis,Burkholderia,Burkholderiaceae,30.0,,,,1,NUTRIENT AGAR,1
23817,2,GCA_000698575,Caballeronia zhejiangensis,Caballeronia,Burkholderiaceae,30.0,7.0,,,1,NUTRIENT AGAR,1
23818,2,GCA_030409555,Chitinimonas viridis,Chitinimonas,Burkholderiaceae,28.0,,,,830,R2A MEDIUM,1
23830,2,GCF_002749615.1,Caulobacter mirabilis,Caulobacter,Caulobacteraceae,37.0,,,,1,NUTRIENT AGAR,1
23877,2,GCA_001274895,Corynebacterium lactis,Corynebacterium,Corynebacteriaceae,30.0,,,aerobe,,,0
23889,2,GCA_014201875,Deinococcus humi,Deinococcus,Deinococcaceae,30.0,7.25,,aerobe,830,R2A MEDIUM,1
24009,2,GCA_013133875,Ferroplasma acidiphilum,Ferroplasma,Ferroplasmataceae,36.0,,,,,,0
24077,2,GCA_000336955,Haloferax larsenii,Haloferax,Haloferacaceae,43.5,6.75,,aerobe,,,0
24079,2,GCA_000336735,Haloferax alexandrinus,Haloferax,Haloferacaceae,37.0,,,,,,0
24090,2,GCA_900109065,Halohasta litchfieldiae,Halohasta,Haloferacaceae,32.5,,,,,,0
24180,2,GCA_014196425,Hansschlegelia beijingensis,Hansschlegelia,Methylocystaceae,30.0,7.5,,aerobe,,,0
24197,2,GCF_035445595.1,Citricoccus sp.,Citricoccus,Micrococcaceae,28.0,,,,92,TRYPTICASE SOY YEAST EXTRACT MEDIUM,1
24259,2,GCA_013410565,Streptomonospora nanhaiensis,Streptomonospora,Nocardiopsidaceae,37.0,7.5,3.5,aerobe,514|83|987,BACTO MARINE BROTH (DIFCO 2216)|CZAPEK PEPTONE AGAR|ISP 2 MEDIUM,3
24285,2,GCA_042432825,Paenibacillus chartarius,Paenibacillus,Paenibacillaceae,30.0,6.5,,aerobe,220,CASO AGAR (Merck 105458),1
24286,2,GCA_042679145,Paenibacillus vulneris,Paenibacillus,Paenibacillaceae,30.0,7.5,1.0,aerobe,693|92,COLUMBIA BLOOD MEDIUM|TRYPTICASE SOY YEAST EXTRACT MEDIUM,2
24289,2,GCA_000598065,Paenibacillus darwinianus,Paenibacillus,Paenibacillaceae,20.0,,,,,,0
24290,2,GCA_003931855,Paenibacillus lentus,Paenibacillus,Paenibacillaceae,30.0,,,,220,CASO AGAR (Merck 105458),1
24292,2,GCA_017874255,Paenibacillus shirakamiensis,Paenibacillus,Paenibacillaceae,25.0,,,aerobe,220,CASO AGAR (Merck 105458),1
24489,2,GCA_900188045,Jannaschia aquimarina,Jannaschia,Roseobacteraceae,30.0,7.5,2.0,aerobe,514,BACTO MARINE BROTH (DIFCO 2216),1
24491,2,GCA_900128995,Loktanella atrilutea,Loktanella,Roseobacteraceae,27.5,7.0,4.0,aerobe,514,BACTO MARINE BROTH (DIFCO 2216),1
24493,2,GCA_000511385,Phaeobacter gallaeciensis,Phaeobacter,Roseobacteraceae,23.5,,,,514,BACTO MARINE BROTH (DIFCO 2216),1
24495,2,GCA_003054175,Allosediminivita pacifica,Allosediminivita,Roseobacteraceae,32.5,7.0,,aerobe,514,BACTO MARINE BROTH (DIFCO 2216),1
24496,2,GCA_900111315,Tranquillimonas rosea,Tranquillimonas,Roseobacteraceae,28.0,,,,514,BACTO MARINE BROTH (DIFCO 2216),1
24499,2,GCA_900142765,Roseovarius litoreus,Roseovarius,Roseobacteraceae,30.0,,,aerobe,514,BACTO MARINE BROTH (DIFCO 2216),1
24504,2,GCA_003664205,Ruegeria conchae,Ruegeria,Roseobacteraceae,27.5,8.0,2.0,aerobe,514,BACTO MARINE BROTH (DIFCO 2216),1
24506,2,GCF_021154965.1,Sulfitobacter sp.,Sulfitobacter,Roseobacteraceae,28.0,,,,514,BACTO MARINE BROTH (DIFCO 2216),1
24507,2,GCA_900129685,Cognatishimia maritima,Cognatishimia,Roseobacteraceae,30.0,7.5,2.0,aerobe,514,BACTO MARINE BROTH (DIFCO 2216),1
24520,2,GCA_900111875,Poseidonocella pacifica,Poseidonocella,Roseobacteraceae,25.0,,,,514,BACTO MARINE BROTH (DIFCO 2216),1
24522,2,GCA_000647975,Actibacterium mucosum,Actibacterium,Roseobacteraceae,28.0,,,aerobe,514,BACTO MARINE BROTH (DIFCO 2216),1
24523,2,GCA_002796795,Epibacterium ulvae,Epibacterium,Roseobacteraceae,25.0,7.5,2.5,aerobe,514,BACTO MARINE BROTH (DIFCO 2216),1
24530,2,GCF_051651605.1,Inquilinus sp.,Inquilinus,Azospirillaceae,28.0,,,,830,R2A MEDIUM,1
24652,2,GCA_000265525,Thermococcus cleftensis,Thermococcus,Thermococcaceae,80.0,,,,,,0
24666,2,GCA_007859155,Waddlia chondrophila,Waddlia,Waddliaceae,25.0,,,,,,0
24719,2,GCF_900002895.1,Ercella succinigenes,Ercella,Oscillospiraceae,30.0,,,anaerobe,,,0
24734,2,GCA_051201075,Niabella hirudinis,Niabella,Chitinophagaceae,25.0,,,aerobe,545|830,TRYPTONE SOYA BROTH (TSB)|R2A MEDIUM,2
24735,2,GCA_900101395,Niabella drilacis,Niabella,Chitinophagaceae,25.0,,,aerobe,545,TRYPTONE SOYA BROTH (TSB),1
24738,2,GCA_004361915,Sediminibacterium goheungense,Sediminibacterium,Chitinophagaceae,28.0,,,,830,R2A MEDIUM,1
24743,2,GCA_002797735,Thermoflavifilum aggregans,Thermoflavifilum,Chitinophagaceae,60.0,,,,,,0
24771,2,GCA_018141445,Vallitalea pronyensis,Vallitalea,Vallitaleaceae,33.5,,,anaerobe,,,0
24783,2,GCA_000714435,Exiguobacterium alkaliphilum,Exiguobacterium,Bacillaceae,35.0,9.5,,facultative anaerobe,92,TRYPTICASE SOY YEAST EXTRACT MEDIUM,1
24817,2,GCA_900111425,Draconibacterium orientale,Draconibacterium,Prolixibacteraceae,28.0,,,,514,BACTO MARINE BROTH (DIFCO 2216),1
24870,2,GCA_004341035,Scopulibacillus darangshiensis,Scopulibacillus,Sporolactobacillaceae,28.0,,,,830,R2A MEDIUM,1
130136,2,GCA_002003665,Bombella intestini,Bombella,Acetobacteraceae,28.0,,,,,,0
130144,2,GCA_902859765,Achromobacter pulmonis,Achromobacter,Alcaligenaceae,30.0,,,aerobe,220,CASO AGAR (Merck 105458),1
130146,2,GCA_007558815,Verticiella sediminum,Verticiella,Alcaligenaceae,29.0,,,,514,BACTO MARINE BROTH (DIFCO 2216),1
130191,2,GCF_003096215.1,Bacillus thermoamylovorans,Bacillus,Bacillaceae,50.0,,,anaerobe,,,0
130193,2,GCA_016908495,Bacillus pakistanensis,Bacillus,Bacillaceae,30.0,,,aerobe,220,CASO AGAR (Merck 105458),1
130195,2,GCA_001636315,Neobacillus mesonae,Neobacillus,Cytobacillaceae,30.0,,,,1,NUTRIENT AGAR,1
130196,2,GCA_000949525,Bacillus altitudinis,Bacillus,Bacillaceae,33.5,,,aerobe,1,NUTRIENT AGAR,1
130200,2,GCF_900166655.1,Halobacillus hunanensis,Halobacillus,Bacillaceae,28.75,,,aerobe,,,0
130207,2,GCA_000577245,Paucisalibacillus algeriensis,Paucisalibacillus,Bacillaceae,30.0,,,,514,BACTO MARINE BROTH (DIFCO 2216),1
130213,2,GCA_004342905,Melghiribacillus thermohalophilus,Melghiribacillus,Bacillaceae,55.5,,,aerobe,514,BACTO MARINE BROTH (DIFCO 2216),1
130228,2,GCA_900108945,Paraburkholderia diazotrophica,Paraburkholderia,Burkholderiaceae,33.5,6.5,,aerobe,535,TRYPTICASE SOY BROTH AGAR,1
130229,2,GCF_000472525.1,Paraburkholderia dilworthii,Paraburkholderia,Burkholderiaceae,30.0,,,,830,R2A MEDIUM,1
130231,2,GCA_900116445,Paraburkholderia aspalathi,Paraburkholderia,Burkholderiaceae,29.0,,,,1|220,NUTRIENT AGAR|CASO AGAR (Merck 105458),2
130234,2,GCF_037101365.1,Ralstonia syzygii subsp. indonesiensis,Ralstonia,Burkholderiaceae,28.0,,,,535,TRYPTICASE SOY BROTH AGAR,1
130419,2,GCF_030812615.1,Pseudarthrobacter niigatensis,Pseudarthrobacter,Micrococcaceae,30.0,7.5,,aerobe,92,TRYPTICASE SOY YEAST EXTRACT MEDIUM,1
130426,2,GCF_014652975.1,Kocuria marina,Kocuria,Micrococcaceae,28.0,,,,92,TRYPTICASE SOY YEAST EXTRACT MEDIUM,1
130436,2,GCA_000802235,Sinomonas humi,Sinomonas,Micrococcaceae,28.0,,,,830,R2A MEDIUM,1
130495,2,GCF_042653925.1,Nocardiopsis mangrovei,Nocardiopsis,Nocardiopsidaceae,37.0,,,,514,BACTO MARINE BROTH (DIFCO 2216),1
130496,2,GCA_014203695,Nocardiopsis algeriensis,Nocardiopsis,Nocardiopsidaceae,28.0,,,,514,BACTO MARINE BROTH (DIFCO 2216),1
130498,2,GCA_000981225,Allosalinactinospora lopnorensis,Allosalinactinospora,Nocardiopsidaceae,37.0,,,,514,BACTO MARINE BROTH (DIFCO 2216),1
130511,2,GCA_000285515,Paenibacillus senegalensis,Paenibacillus,Paenibacillaceae,37.0,,,,693,COLUMBIA BLOOD MEDIUM,1
130514,2,GCA_000513275,Paenibacillus gorillae,Paenibacillus,Paenibacillaceae,37.0,,,,92,TRYPTICASE SOY YEAST EXTRACT MEDIUM,1
130515,2,GCA_014640295,Paenibacillus abyssi,Paenibacillus,Paenibacillaceae,28.0,,,,514,BACTO MARINE BROTH (DIFCO 2216),1
130607,2,GCA_900114675,Yoonia litorea,Yoonia,Roseobacteraceae,30.0,7.5,2.0,aerobe,514,BACTO MARINE BROTH (DIFCO 2216),1
130608,2,GCA_000466965,Limimaricola cinnabarinus,Limimaricola,Roseobacteraceae,25.0,6.5,3.0,aerobe,514,BACTO MARINE BROTH (DIFCO 2216),1
130620,2,GCF_965222325.1,Roseovarius sp.,Roseovarius,Roseobacteraceae,28.0,,,,514,BACTO MARINE BROTH (DIFCO 2216),1
130623,2,GCA_003634925,Roseovarius halotolerans,Roseovarius,Roseobacteraceae,35.0,7.5,3.5,aerobe,514,BACTO MARINE BROTH (DIFCO 2216),1
130624,2,GCA_900156535,Roseovarius nanhaiticus,Roseovarius,Roseobacteraceae,30.0,8.55,,aerobe,514,BACTO MARINE BROTH (DIFCO 2216),1
130625,2,GCA_900109955,Aliiroseovarius sediminilitoris,Aliiroseovarius,Roseobacteraceae,30.0,7.5,2.0,aerobe,514,BACTO MARINE BROTH (DIFCO 2216),1
130626,2,GCF_900142625.1,Roseovarius marisflavi,Roseovarius,Roseobacteraceae,30.0,,,,514,BACTO MARINE BROTH (DIFCO 2216),1
130628,2,GCA_030161195,Sulfitobacter porphyrae,Sulfitobacter,Roseobacteraceae,30.0,,,,514,BACTO MARINE BROTH (DIFCO 2216),1
130638,2,GCA_900182725,Thalassobius litoralis,Thalassobius,Roseobacteraceae,25.0,,,aerobe,514,BACTO MARINE BROTH (DIFCO 2216),1
130639,2,GCA_900129875,Marivita hallyeonensis,Marivita,Roseobacteraceae,30.0,7.25,2.0,aerobe,514,BACTO MARINE BROTH (DIFCO 2216),1
130644,2,GCA_004365635,Litoreibacter halocynthiae,Litoreibacter,Roseobacteraceae,25.0,7.5,2.5,aerobe,514,BACTO MARINE BROTH (DIFCO 2216),1
130648,2,GCA_000812685,Halocynthiibacter namhaensis,Halocynthiibacter,Roseobacteraceae,25.0,,,aerobe,514,BACTO MARINE BROTH (DIFCO 2216),1
130743,2,GCA_000234805,Pyrobaculum ferrireducens,Pyrobaculum,Thermoproteaceae,90.0,,,anaerobe,,,0
130858,2,GCA_024623095,Bacillus licheniformis,Bacillus,Bacillaceae,37.0,,,,381,LB (Luria-Bertani) MEDIUM,1
130876,2,GCA_024623085,Bacillus subtilis,Bacillus,Bacillaceae,37.0,,,,381,LB (Luria-Bertani) MEDIUM,1
130937,2,GCA_021568315,Corynebacterium uropygiale,Corynebacterium,Corynebacteriaceae,37.0,,,,381,LB (Luria-Bertani) MEDIUM,1
131084,2,GCA_000015285,Psychromonas ingrahamii,Psychromonas,Psychromonadaceae,10.0,,,,514,BACTO MARINE BROTH (DIFCO 2216),1
131097,2,GCF_042677725.1,Rothia amarae,Rothia,Micrococcaceae,28.0,,,,92,TRYPTICASE SOY YEAST EXTRACT MEDIUM,1
131108,2,GCF_000702625.1,Exiguobacterium oxidotolerans,Exiguobacterium,Bacillaceae,28.0,,,,535,TRYPTICASE SOY BROTH AGAR,1
131147,2,GCF_020091425.1,Parabacteroides goldsteinii,Parabacteroides,Tannerellaceae,37.0,,,anaerobe,110|78,CHOPPED MEAT MEDIUM WITH CARBOHYDRATES|CHOPPED MEAT MEDIUM,2
131163,2,GCA_001403795,Jannaschia donghaensis,Jannaschia,Roseobacteraceae,25.0,7.5,7.5,aerobe,514,BACTO MARINE BROTH (DIFCO 2216),1
131181,2,GCA_001623405,Hydrotalea flava,Hydrotalea,Chitinophagaceae,28.0,,,facultative anaerobe,830,R2A MEDIUM,1
131266,2,GCA_900142605,Chitinophaga jiangningensis,Chitinophaga,Chitinophagaceae,29.0,,,,381,LB (Luria-Bertani) MEDIUM,1
131289,2,GCA_900109455,Roseovarius azorensis,Roseovarius,Roseobacteraceae,30.0,,,,514,BACTO MARINE BROTH (DIFCO 2216),1
131297,2,GCF_054783335.1,Arthrobacter bambusae,Arthrobacter,Micrococcaceae,28.0,,,,92,TRYPTICASE SOY YEAST EXTRACT MEDIUM,1
131303,2,GCA_014197555,Sulfitobacter noctilucicola,Sulfitobacter,Roseobacteraceae,30.0,,,,514,BACTO MARINE BROTH (DIFCO 2216),1
131310,2,GCA_001580545,Paraburkholderia monticola,Paraburkholderia,Burkholderiaceae,27.5,,,,535,TRYPTICASE SOY BROTH AGAR,1
131326,2,GCA_004684935,Sporolactobacillus shoreae,Sporolactobacillus,Sporolactobacillaceae,30.0,,,anaerobe,830,R2A MEDIUM,1
131372,2,GCA_014191315,Bifidobacterium commune,Bifidobacterium,Bifidobacteriaceae,37.0,,,anaerobe,58,BIFIDOBACTERIUM MEDIUM,1
131423,2,GCA_009617855,Prolixibacter denitrificans,Prolixibacter,Prolixibacteraceae,29.0,,,,,,0
131433,2,GCA_000971965,Paenibacillus wulumuqiensis,Paenibacillus,Paenibacillaceae,29.0,,,,830,R2A MEDIUM,1
131460,2,GCA_014201805,Deinococcus metalli,Deinococcus,Deinococcaceae,28.0,,,,830,R2A MEDIUM,1
131463,2,GCA_000970675,Domibacillus tundrae,Domibacillus,Bacillaceae,29.0,,,,514,BACTO MARINE BROTH (DIFCO 2216),1
131473,2,GCA_002240225,Paenibacillus physcomitrellae,Paenibacillus,Paenibacillaceae,30.0,,,,220|545,CASO AGAR (Merck 105458)|TRYPTONE SOYA BROTH (TSB),2
131474,2,GCA_050871305,Kineococcus gypseus,Kineococcus,Kineosporiaceae,28.0,,,,65,GYM STREPTOMYCES MEDIUM,1
131476,2,GCF_054777395.1,Nocardiopsis oceani,Nocardiopsis,Nocardiopsidaceae,28.0,,,,514|535|987,BACTO MARINE BROTH (DIFCO 2216)|TRYPTICASE SOY BROTH AGAR|ISP 2 MEDIUM,3
131515,2,GCA_002201475,Acutalibacter muris,Acutalibacter,Oscillospiraceae,37.0,,,anaerobe,58,BIFIDOBACTERIUM MEDIUM,1
131531,2,GCA_008831045,Adlercreutzia muris,Adlercreutzia,Eggerthellaceae,37.0,,,anaerobe,339|78,WILKINS-CHALGREN ANAEROBE BROTH|CHOPPED MEAT MEDIUM,2
131535,2,GCA_000971395,Demequina iriomotensis,Demequina,Demequinaceae,28.0,,,,92,TRYPTICASE SOY YEAST EXTRACT MEDIUM,1
131541,2,GCA_000971235,Demequina subtropica,Demequina,Demequinaceae,28.0,,,,92,TRYPTICASE SOY YEAST EXTRACT MEDIUM,1
131549,2,GCA_008084145,Paenibacillus faecis,Paenibacillus,Paenibacillaceae,30.0,,,facultative anaerobe,220,CASO AGAR (Merck 105458),1
131555,2,GCA_003722335,Caulobacter flavus,Caulobacter,Caulobacteraceae,29.0,,,,,,0
131562,2,GCA_007970805,Flavisolibacter ginsenosidimutans,Flavisolibacter,Chitinophagaceae,29.0,,,,830,R2A MEDIUM,1
131609,2,GCA_001424565,Arthrobacter sp.,Arthrobacter,Micrococcaceae,28.0,,,,92,TRYPTICASE SOY YEAST EXTRACT MEDIUM,1
131633,2,GCA_029537175,Bacillus pumilus,Bacillus,Bacillaceae,28.0,,,,92,TRYPTICASE SOY YEAST EXTRACT MEDIUM,1
131641,2,GCA_001429465,Bacillus sp.,Bacillus,Bacillaceae,30.0,,,,220,CASO AGAR (Merck 105458),1
131643,2,GCA_001429365,Priestia megaterium,Priestia,Bacillaceae,30.0,,,,220,CASO AGAR (Merck 105458),1
131644,2,GCA_001429385,Priestia megaterium,Priestia,Bacillaceae,30.0,,,,220,CASO AGAR (Merck 105458),1
131659,2,GCA_001423865,Brevibacillus sp.,Brevibacillus,Paenibacillaceae,30.0,,,,1,NUTRIENT AGAR,1
131662,2,GCA_001425945,Brevundimonas sp.,Brevundimonas,Caulobacteraceae,28.0,,,,830,R2A MEDIUM,1
131668,2,GCA_001425725,Caulobacter sp.,Caulobacter,Caulobacteraceae,28.0,,,,535|830,TRYPTICASE SOY BROTH AGAR|R2A MEDIUM,2
131685,2,GCA_042431605,Deinococcus oregonensis,Deinococcus,Deinococcaceae,22.5,,,,,,0
131701,2,GCA_001423965,Exiguobacterium sp.,Exiguobacterium,Bacillaceae,28.0,,,,92,TRYPTICASE SOY YEAST EXTRACT MEDIUM,1
131725,2,GCA_001028085,Geobacillus sp.,Geobacillus,Bacillaceae,57.5,,,,514,BACTO MARINE BROTH (DIFCO 2216),1
131849,2,GCA_000341005,Nocardiopsis alkaliphila,Nocardiopsis,Nocardiopsidaceae,29.0,9.75,2.5,aerobe,215|553|83,BHI MEDIUM|GPHF-MEDIUM|CZAPEK PEPTONE AGAR,3
131853,2,GCA_000723885,Paenibacillus camerounensis,Paenibacillus,Paenibacillaceae,30.0,,,,215|693,BHI MEDIUM|COLUMBIA BLOOD MEDIUM,2
131934,2,GCA_001425965,Sanguibacter sp.,Sanguibacter,Jonesiaceae,28.0,,,,830,R2A MEDIUM,1
132056,2,GCA_000196355,Nitrosospira multiformis,Nitrosospira,Nitrosomonadaceae,28.0,,,,,,0
132058,2,GCA_001593005,Roseivirga ehrenbergii,Roseivirga,Roseivirgaceae,25.0,,,aerobe,514,BACTO MARINE BROTH (DIFCO 2216),1
132087,2,GCA_001429025,Phenylobacterium sp.,Phenylobacterium,Caulobacteraceae,28.0,,,,1|830,NUTRIENT AGAR|R2A MEDIUM,2
132089,2,GCA_001425305,Phenylobacterium sp.,Phenylobacterium,Caulobacteraceae,28.0,,,,830,R2A MEDIUM,1
132100,2,GCA_025567215,Huintestinicola butyrica,Huintestinicola,Oscillospiraceae,37.0,,,,,,0
132130,2,GCA_900107355,Lentibacter algarum,Lentibacter,Roseobacteraceae,28.0,,,,514,BACTO MARINE BROTH (DIFCO 2216),1
132157,2,GCA_042434955,Halalkalibacter oceani,Halalkalibacter,Bacillaceae,31.0,7.5,,obligate aerobe,514,BACTO MARINE BROTH (DIFCO 2216),1
132163,2,GCA_002631185,Roseomonas rhizosphaerae,Roseomonas,Acetobacteraceae,30.0,,,,830,R2A MEDIUM,1
132180,2,GCA_016909015,Gracilibacillus alcaliphilus,Gracilibacillus,Bacillaceae,32.5,,,,31,ALKALINE NUTRIENT AGAR,1
132247,2,GCA_003385715,Pontivivens insulae,Pontivivens,Roseobacteraceae,25.0,,,,514,BACTO MARINE BROTH (DIFCO 2216),1
132248,2,GCA_900182745,Shimia sagamensis,Shimia,Roseobacteraceae,25.0,,,,514,BACTO MARINE BROTH (DIFCO 2216),1
132249,2,GCA_004339725,Acidipila rosea,Acidipila,Acidobacteriaceae,30.0,,,,,,0
132292,2,GCA_003259435,Chitinophaga dinghuensis,Chitinophaga,Chitinophagaceae,25.0,,,,830,R2A MEDIUM,1
132343,2,GCF_030268225.1,Nocardiopsis ansamitocini,Nocardiopsis,Nocardiopsidaceae,30.0,8.5,0.0,aerobe,553|65,GPHF-MEDIUM|GYM STREPTOMYCES MEDIUM,2
132350,2,GCA_014640335,Edaphobacter dinghuensis,Edaphobacter,Acidobacteriaceae,30.5,,,aerobe,,,0
132351,2,GCA_025264625,Occallatibacter riparius,Occallatibacter,Acidobacteriaceae,31.5,5.75,0.5,obligate aerobe,,,0
132353,2,GCF_003131205.1,Occallatibacter savannae,Occallatibacter,Acidobacteriaceae,34.5,4.75,0.0,obligate aerobe,,,0
132364,2,GCA_001278705,Bacillus gobiensis,Bacillus,Bacillaceae,30.0,7.0,0.0,aerobe,220,CASO AGAR (Merck 105458),1
132385,2,GCA_016908875,Bacillus ectoiniformans,Bacillus,Bacillaceae,30.0,8.0,2.0,facultative anaerobe,220,CASO AGAR (Merck 105458),1
132394,2,GCA_014205765,Nitrospirillum iridis,Nitrospirillum,Azospirillaceae,30.0,,,,830,R2A MEDIUM,1
132397,2,GCA_001012825,Paenibacillus etheri,Paenibacillus,Paenibacillaceae,30.0,7.5,0.0,facultative anaerobe,220,CASO AGAR (Merck 105458),1
132449,2,GCA_003628505,Oceanobacillus halophilus,Oceanobacillus,Bacillaceae,35.0,8.0,7.5,obligate aerobe,514,BACTO MARINE BROTH (DIFCO 2216),1
132495,2,GCA_000752035,Bacillus rubiinfantis,Bacillus,Bacillaceae,37.0,,,,215,BHI MEDIUM,1
132543,2,GCF_010667685.1,Bifidobacterium aerophilum,Bifidobacterium,Bifidobacteriaceae,37.0,,,,58,BIFIDOBACTERIUM MEDIUM,1
132547,2,GCA_002993335,Alkalicoccus urumqiensis,Alkalicoccus,Bacillaceae,37.0,9.0,6.3,obligate aerobe,514,BACTO MARINE BROTH (DIFCO 2216),1
132573,2,GCA_001183985,Peribacillus loiseleuriae,Peribacillus,Bacillaceae,30.0,7.0,0.0,aerobe,1,NUTRIENT AGAR,1
132574,2,GCA_014641615,Filimonas zeae,Filimonas,Chitinophagaceae,29.0,6.0,5.0,aerobe,830,R2A MEDIUM,1
132581,2,GCA_014635585,Rothia aerolata,Rothia,Micrococcaceae,28.0,,,aerobe,92,TRYPTICASE SOY YEAST EXTRACT MEDIUM,1
132590,2,GCF_048898065.1,Tepidibacillus infernus,Tepidibacillus,Bacillaceae,50.0,7.4,1.5,aerotolerant,,,0
132597,2,GCA_004291315,Pseudoflavitalea ginsenosidimutans,Pseudoflavitalea,Chitinophagaceae,30.0,6.5,0.0,obligate aerobe,830,R2A MEDIUM,1
132616,2,GCA_036670025,Niallia oryzisoli,Niallia,Bacillaceae,30.0,7.5,4.0,aerobe,830,R2A MEDIUM,1
132732,2,GCF_001042655.1,Gardnerella vaginalis,Gardnerella,Bifidobacteriaceae,37.0,,,anaerobe,215|693,BHI MEDIUM|COLUMBIA BLOOD MEDIUM,2
132838,2,GCF_011516825.1,Acetobacter oeni,Acetobacter,Acetobacteraceae,28.0,,,,,,0
132852,2,GCA_030161115,Psychromonas marina,Psychromonas,Psychromonadaceae,15.0,,,,514,BACTO MARINE BROTH (DIFCO 2216),1
132876,2,GCA_041379805,Halorubrum ejinorense,Halorubrum,Haloferacaceae,37.0,,,,,,0
132897,2,GCA_000340475,Oceanobacillus kimchii,Oceanobacillus,Bacillaceae,30.0,,,,220|514,CASO AGAR (Merck 105458)|BACTO MARINE BROTH (DIFCO 2216),2
132899,2,GCA_004342065,Primorskyibacter sedentarius,Primorskyibacter,Roseobacteraceae,27.5,,,,514,BACTO MARINE BROTH (DIFCO 2216),1
132905,2,GCA_014652395,Advenella faeciporci,Advenella,Alcaligenaceae,30.0,8.0,,,92,TRYPTICASE SOY YEAST EXTRACT MEDIUM,1
133030,2,GCF_054657315.1,Marinitoga arctica,Marinitoga,Petrotogaceae,65.0,5.5,,anaerobe,,,0
133037,2,GCA_000209655,Pusillimonas sp.,Pusillimonas,Alcaligenaceae,30.0,,,,381,LB (Luria-Bertani) MEDIUM,1
133040,2,GCA_008630155,Rhodovastum atsumiense,Rhodovastum,Acetobacteraceae,29.0,,,anaerobe,,,0
133048,2,GCF_947077745.1,Salinibacter sp.,Salinibacter,Salinibacteraceae,40.0,,,,,,0
133058,2,GCA_042652105,Kocuria oceani,Kocuria,Micrococcaceae,26.5,7.5,,aerobe,92,TRYPTICASE SOY YEAST EXTRACT MEDIUM,1
133067,2,GCA_017832095,Bacillus capparidis,Bacillus,Bacillaceae,27.5,7.0,,aerobe,220,CASO AGAR (Merck 105458),1
133071,2,GCA_017874835,Cohnella lubricantis,Cohnella,Paenibacillaceae,28.0,6.5,,aerobe,1,NUTRIENT AGAR,1
133080,2,GCF_013408295.1,Psychromicrobium silvestre,Psychromicrobium,Micrococcaceae,25.0,,,,830,R2A MEDIUM,1
133124,2,GCA_001305575,Beggiatoa leptomitoformis,Beggiatoa,Beggiatoaceae,28.0,7.65,,,,,0
133211,2,GCA_001465875,Legionella saoudiensis,Legionella,Legionellaceae,32.0,,,,585,BCYE AGAR,1
133298,2,GCA_000657795,Bordetella pseudohinzii,Bordetella,Alcaligenaceae,37.0,,4.0,,535|693,TRYPTICASE SOY BROTH AGAR|COLUMBIA BLOOD MEDIUM,2
133321,2,GCA_030848945,Marimonas arenosa,Marimonas,Roseobacteraceae,30.0,7.5,,obligate aerobe,514,BACTO MARINE BROTH (DIFCO 2216),1
133350,2,GCA_900007165,Paraburkholderia piptadeniae,Paraburkholderia,Burkholderiaceae,30.0,6.0,,,535,TRYPTICASE SOY BROTH AGAR,1
133384,2,GCA_026344035,Alcaligenes endophyticus,Alcaligenes,Alcaligenaceae,28.0,,,,1|220|535,NUTRIENT AGAR|CASO AGAR (Merck 105458)|TRYPTICASE SOY BROTH AGAR,3
133571,2,GCA_014635245,Agaricicola taiwanensis,Agaricicola,Roseobacteraceae,32.5,7.0,,aerobe,545,TRYPTONE SOYA BROTH (TSB),1
133606,2,GCA_042659325,Angustibacter luteus,Angustibacter,Kineosporiaceae,30.0,6.5,,facultative anaerobe,65|987,GYM STREPTOMYCES MEDIUM|ISP 2 MEDIUM,2
133851,2,GCA_000307265,Oscillibacter ruminantium,Oscillibacter,Oscillospiraceae,40.0,6.0,,anaerobe,104b,PY + X MEDIUM,1
133897,2,GCA_014635285,Stappia taiwanensis,Stappia,Stappiaceae,27.5,7.0,2.5,aerobe,514,BACTO MARINE BROTH (DIFCO 2216),1
134103,2,GCA_001311805,Lentibacillus juripiscarius,Lentibacillus,Bacillaceae,37.0,7.0,10.0,aerobe,514,BACTO MARINE BROTH (DIFCO 2216),1
135078,2,GCA_000341145,Nocardiopsis xinjiangensis,Nocardiopsis,Nocardiopsidaceae,29.0,,0.0,,514|65,BACTO MARINE BROTH (DIFCO 2216)|GYM STREPTOMYCES MEDIUM,2
135082,2,GCA_000826685,Streptomonospora alba,Streptomonospora,Nocardiopsidaceae,30.0,,,aerobe,514,BACTO MARINE BROTH (DIFCO 2216),1
139735,2,GCA_003693265,Corynebacterium gottingense,Corynebacterium,Corynebacteriaceae,37.0,,,,535|693,TRYPTICASE SOY BROTH AGAR|COLUMBIA BLOOD MEDIUM,2
139744,2,GCF_040769205.1,Lactobacillus sp.,Lactobacillus,Oscillospiraceae,37.0,,,,11,MRS MEDIUM,1
139931,2,GCA_900107995,Alcanivorax sp.,Alcanivorax,Alcanivoracaceae,28.0,,,,514,BACTO MARINE BROTH (DIFCO 2216),1
139933,2,GCA_900182625,Alcanivorax sp.,Alcanivorax,Alcanivoracaceae,28.0,,,,514,BACTO MARINE BROTH (DIFCO 2216),1
140030,2,GCF_032595795.2,Borrelia americana,Borrelia,Borreliaceae,33.0,,,,,,0
140040,2,GCF_003388975.1,Cohnella sp.,Cohnella,Paenibacillaceae,28.0,,,,220|830,CASO AGAR (Merck 105458)|R2A MEDIUM,2
140081,2,GCA_001685435,Salimicrobium jeotgali,Salimicrobium,Bacillaceae,28.0,,,,514,BACTO MARINE BROTH (DIFCO 2216),1
140087,2,GCF_001888185.1,Phaeobacter porticola,Phaeobacter,Roseobacteraceae,30.0,,,,514,BACTO MARINE BROTH (DIFCO 2216),1
140102,2,GCA_004758605,Deinococcus metallilatus,Deinococcus,Deinococcaceae,28.0,,,,,,0
140109,2,GCA_004363045,Aureibacillus halotolerans,Aureibacillus,Bacillaceae,29.0,,,,514,BACTO MARINE BROTH (DIFCO 2216),1
140140,2,GCA_003989135,Peribacillus cavernae,Peribacillus,Bacillaceae,28.0,7.0,0.0,obligate aerobe,514,BACTO MARINE BROTH (DIFCO 2216),1
140168,2,GCA_001580045,Cephaloticoccus capnophilus,Cephaloticoccus,Opitutaceae,37.0,7.0,1.0,obligate aerobe,535|545,TRYPTICASE SOY BROTH AGAR|TRYPTONE SOYA BROTH (TSB),2
140306,2,GCA_004342005,Paracandidimonas soli,Paracandidimonas,Alcaligenaceae,22.5,,,facultative anaerobe,535,TRYPTICASE SOY BROTH AGAR,1
140312,2,GCA_014635685,Galliscardovia ingluviei,Galliscardovia,Bifidobacteriaceae,39.0,6.5,,anaerobe,58,BIFIDOBACTERIUM MEDIUM,1
140313,2,GCA_900170035,Desulfamplus magnetovallimortis,Desulfamplus,Desulfobacteraceae,28.0,,,,,,0
140322,2,GCA_012932215,Roseobacter ponti,Roseobacter,Roseobacteraceae,25.0,7.5,,aerobe,514,BACTO MARINE BROTH (DIFCO 2216),1
140355,2,GCA_001439605,Cytobacillus praedii,Cytobacillus,Cytobacillaceae,30.0,9.0,4.0,aerobe,220,CASO AGAR (Merck 105458),1
140408,2,GCA_016909075,Metabacillus iocasae,Metabacillus,Bacillaceae,28.0,8.0,7.0,aerobe,514,BACTO MARINE BROTH (DIFCO 2216),1
140436,2,GCF_048261495.1,Salipiger sp.,Salipiger,Roseobacteraceae,28.0,,,,514,BACTO MARINE BROTH (DIFCO 2216),1
140437,2,GCF_002706505.1,Spongiibacter sp.,Spongiibacter,Spongiibacteraceae,25.0,,,,1,NUTRIENT AGAR,1
140439,2,GCF_051860225.1,Sediminibacterium sp.,Sediminibacterium,Chitinophagaceae,28.0,,,,830,R2A MEDIUM,1
140638,2,GCA_030408915,Corynebacterium guangdongense,Corynebacterium,Corynebacteriaceae,27.5,7.0,,facultative anaerobe,535|693,TRYPTICASE SOY BROTH AGAR|COLUMBIA BLOOD MEDIUM,2
140857,2,GCA_003050785,Celeribacter persicus,Celeribacter,Roseobacteraceae,28.0,6.0,3.0,aerobe,514,BACTO MARINE BROTH (DIFCO 2216),1
140933,2,GCA_014641555,Paenibacillus radicis,Paenibacillus,Paenibacillaceae,30.0,7.0,1.0,aerobe,830,R2A MEDIUM,1
141030,2,GCF_008119665.1,Pigmentiphaga aceris,Pigmentiphaga,Alcaligenaceae,30.0,,1.0,aerobe,1,NUTRIENT AGAR,1
141047,2,GCA_037482545,Pseudokineococcus basanitobsidens,Pseudokineococcus,Kineosporiaceae,28.0,7.5,,aerobe,65,GYM STREPTOMYCES MEDIUM,1
141146,2,GCA_002285415,Actibacterium pelagium,Actibacterium,Roseobacteraceae,30.0,7.0,3.0,aerobe,514,BACTO MARINE BROTH (DIFCO 2216),1
141156,2,GCA_008635805,Paenibacillus azotifigens,Paenibacillus,Paenibacillaceae,30.0,6.75,,aerobe,830,R2A MEDIUM,1
145059,2,GCA_024453815,Corynebacterium pseudogenitalium,Corynebacterium,Corynebacteriaceae,37.0,,,aerobe,693,COLUMBIA BLOOD MEDIUM,1
150099,2,GCA_000143825,Corynebacterium genitalium,Corynebacterium,Corynebacteriaceae,37.0,,,microaerophile,693,COLUMBIA BLOOD MEDIUM,1
153934,2,GCF_024453815.1,Corynebacterium pseudogenitalium,Corynebacterium,Corynebacteriaceae,37.0,,,microaerophile,693,COLUMBIA BLOOD MEDIUM,1
155653,2,GCA_007641235,Corynebacterium sanguinis,Corynebacterium,Corynebacteriaceae,37.0,,,microaerophile,693,COLUMBIA BLOOD MEDIUM,1
157678,2,GCF_016728105.1,Corynebacterium striatum,Corynebacterium,Corynebacteriaceae,28.0,,,,220,CASO AGAR (Merck 105458),1
157754,2,GCF_046707225.1,Caproicibacter sp.,Caproicibacter,Oscillospiraceae,37.0,,,,104c,PY + X MEDIUM (N2/CO2),1
157758,2,GCA_003112755,Lawsonibacter asaccharolyticus,Lawsonibacter,Oscillospiraceae,37.0,7.0,,obligate anaerobe,693|78,COLUMBIA BLOOD MEDIUM|CHOPPED MEAT MEDIUM,2
157767,2,GCA_025567605,Oscillibacter acetigenes,Oscillibacter,Oscillospiraceae,37.0,,,,,,0
157784,2,GCA_014874165,Micrococcus sp.,Micrococcus,Micrococcaceae,28.0,,,,92,TRYPTICASE SOY YEAST EXTRACT MEDIUM,1
157905,2,GCA_003336425,Marinitenerispora sediminis,Marinitenerispora,Nocardiopsidaceae,18.5,,,aerobe,514|535,BACTO MARINE BROTH (DIFCO 2216)|TRYPTICASE SOY BROTH AGAR,2
157913,2,GCA_003696345,Roseomonas wenyumeiae,Roseomonas,Acetobacteraceae,29.0,7.5,,aerobe,535,TRYPTICASE SOY BROTH AGAR,1
157972,2,GCA_004102745,Acetivibrio mesophilus,Acetivibrio,Oscillospiraceae,45.0,7.5,1.8,anaerobe,,,0
157982,2,GCA_003024475,Arthrobacter woluwensis,Arthrobacter,Micrococcaceae,37.0,,,,693|92,COLUMBIA BLOOD MEDIUM|TRYPTICASE SOY YEAST EXTRACT MEDIUM,2
157984,2,GCF_000091785.1,Legionella longbeachae,Legionella,Legionellaceae,37.0,,,,585,BCYE AGAR,1
158005,2,GCF_000511385.1,Phaeobacter gallaeciensis,Phaeobacter,Roseobacteraceae,25.0,,,,514,BACTO MARINE BROTH (DIFCO 2216),1
158058,2,GCF_000020125.1,Paraburkholderia phytofirmans,Paraburkholderia,Burkholderiaceae,30.0,,,,535,TRYPTICASE SOY BROTH AGAR,1
158081,2,GCA_000379125,Methylosinus sp.,Methylosinus,Methylocystaceae,25.0,,,,,,0
158089,2,GCA_003217735,Marinibacterium anthonyi,Marinibacterium,Roseobacteraceae,30.0,,,,514,BACTO MARINE BROTH (DIFCO 2216),1
158106,2,GCA_032251575,Roseomonas mucosa,Roseomonas,Acetobacteraceae,30.0,,,,220|693|830,CASO AGAR (Merck 105458)|COLUMBIA BLOOD MEDIUM|R2A MEDIUM,3
158141,2,GCF_965276915.1,Stappia sp.,Stappia,Stappiaceae,28.0,,,,381,LB (Luria-Bertani) MEDIUM,1
158173,2,GCA_900172365,Roseovarius gaetbuli,Roseovarius,Roseobacteraceae,30.0,,,,514,BACTO MARINE BROTH (DIFCO 2216),1
158231,2,GCA_030408895,Corynebacterium gottingense,Corynebacterium,Corynebacteriaceae,37.0,,,,693,COLUMBIA BLOOD MEDIUM,1
158257,2,GCA_011045165,Arthrobacter silviterrae,Arthrobacter,Micrococcaceae,29.0,7.0,0.0,aerobe,92,TRYPTICASE SOY YEAST EXTRACT MEDIUM,1
158260,2,GCA_006704205,Cytobacillus ciccensis,Cytobacillus,Cytobacillaceae,30.0,7.0,0.0,aerobe,1,NUTRIENT AGAR,1
158306,2,GCA_002874775,Monoglobus pectinilyticus,Monoglobus,Oscillospiraceae,35.0,7.25,,anaerobe,104,PYG MEDIUM (modified),1
158310,2,GCA_001028175,Caballeronia mineralivorans,Caballeronia,Burkholderiaceae,25.0,,,,830,R2A MEDIUM,1
158324,2,GCF_042646265.1,Roseomonas globiformis,Roseomonas,Acetobacteraceae,29.0,7.0,,aerobe,830,R2A MEDIUM,1
158326,2,GCA_016412875,Maribius pontilimi,Maribius,Roseobacteraceae,30.0,,,aerobe,514,BACTO MARINE BROTH (DIFCO 2216),1
158342,2,GCA_002153915,Methanonatronarchaeum thermophilum,Methanonatronarchaeum,Methanonatronarchaeaceae,50.0,9.6,4.0,obligate anaerobe,,,0
158387,2,GCA_003129925,Bifidobacterium catulorum,Bifidobacterium,Bifidobacteriaceae,37.0,7.0,,microaerophile,58,BIFIDOBACTERIUM MEDIUM,1
158395,2,GCA_042658665,Marinicrinis lubricantis,Marinicrinis,Paenibacillaceae,32.5,,,aerobe,92,TRYPTICASE SOY YEAST EXTRACT MEDIUM,1
158404,2,GCA_008831035,Ellagibacter isourolithinifaciens,Ellagibacter,Eggerthellaceae,37.0,,,obligate anaerobe,693,COLUMBIA BLOOD MEDIUM,1
158415,2,GCA_000829465,Cohnella kolymensis,Cohnella,Paenibacillaceae,28.0,6.5,,facultative anaerobe,830,R2A MEDIUM,1
158416,2,GCA_003073175,Peribacillus acanthi,Peribacillus,Bacillaceae,37.0,7.5,0.5,aerobe,514,BACTO MARINE BROTH (DIFCO 2216),1
158438,2,GCA_003369445,Arthrobacter silvisoli,Arthrobacter,Micrococcaceae,28.0,7.0,0.0,aerobe,92,TRYPTICASE SOY YEAST EXTRACT MEDIUM,1
158448,2,GCA_003289545,Polynucleobacter paneuropaeus,Polynucleobacter,Burkholderiaceae,28.0,,,,830,R2A MEDIUM,1
158451,2,GCA_003261295,Polynucleobacter paneuropaeus,Polynucleobacter,Burkholderiaceae,28.0,,,,,,0
158454,2,GCA_002105465,Aquidulcibacter paucihalophilus,Aquidulcibacter,Caulobacteraceae,28.0,,,,830,R2A MEDIUM,1
158477,2,GCA_027853235,Aliibacillus thermotolerans,Aliibacillus,Bacillaceae,50.0,,,,,,0
158483,2,GCA_004115155,Granulicella sibirica,Granulicella,Acidobacteriaceae,20.5,4.75,,aerobe,,,0
158512,2,GCA_003315635,Bifidobacterium aemilianum,Bifidobacterium,Bifidobacteriaceae,37.0,,,,58,BIFIDOBACTERIUM MEDIUM,1
158517,2,GCA_003024925,Paramuribaculum intestinale,Paramuribaculum,Muribaculaceae,37.0,,,,78,CHOPPED MEAT MEDIUM,1
158837,2,GCA_042676525,Arthrobacter ulcerisalmonis,Arthrobacter,Micrococcaceae,28.0,,,,514,BACTO MARINE BROTH (DIFCO 2216),1
158863,2,GCA_007725405,Shouchella miscanthi,Shouchella,Bacillaceae,30.0,,,,220,CASO AGAR (Merck 105458),1
158877,2,GCF_018279895.1,Parabacteroides distasonis,Parabacteroides,Tannerellaceae,37.0,,,,104|1203a|693,PYG MEDIUM (modified)|FASTIDIOUS ANAEROBE BROTH|COLUMBIA BLOOD MEDIUM,3
158888,2,GCA_012844085,Bifidobacterium boum,Bifidobacterium,Bifidobacteriaceae,37.0,,,,339|58,WILKINS-CHALGREN ANAEROBE BROTH|BIFIDOBACTERIUM MEDIUM,2
158966,2,GCA_003340195,Eggerthella lenta,Eggerthella,Eggerthellaceae,37.0,,,,215|693,BHI MEDIUM|COLUMBIA BLOOD MEDIUM,2
158967,2,GCA_003340165,Eggerthella lenta,Eggerthella,Eggerthellaceae,37.0,,,,215|693,BHI MEDIUM|COLUMBIA BLOOD MEDIUM,2
158969,2,GCA_003340125,Eggerthella lenta,Eggerthella,Eggerthellaceae,37.0,,,,215|693,BHI MEDIUM|COLUMBIA BLOOD MEDIUM,2
158981,2,GCA_003339875,Eggerthella lenta,Eggerthella,Eggerthellaceae,37.0,,,,215|693,BHI MEDIUM|COLUMBIA BLOOD MEDIUM,2
159317,2,GCA_002802915,Bifidobacterium felsineum,Bifidobacterium,Bifidobacteriaceae,37.0,,,,58,BIFIDOBACTERIUM MEDIUM,1
159357,2,GCA_003612015,Kalamiella piersonii,Kalamiella,Erwiniaceae,28.0,,,,535,TRYPTICASE SOY BROTH AGAR,1
159376,2,GCA_006874425,Paenibacillus ottowii,Paenibacillus,Paenibacillaceae,30.0,7.0,0.0,facultative anaerobe,1,NUTRIENT AGAR,1
159403,2,GCA_003860465,Deinococcus psychrotolerans,Deinococcus,Deinococcaceae,20.0,7.0,,obligate aerobe,,,0
159405,2,GCF_000023145.1,Corynebacterium kroppenstedtii,Corynebacterium,Corynebacteriaceae,37.0,,,,693,COLUMBIA BLOOD MEDIUM,1
159417,2,GCF_900115845.1,Priestia endophytica,Priestia,Bacillaceae,25.0,,,,220,CASO AGAR (Merck 105458),1
159425,2,GCF_000341145.1,Nocardiopsis xinjiangensis,Nocardiopsis,Nocardiopsidaceae,28.0,,,,514,BACTO MARINE BROTH (DIFCO 2216),1
159446,2,GCA_009690905,Paraburkholderia madseniana,Paraburkholderia,Burkholderiaceae,28.0,,,,535|545,TRYPTICASE SOY BROTH AGAR|TRYPTONE SOYA BROTH (TSB),2
159450,2,GCF_022788655.1,Sulfitobacter indolifex,Sulfitobacter,Roseobacteraceae,25.0,,,,514,BACTO MARINE BROTH (DIFCO 2216),1
159477,2,GCA_003287475,Faecalibacterium prausnitzii,Faecalibacterium,Oscillospiraceae,37.0,,,,110|1611,CHOPPED MEAT MEDIUM WITH CARBOHYDRATES|YCFA MEDIUM (modified),2
159480,2,GCF_902498735.1,Desulfoluna spongiiphila,Desulfoluna,Desulfobacteraceae,30.0,,,,,,0
159485,2,GCA_011220525,Paenibacillus larvae,Paenibacillus,Paenibacillaceae,37.0,,,,693,COLUMBIA BLOOD MEDIUM,1
159492,2,GCA_009746625,Caproicibacter fermentans,Caproicibacter,Oscillospiraceae,37.0,,,,104c,PY + X MEDIUM (N2/CO2),1
159528,2,GCA_012844145,Bacillus altitudinis,Bacillus,Bacillaceae,37.0,,,,92,TRYPTICASE SOY YEAST EXTRACT MEDIUM,1
159554,2,GCA_003340385,Gordonibacter pamelaeae,Gordonibacter,Eggerthellaceae,37.0,,,,215|693,BHI MEDIUM|COLUMBIA BLOOD MEDIUM,2
159565,2,GCF_000015785.2,Bacillus oryzicola,Bacillus,Bacillaceae,30.0,,,,514,BACTO MARINE BROTH (DIFCO 2216),1
159569,2,GCA_025780055,Ureaplasma zalophigenitalium,Ureaplasma,Mycoplasmoidaceae,36.0,6.1,,aerobe,1076b,SP4-Z MEDIUM,1
159587,2,GCA_001940005,Intestinimonas butyriciproducens,Intestinimonas,Oscillospiraceae,37.0,,,,1203a|215|693,FASTIDIOUS ANAEROBE BROTH|BHI MEDIUM|COLUMBIA BLOOD MEDIUM,3
159604,2,GCA_001205715,Pseudaestuariivita atlantica,Pseudaestuariivita,Roseobacteraceae,28.0,,,,514,BACTO MARINE BROTH (DIFCO 2216),1
159641,2,GCA_000743715,Palleronia rufa,Palleronia,Roseobacteraceae,25.0,,,,514,BACTO MARINE BROTH (DIFCO 2216),1
159661,2,GCA_003390925,Trinickia diaoshuihuensis,Trinickia,Burkholderiaceae,30.0,6.0,0.0,aerobe,535|987,TRYPTICASE SOY BROTH AGAR|ISP 2 MEDIUM,2
159682,2,GCA_005876955,Sinomonas gamaensis,Sinomonas,Micrococcaceae,28.0,,,,92,TRYPTICASE SOY YEAST EXTRACT MEDIUM,1
159692,2,GCA_004803695,Muribaculum gordoncarteri,Muribaculum,Muribaculaceae,37.0,,,anaerobe,1203a,FASTIDIOUS ANAEROBE BROTH,1
159950,2,GCA_000820865,Bacillus sp.,Bacillus,Bacillaceae,37.0,,,,1,NUTRIENT AGAR,1
159999,2,GCA_004521915,Brevibacillus migulae,Brevibacillus,Paenibacillaceae,30.0,,,,830,R2A MEDIUM,1
160000,2,GCA_012932445,Bifidobacterium panos,Bifidobacterium,Bifidobacteriaceae,37.0,,,,58,BIFIDOBACTERIUM MEDIUM,1
160001,2,GCF_050586445.1,Bacillus coreaensis,Bacillus,Bacillaceae,30.0,,,,220,CASO AGAR (Merck 105458),1
160005,2,GCA_009811795,Litoreibacter roseus,Litoreibacter,Roseobacteraceae,30.0,,,,514,BACTO MARINE BROTH (DIFCO 2216),1
160019,2,GCF_928381405.1,Rothia nasisuis,Rothia,Micrococcaceae,37.0,,,,693|92,COLUMBIA BLOOD MEDIUM|TRYPTICASE SOY YEAST EXTRACT MEDIUM,2
160071,2,GCA_014969745,Haloferax gibbonsii,Haloferax,Haloferacaceae,37.0,,,,,,0
160129,2,GCA_012932375,Bifidobacterium olomucense,Bifidobacterium,Bifidobacteriaceae,37.0,,,,58,BIFIDOBACTERIUM MEDIUM,1
160176,2,GCA_000287655,Selenomonas sp.,Selenomonas,Selenomonadaceae,37.0,,,,104,PYG MEDIUM (modified),1
160185,2,GCF_045627545.1,Peribacillus sp.,Peribacillus,Bacillaceae,30.0,,,,220,CASO AGAR (Merck 105458),1
160187,2,GCA_014982805,Gemmiger sp.,Gemmiger,Oscillospiraceae,37.0,,,,215|693,BHI MEDIUM|COLUMBIA BLOOD MEDIUM,2
160190,2,GCA_900155535,Corynebacterium urinapleomorphum,Corynebacterium,Corynebacteriaceae,37.0,,,,693,COLUMBIA BLOOD MEDIUM,1
160200,2,GCA_016495725,Salicibibacter cibarius,Salicibibacter,Bacillaceae,37.0,,,,,,0
160214,2,GCA_005434965,Marimonas lutisalis,Marimonas,Roseobacteraceae,30.0,8.0,,aerobe,514,BACTO MARINE BROTH (DIFCO 2216),1
160289,2,GCA_009727065,Bifidobacterium canis,Bifidobacterium,Bifidobacteriaceae,37.0,,,,58,BIFIDOBACTERIUM MEDIUM,1
160314,2,GCF_022641305.1,Corynebacterium provencense,Corynebacterium,Corynebacteriaceae,37.0,,,,,,0
160322,2,GCA_011839805,Kineococcus rubinsiae,Kineococcus,Kineosporiaceae,28.0,,,,65,GYM STREPTOMYCES MEDIUM,1
160406,2,GCF_040094125.1,Faecalibacterium longum,Faecalibacterium,Oscillospiraceae,37.0,,,,1611,YCFA MEDIUM (modified),1
160407,2,GCF_020687345.1,Faecalibacterium butyricigenerans,Faecalibacterium,Oscillospiraceae,37.0,,,,1611,YCFA MEDIUM (modified),1
160423,2,GCA_014595945,Alkalibacillus aidingensis,Alkalibacillus,Bacillaceae,37.0,,,,,,0
160435,2,GCA_005473905,Ruminiclostridium herbifermentans,Ruminiclostridium,Oscillospiraceae,40.0,,,,104b,PY + X MEDIUM,1
160442,2,GCA_000374185,Paenibacillus sp.,Paenibacillus,Paenibacillaceae,29.0,,,,220,CASO AGAR (Merck 105458),1
160476,2,GCA_014858605,Paenibacillus sp.,Paenibacillus,Paenibacillaceae,30.0,,,,220,CASO AGAR (Merck 105458),1
160490,2,GCA_009734385,Corynebacterium kalinowskii,Corynebacterium,Corynebacteriaceae,28.0,,,,535,TRYPTICASE SOY BROTH AGAR,1
160506,2,GCA_003352005,Oceanobacillus zhaokaii,Oceanobacillus,Bacillaceae,30.0,,,,514,BACTO MARINE BROTH (DIFCO 2216),1
160514,2,GCA_011059135,Brevibacillus sp.,Brevibacillus,Paenibacillaceae,50.0,,,,830,R2A MEDIUM,1
160591,2,GCF_007990305.1,Halolactibacillus miurensis,Halolactibacillus,Bacillaceae,25.0,,,,,,0
160610,2,GCA_001315305,Gracilibacillus sp.,Gracilibacillus,Bacillaceae,30.0,,,,514,BACTO MARINE BROTH (DIFCO 2216),1
160652,2,GCF_002797395.1,Bacillus solitudinis,Bacillus,Bacillaceae,30.0,,,,220,CASO AGAR (Merck 105458),1
160664,2,GCA_003687455,Kocuria tytonicola,Kocuria,Micrococcaceae,28.0,,,,92,TRYPTICASE SOY YEAST EXTRACT MEDIUM,1
160686,2,GCA_000576305,Paenibacillus pini,Paenibacillus,Paenibacillaceae,25.0,,,,1,NUTRIENT AGAR,1
160689,2,GCF_028610705.1,Halalkalibacter alkalisediminis,Halalkalibacter,Bacillaceae,28.0,,,,220,CASO AGAR (Merck 105458),1
160696,2,GCF_014651695.1,Nocardiopsis terrae,Nocardiopsis,Nocardiopsidaceae,28.0,,,,514,BACTO MARINE BROTH (DIFCO 2216),1
160698,2,GCF_016908595.1,Geomicrobium sediminis,Geomicrobium,Bacillaceae,30.0,,,,31,ALKALINE NUTRIENT AGAR,1
160702,2,GCA_900172295,Roseovarius litorisediminis,Roseovarius,Roseobacteraceae,25.0,,,,514,BACTO MARINE BROTH (DIFCO 2216),1
160705,2,GCA_900172275,Pseudooctadecabacter jejudonensis,Pseudooctadecabacter,Roseobacteraceae,30.0,,,,514,BACTO MARINE BROTH (DIFCO 2216),1
160729,2,GCA_019733275,Streptomonospora halotolerans,Streptomonospora,Nocardiopsidaceae,28.0,,,,83|987,CZAPEK PEPTONE AGAR|ISP 2 MEDIUM,2
160732,2,GCA_001420595,Cytobacillus solani,Cytobacillus,Cytobacillaceae,30.0,,,,1,NUTRIENT AGAR,1
160746,2,GCA_001486445,Hugonella massiliensis,Hugonella,Eggerthellaceae,37.0,,,,104|693,PYG MEDIUM (modified)|COLUMBIA BLOOD MEDIUM,2
160763,2,GCF_002899695.1,Rubneribacter badeniensis,Rubneribacter,Eggerthellaceae,37.0,,,,1203a,FASTIDIOUS ANAEROBE BROTH,1
160776,2,GCA_003585935,Psittacicella hinzii,Psittacicella,Psittacicellaceae,37.0,,,,,,0
160797,2,GCA_010378095,Acidithiobacillus ferrianus,Acidithiobacillus,Acidithiobacillaceae,29.0,2.0,,facultative anaerobe,,,0
160810,2,GCA_012932425,Bifidobacterium oedipodis,Bifidobacterium,Bifidobacteriaceae,37.0,,,,58,BIFIDOBACTERIUM MEDIUM,1
160827,2,GCA_009026825,Corynebacterium urogenitale,Corynebacterium,Corynebacteriaceae,37.0,,,,693|92,COLUMBIA BLOOD MEDIUM|TRYPTICASE SOY YEAST EXTRACT MEDIUM,2
162622,2,GCA_016593255,Hydrogenimonas urashimensis,Hydrogenimonas,Hydrogenimonadaceae,55.0,,,,,,0
164079,2,GCF_054780835.1,Chitinimonas naiadis,Chitinimonas,Burkholderiaceae,29.0,,,,535,TRYPTICASE SOY BROTH AGAR,1
166413,2,GCA_006542375,Oecophyllibacter saccharovorans,Oecophyllibacter,Acetobacteraceae,29.0,,0.0,aerobe,,,0
166759,2,GCA_014672835,Entomobacter blattae,Entomobacter,Acetobacteraceae,28.0,,,,,,0
166886,2,GCA_042661425,Sulfitobacter profundi,Sulfitobacter,Roseobacteraceae,28.0,,,,514,BACTO MARINE BROTH (DIFCO 2216),1
167521,2,GCA_008931845,Borrelia maritima,Borrelia,Borreliaceae,33.25,,,microaerophile,,,0
167818,2,GCA_910594985,Paenibacillus allorhizosphaerae,Paenibacillus,Paenibacillaceae,30.0,,,,220,CASO AGAR (Merck 105458),1
167886,2,GCA_904424705,Rossellomorea arthrocnemi,Rossellomorea,Bacillaceae,28.0,,,,220,CASO AGAR (Merck 105458),1
168457,2,GCA_020618775,Acidisoma silvae,Acidisoma,Acetobacteraceae,20.0,,,,,,0
168460,2,GCA_019331735,Bifidobacterium miconis,Bifidobacterium,Bifidobacteriaceae,37.0,,,,58,BIFIDOBACTERIUM MEDIUM,1
168478,2,GCA_017813235,Sagittula salina,Sagittula,Roseobacteraceae,30.0,,,,514,BACTO MARINE BROTH (DIFCO 2216),1
168482,2,GCA_020621385,Acidisoma cellulosilyticum,Acidisoma,Acetobacteraceae,20.0,,,,,,0
168487,2,GCF_018555385.1,Bifidobacterium santillanense,Bifidobacterium,Bifidobacteriaceae,37.0,,,,58,BIFIDOBACTERIUM MEDIUM,1
168489,2,GCF_018555435.2,Bifidobacterium amazonense,Bifidobacterium,Bifidobacteriaceae,37.0,,,,58,BIFIDOBACTERIUM MEDIUM,1
168491,2,GCA_019331805,Bifidobacterium pongonis,Bifidobacterium,Bifidobacteriaceae,37.0,,,,58,BIFIDOBACTERIUM MEDIUM,1
168492,2,GCA_019331715,Bifidobacterium simiiventris,Bifidobacterium,Bifidobacteriaceae,37.0,,,,58,BIFIDOBACTERIUM MEDIUM,1
169161,2,GCF_014836875.1,Arthrobacter pullicola,Arthrobacter,Micrococcaceae,37.0,,,,693|92,COLUMBIA BLOOD MEDIUM|TRYPTICASE SOY YEAST EXTRACT MEDIUM,2
169179,2,GCA_016879755,Bacillus sp.,Bacillus,Bacillaceae,25.0,,,,,,0
169213,2,GCA_900169505,Arabiibacter massiliensis,Arabiibacter,Eggerthellaceae,37.0,,,,1203a,FASTIDIOUS ANAEROBE BROTH,1
169268,2,GCA_018326305,Vescimonas fastidiosa,Vescimonas,Oscillospiraceae,37.0,,,,104c,PY + X MEDIUM (N2/CO2),1
169289,2,GCA_917563925,Sutcliffiella rhizosphaerae,Sutcliffiella,Bacillaceae,30.0,,,,220,CASO AGAR (Merck 105458),1
169302,2,GCA_900098925,Peribacillus sp.,Peribacillus,Bacillaceae,30.0,,,,220,CASO AGAR (Merck 105458),1
169315,2,GCA_927798215,Paenibacillus allorhizoplanae,Paenibacillus,Paenibacillaceae,30.0,,,,830,R2A MEDIUM,1
169327,2,GCF_917563885.1,Pseudoneobacillus rhizosphaerae,Pseudoneobacillus,Cytobacillaceae,30.0,,,,830,R2A MEDIUM,1
169339,2,GCF_046314235.1,Anaerobacillus sp.,Anaerobacillus,Bacillaceae,30.0,,,,220,CASO AGAR (Merck 105458),1
169374,2,GCF_000967265.1,Bifidobacterium mellis,Bifidobacterium,Bifidobacteriaceae,37.0,,,,,,0
169422,2,GCF_004803695.1,Muribaculum gordoncarteri,Muribaculum,Muribaculaceae,37.0,,,,78,CHOPPED MEAT MEDIUM,1
169424,2,GCF_000829455.1,Gordoniibacillus kamchatkensis,Gordoniibacillus,Paenibacillaceae,30.0,,,,1,NUTRIENT AGAR,1
169460,2,GCA_017901135,Thiothrix litoralis,Thiothrix,Leucotrichaceae,22.0,,,,,,0
169483,2,GCA_022788735,Sulfitobacter sp.,Sulfitobacter,Roseobacteraceae,28.0,,,,514,BACTO MARINE BROTH (DIFCO 2216),1
169485,2,GCA_022788675,Sulfitobacter sp.,Sulfitobacter,Roseobacteraceae,28.0,,,,514,BACTO MARINE BROTH (DIFCO 2216),1
169486,2,GCA_004123195,Ammoniphilus sp.,Ammoniphilus,Paenibacillaceae,30.0,,,,220,CASO AGAR (Merck 105458),1
169491,2,GCA_000582475,Nesterenkonia sp.,Nesterenkonia,Micrococcaceae,20.0,,,,514,BACTO MARINE BROTH (DIFCO 2216),1
169677,2,GCF_963691685.1,Thalassobius sp.,Thalassobius,Roseobacteraceae,28.0,,,,514,BACTO MARINE BROTH (DIFCO 2216),1
169696,2,GCA_943193125,Adlercreutzia agrestimuris,Adlercreutzia,Eggerthellaceae,37.0,,,,339,WILKINS-CHALGREN ANAEROBE BROTH,1
169709,2,GCF_056193795.1,Pradoshia sp.,Pradoshia,Bacillaceae,37.0,,,,215,BHI MEDIUM,1
169711,2,GCA_004336745,Roseococcus sp.,Roseococcus,Acetobacteraceae,28.0,,,,830,R2A MEDIUM,1
169718,2,GCA_022230885,Paenalcaligenes niemegkensis,Paenalcaligenes,Alcaligenaceae,28.0,,,,1|535,NUTRIENT AGAR|TRYPTICASE SOY BROTH AGAR,2
169765,2,GCA_004793975,Lepagella muris,Lepagella,Muribaculaceae,37.0,,,,110|78,CHOPPED MEAT MEDIUM WITH CARBOHYDRATES|CHOPPED MEAT MEDIUM,2
169767,2,GCA_943193085,Vermiculatibacterium agrestimuris,Vermiculatibacterium,Oscillospiraceae,37.0,,,,,,0
169922,2,GCA_937468385,Neobacillus rhizosphaerae,Neobacillus,Cytobacillaceae,30.0,,,,830,R2A MEDIUM,1
169987,2,GCF_013307225.1,Polynucleobacter tropicus,Polynucleobacter,Burkholderiaceae,25.0,,,,830,R2A MEDIUM,1
170326,2,GCF_037850265.1,Corynebacterium hesseae,Corynebacterium,Corynebacteriaceae,37.0,,,,693|92,COLUMBIA BLOOD MEDIUM|TRYPTICASE SOY YEAST EXTRACT MEDIUM,2
170327,2,GCF_043161975.1,Corynebacterium lehmanniae,Corynebacterium,Corynebacteriaceae,37.0,,,,693|92,COLUMBIA BLOOD MEDIUM|TRYPTICASE SOY YEAST EXTRACT MEDIUM,2
170330,2,GCF_027570075.1,Corynebacterium meitnerae,Corynebacterium,Corynebacteriaceae,37.0,,,,693|92,COLUMBIA BLOOD MEDIUM|TRYPTICASE SOY YEAST EXTRACT MEDIUM,2
170421,2,GCF_900120125.1,Gemella massiliensis,Gemella,Gemellaceae,37.0,,,,104|693,PYG MEDIUM (modified)|COLUMBIA BLOOD MEDIUM,2
170428,2,GCF_022234545.1,Paenibacillus piscarius,Paenibacillus,Paenibacillaceae,30.0,,,,220,CASO AGAR (Merck 105458),1
170433,2,GCA_924513355,Paenibacillus pseudetheri,Paenibacillus,Paenibacillaceae,30.0,,,,220,CASO AGAR (Merck 105458),1
170759,2,GCF_019464535.1,Horticoccus luteus,Horticoccus,Opitutaceae,25.0,,,,830,R2A MEDIUM,1
174402,2,GCF_000015865.1,Acetivibrio thermocellus,Acetivibrio,Oscillospiraceae,55.0,,,,,,0
174405,2,GCF_024506435.1,Pantoea trifolii,Pantoea,Erwiniaceae,28.0,,,,1|535|830,NUTRIENT AGAR|TRYPTICASE SOY BROTH AGAR|R2A MEDIUM,3
174502,2,GCF_041080835.1,Bifidobacterium fermentum,Bifidobacterium,Bifidobacteriaceae,37.0,,,,58,BIFIDOBACTERIUM MEDIUM,1
174515,2,GCF_022921115.1,Halobacillus amylolyticus,Halobacillus,Bacillaceae,30.0,,,,514,BACTO MARINE BROTH (DIFCO 2216),1
174541,2,GCF_027923545.1,Sinisalibacter aestuarii,Sinisalibacter,Roseobacteraceae,28.0,,,,514,BACTO MARINE BROTH (DIFCO 2216),1
174611,2,GCF_019655435.1,Jannaschia pagri,Jannaschia,Roseobacteraceae,28.0,,,,514,BACTO MARINE BROTH (DIFCO 2216),1
174686,2,GCF_042664915.1,Marinactinospora rubrisoli,Marinactinospora,Nocardiopsidaceae,28.0,,,,535|553,TRYPTICASE SOY BROTH AGAR|GPHF-MEDIUM,2
174697,2,GCF_024453835.1,Corynebacterium genitalium,Corynebacterium,Corynebacteriaceae,37.0,,,,693,COLUMBIA BLOOD MEDIUM,1
174763,2,GCF_014142625.1,Ralstonia pickettii,Ralstonia,Burkholderiaceae,37.0,,,,1,NUTRIENT AGAR,1
174972,2,GCF_000296405.1,Corynebacterium otitidis,Corynebacterium,Corynebacteriaceae,37.0,,,,1203a|693,FASTIDIOUS ANAEROBE BROTH|COLUMBIA BLOOD MEDIUM,2
174993,2,GCF_927798095.1,Paenibacillus plantiphilus,Paenibacillus,Paenibacillaceae,30.0,,,,220,CASO AGAR (Merck 105458),1
175012,2,GCF_040790665.1,Sulfitobacter pontiacus,Sulfitobacter,Roseobacteraceae,28.0,,,,514,BACTO MARINE BROTH (DIFCO 2216),1
175141,2,GCF_022919095.1,Halobacillus salinarum,Halobacillus,Bacillaceae,30.0,,,,514,BACTO MARINE BROTH (DIFCO 2216),1
175157,2,GCF_014337925.2,Roseobacter fucihabitans,Roseobacter,Roseobacteraceae,28.0,,,,514,BACTO MARINE BROTH (DIFCO 2216),1
175223,2,GCF_002858935.1,Pantoea endophytica,Pantoea,Erwiniaceae,28.0,,,,1|381|535,NUTRIENT AGAR|LB (Luria-Bertani) MEDIUM|TRYPTICASE SOY BROTH AGAR,3
175301,2,GCF_003014485.1,Murinocardiopsis flavida,Murinocardiopsis,Nocardiopsidaceae,28.0,,,,553|65,GPHF-MEDIUM|GYM STREPTOMYCES MEDIUM,2
175303,2,GCF_902386985.1,Pantoea septica,Pantoea,Erwiniaceae,37.0,,,,92,TRYPTICASE SOY YEAST EXTRACT MEDIUM,1
175306,2,GCF_029853775.1,Auritidibacter ignavus,Auritidibacter,Micrococcaceae,37.0,,,,693|92,COLUMBIA BLOOD MEDIUM|TRYPTICASE SOY YEAST EXTRACT MEDIUM,2
175369,2,GCF_048267565.1,Pseudophaeobacter sp.,Pseudophaeobacter,Roseobacteraceae,20.0,,,,514,BACTO MARINE BROTH (DIFCO 2216),1
175375,2,GCF_050389785.1,Parelusimicrobium proximum,Parelusimicrobium,Elusimicrobiaceae,25.0,,,,,,0
175436,2,GCF_008931025.1,Corynebacterium megadyptis subsp. megadyptis,Corynebacterium,Corynebacteriaceae,30.0,,,,535,TRYPTICASE SOY BROTH AGAR,1
175445,2,GCF_031845305.1,Jatrophihabitans lederbergiae,Jatrophihabitans,Jatrophihabitantaceae,20.0,,,,,,0
175510,2,GCF_040359615.1,Tunturibacter psychrotolerans,Tunturibacter,Acidobacteriaceae,25.0,,,,,,0
176026,2,GCF_021344005.1,Legionella resiliens,Legionella,Legionellaceae,37.0,,,,585,BCYE AGAR,1
176796,2,GCF_003094615.1,Caulobacter radicis,Caulobacter,Caulobacteraceae,28.0,,,,830,R2A MEDIUM,1
176819,2,GCF_001580615.1,Acetobacter malorum,Acetobacter,Acetobacteraceae,28.0,,,,,,0
176856,2,GCF_047632955.1,Psychromonas sp.,Psychromonas,Psychromonadaceae,20.0,,,,514,BACTO MARINE BROTH (DIFCO 2216),1
176945,2,GCF_002993925.1,Bacillus paralicheniformis,Bacillus,Bacillaceae,30.0,,,,1,NUTRIENT AGAR,1
177102,2,GCF_019856515.1,Halosquirtibacter xylanolyticus,Halosquirtibacter,Prolixibacteraceae,28.0,,,,514,BACTO MARINE BROTH (DIFCO 2216),1
106,3,GCA_000023265,Acidimicrobium ferrooxidans,Acidimicrobium,Acidimicrobiaceae,47.5,2.0,,,,,0
497,3,GCA_003402235,Parahaliea mediterranea,Parahaliea,Halieaceae,25.75,,,aerobe,514,BACTO MARINE BROTH (DIFCO 2216),1
502,3,GCA_001050195,Anaerolinea thermolimosa,Anaerolinea,Anaerolineaceae,50.0,7.0,,anaerobe,,,0
506,3,GCA_001306115,Ornatilinea apprima,Ornatilinea,Anaerolineaceae,43.5,7.75,0.55,anaerobe,,,0
507,3,GCF_047836715.1,Clostridium sp.,Clostridium,Clostridiaceae,37.0,,,anaerobe,339,WILKINS-CHALGREN ANAEROBE BROTH,1
508,3,GCF_054656935.1,Aquifex pyrophilus,Aquifex,Aquificaceae,85.0,,,,,,0
510,3,GCF_055385515.1,Hydrogenivirga okinawensis,Hydrogenivirga,Aquificaceae,72.5,7.2,2.5,aerobe,,,0
512,3,GCA_000164905,Hydrogenobacter thermophilus,Hydrogenobacter,Aquificaceae,72.5,,,aerobe,81,MINERAL MEDIUM FOR CHEMOLITHOTROPHIC GROWTH (H-3),1
513,3,GCF_054656715.1,Hydrogenobaculum acidophilum,Hydrogenobaculum,Aquificaceae,65.0,,,,,,0
522,3,GCF_000025605.1,Thermocrinis albus,Thermocrinis,Aquificaceae,80.0,,,,,,0
523,3,GCA_000512735,Thermocrinis ruber,Thermocrinis,Aquificaceae,80.0,,,,,,0
525,3,GCA_900142435,Thermocrinis minervae,Thermocrinis,Aquificaceae,75.0,5.9,,microaerophile,,,0
1632,3,GCA_002022685,Bartonella schoenbuchensis,Bartonella,Bartonellaceae,35.5,,,microaerophile,,,0
1636,3,GCA_000273375,Bartonella birtlesii,Bartonella,Bartonellaceae,36.0,,,microaerophile,,,0
1638,3,GCA_902813205,Bartonella capreoli,Bartonella,Bartonellaceae,36.0,,,microaerophile,,,0
1645,3,GCA_000706645,Bartonella rochalimae,Bartonella,Bartonellaceae,37.0,,,microaerophile,215,BHI MEDIUM,1
1830,3,GCA_014645695,Salinarimonas ramus,Salinarimonas,Salinarimonadaceae,28.0,7.0,4.0,facultative anaerobe,514,BACTO MARINE BROTH (DIFCO 2216),1
1876,3,GCF_015326295.1,Ochrobactrum anthropi,Ochrobactrum,Brucellaceae,30.0,,,,1,NUTRIENT AGAR,1
1878,3,GCA_000017405,Ochrobactrum anthropi,Ochrobactrum,Brucellaceae,28.5,,,obligate aerobe,220|535|693|92,CASO AGAR (Merck 105458)|TRYPTICASE SOY BROTH AGAR|COLUMBIA BLOOD MEDIUM|TRYPTICASE SOY YEAST EXTRACT MEDIUM,4
1883,3,GCF_002252505.1,Brucella grignonensis,Brucella,Brucellaceae,30.0,,,,1,NUTRIENT AGAR,1
1887,3,GCA_012103035,Brucella oryzae,Brucella,Brucellaceae,30.0,6.5,,aerobe,1,NUTRIENT AGAR,1
1890,3,GCA_012103075,Ochrobactrum cytisi,Ochrobactrum,Brucellaceae,26.0,,,aerobe,,,0
1891,3,GCF_025118245.1,Brucella pseudintermedia,Brucella,Brucellaceae,37.0,,,aerobe,535|545,TRYPTICASE SOY BROTH AGAR|TRYPTONE SOYA BROTH (TSB),2
1892,3,GCA_002252525,Brucella pseudogrignonensis,Brucella,Brucellaceae,29.5,,5.0,,220,CASO AGAR (Merck 105458),1
1893,3,GCA_005938105,Brucella haematophila,Brucella,Brucellaceae,30.0,,5.0,obligate aerobe,220,CASO AGAR (Merck 105458),1
1902,3,GCA_041929925,Pseudochrobactrum kiredjianiae,Pseudochrobactrum,Brucellaceae,29.0,,,aerobe,535,TRYPTICASE SOY BROTH AGAR,1
2094,3,GCA_900187115,Arcobacter butzleri,Arcobacter,Arcobacteraceae,37.0,,2.5,microaerophile,693,COLUMBIA BLOOD MEDIUM,1
2096,3,GCA_013372265,Arcobacter cibarius,Arcobacter,Arcobacteraceae,32.5,,,microaerophile,,,0
2097,3,GCA_003346755,Arcobacter halophilus,Arcobacter,Arcobacteraceae,22.0,,,microaerophile,514,BACTO MARINE BROTH (DIFCO 2216),1
2099,3,GCA_004214815,Arcobacter thereius,Arcobacter,Arcobacteraceae,28.0,,2.0,microaerophile,693,COLUMBIA BLOOD MEDIUM,1
2101,3,GCA_003355515,Arcobacter trophiarum,Arcobacter,Arcobacteraceae,27.5,,2.0,microaerophile,693,COLUMBIA BLOOD MEDIUM,1
2233,3,GCA_900637305,Cardiobacterium hominis,Cardiobacterium,Cardiobacteriaceae,37.0,,,microaerophile,,,0
2234,3,GCA_900460955,Cardiobacterium valvarum,Cardiobacterium,Cardiobacteriaceae,37.0,,,microaerophile,693,COLUMBIA BLOOD MEDIUM,1
2237,3,GCA_900460215,Suttonella indologenes,Suttonella,Cardiobacteriaceae,37.0,,,obligate aerobe,693,COLUMBIA BLOOD MEDIUM,1
2238,3,GCA_900460265,Suttonella ornithocola,Suttonella,Cardiobacteriaceae,33.5,,,microaerophile,,,0
2240,3,GCF_003003275.1,Alkalibacterium olivapovliticus,Alkalibacterium,Carnobacteriaceae,25.0,,,,,,0
2243,3,GCA_007988865,Alkalibacterium kapii,Alkalibacterium,Carnobacteriaceae,31.0,8.75,2.0,microaerophile,,,0
2246,3,GCA_007991315,Alkalibacterium pelagium,Alkalibacterium,Carnobacteriaceae,37.0,9.25,1.0,microaerophile,,,0
2250,3,GCA_000429585,Atopococcus tabaci,Atopococcus,Carnobacteriaceae,30.0,,6.5,aerobe,693,COLUMBIA BLOOD MEDIUM,1
2251,3,GCA_900129085,Atopostipes suicloacalis,Atopostipes,Carnobacteriaceae,30.0,,,anaerobe,,,0
2265,3,GCF_000744185.1,Carnobacterium funditum,Carnobacterium,Carnobacteriaceae,20.0,,,,,,0
2268,3,GCA_000746825,Carnobacterium inhibens subsp. inhibens,Carnobacterium,Carnobacteriaceae,33.5,,,microaerophile,693,COLUMBIA BLOOD MEDIUM,1
2270,3,GCA_000744285,Carnobacterium pleistocenium,Carnobacterium,Carnobacteriaceae,22.5,,,anaerobe,104,PYG MEDIUM (modified),1
2271,3,GCA_000745125,Carnobacterium jeotgali,Carnobacterium,Carnobacteriaceae,30.0,8.5,2.0,microaerophile,92,TRYPTICASE SOY YEAST EXTRACT MEDIUM,1
2272,3,GCA_900115825,Desemzia incerta,Desemzia,Carnobacteriaceae,30.0,,,aerobe,,,0
2275,3,GCA_020735385,Granulicatella elegans,Granulicatella,Carnobacteriaceae,37.0,,,anaerobe,104|693,PYG MEDIUM (modified)|COLUMBIA BLOOD MEDIUM,2
2276,3,GCA_900111135,Granulicatella balaenopterae,Granulicatella,Carnobacteriaceae,37.0,,,anaerobe,104,PYG MEDIUM (modified),1
2277,3,GCA_900111355,Isobaculum melis,Isobaculum,Carnobacteriaceae,37.0,,,microaerophile,104|693,PYG MEDIUM (modified)|COLUMBIA BLOOD MEDIUM,2
2283,3,GCA_900107505,Trichococcus collinsii,Trichococcus,Carnobacteriaceae,28.0,,,,92,TRYPTICASE SOY YEAST EXTRACT MEDIUM,1
2507,3,GCF_900456775.1,Sarcina ventriculi,Sarcina,Clostridiaceae,37.0,,,anaerobe,,,0
2515,3,GCA_900106765,Tepidimicrobium xylanilyticum,Tepidimicrobium,Tissierellaceae,60.0,8.5,3.0,anaerobe,,,0
2540,3,GCF_001047375.1,Clostridium cylindrosporum,Clostridium,Clostridiaceae,37.0,,,anaerobe,,,0
2543,3,GCA_002006235,Clostridium felsineum,Clostridium,Clostridiaceae,37.0,,,anaerobe,104b,PY + X MEDIUM,1
2544,3,GCF_001991075.2,Clostridium baratii,Clostridium,Clostridiaceae,37.0,,,anaerobe,1203a|693,FASTIDIOUS ANAEROBE BROTH|COLUMBIA BLOOD MEDIUM,2
2554,3,GCA_900010805,Clostridium beijerinckii,Clostridium,Clostridiaceae,35.0,,,anaerobe,104b,PY + X MEDIUM,1
2563,3,GCA_014131795,Clostridium butyricum,Clostridium,Clostridiaceae,37.0,,,anaerobe,104|110|693,PYG MEDIUM (modified)|CHOPPED MEAT MEDIUM WITH CARBOHYDRATES|COLUMBIA BLOOD MEDIUM,3
2564,3,GCA_039521325,Clostridium cadaveris,Clostridium,Clostridiaceae,37.0,,,anaerobe,110,CHOPPED MEAT MEDIUM WITH CARBOHYDRATES,1
2569,3,GCA_900113155,Enterocloster clostridioformis,Enterocloster,Lachnospiraceae,37.0,,,anaerobe,110,CHOPPED MEAT MEDIUM WITH CARBOHYDRATES,1
2570,3,GCF_900187165.1,Clostridium cochlearium,Clostridium,Clostridiaceae,37.0,,,anaerobe,78,CHOPPED MEAT MEDIUM,1
2573,3,GCA_900446995,Clostridium cochlearium,Clostridium,Clostridiaceae,37.0,,,anaerobe,78,CHOPPED MEAT MEDIUM,1
2585,3,GCA_900129365,Clostridium fallax,Clostridium,Clostridiaceae,37.0,,,anaerobe,78,CHOPPED MEAT MEDIUM,1
2603,3,GCA_012317185,Clostridium innocuum,Clostridium,Clostridiaceae,37.0,,,anaerobe,78,CHOPPED MEAT MEDIUM,1
2617,3,GCA_039521365,Clostridium malenominatum,Clostridium,Clostridiaceae,37.0,,,anaerobe,110,CHOPPED MEAT MEDIUM WITH CARBOHYDRATES,1
2620,3,GCA_039521385,Clostridium oceanicum,Clostridium,Clostridiaceae,37.0,,,anaerobe,110|339,CHOPPED MEAT MEDIUM WITH CARBOHYDRATES|WILKINS-CHALGREN ANAEROBE BROTH,2
2621,3,GCA_039521465,Faecalicatena orotica,Faecalicatena,Lachnospiraceae,37.0,7.0,,anaerobe,110,CHOPPED MEAT MEDIUM WITH CARBOHYDRATES,1
2624,3,GCA_900447045,Clostridium paraputrificum,Clostridium,Clostridiaceae,37.0,,,anaerobe,110|78,CHOPPED MEAT MEDIUM WITH CARBOHYDRATES|CHOPPED MEAT MEDIUM,2
2629,3,GCA_018223625,Clostridium sp.,Clostridium,Clostridiaceae,30.0,,,anaerobe,104b,PY + X MEDIUM,1
2633,3,GCF_016027375.1,Clostridium perfringens,Clostridium,Clostridiaceae,37.0,,,anaerobe,110|78,CHOPPED MEAT MEDIUM WITH CARBOHYDRATES|CHOPPED MEAT MEDIUM,2
2647,3,GCF_001561955.1,Anaerotignum propionicum,Anaerotignum,Lachnospiraceae,30.0,,,anaerobe,,,0
2650,3,GCA_001190785,Gottschalkia purinilytica,Gottschalkia,Clostridiaceae,36.0,7.55,,anaerobe,,,0
2656,3,GCA_002006215,Clostridium felsineum,Clostridium,Clostridiaceae,37.0,,,anaerobe,104c,PY + X MEDIUM (N2/CO2),1
2657,3,GCA_000144625,Lacrimispora saccharolytica,Lacrimispora,Lachnospiraceae,37.0,,,anaerobe,104c,PY + X MEDIUM (N2/CO2),1
2665,3,GCA_000968375,Clostridium scatologenes,Clostridium,Clostridiaceae,37.0,,,anaerobe,110,CHOPPED MEAT MEDIUM WITH CARBOHYDRATES,1
2674,3,GCA_017255415,Clostridium sp.,Clostridium,Clostridiaceae,35.0,,,anaerobe,,,0
2684,3,GCA_000954015,Enterocloster citroniae,Enterocloster,Lachnospiraceae,28.0,,,anaerobe,,,0
2692,3,GCA_001010885,Clostridium beijerinckii,Clostridium,Clostridiaceae,37.0,,,anaerobe,104b|110,PY + X MEDIUM|CHOPPED MEAT MEDIUM WITH CARBOHYDRATES,2
2704,3,GCA_900105615,Lacrimispora sphenoides,Lacrimispora,Lachnospiraceae,37.0,,,anaerobe,110,CHOPPED MEAT MEDIUM WITH CARBOHYDRATES,1
2710,3,GCA_001020205,Clostridium sporogenes,Clostridium,Clostridiaceae,37.0,,,anaerobe,110|1203a|693,CHOPPED MEAT MEDIUM WITH CARBOHYDRATES|FASTIDIOUS ANAEROBE BROTH|COLUMBIA BLOOD MEDIUM,3
2715,3,GCA_046127655,Clostridium sporogenes,Clostridium,Clostridiaceae,37.0,,,anaerobe,1203a|693,FASTIDIOUS ANAEROBE BROTH|COLUMBIA BLOOD MEDIUM,2
2735,3,GCA_019144145,Clostridium tyrobutyricum,Clostridium,Clostridiaceae,37.0,,,anaerobe,104c,PY + X MEDIUM (N2/CO2),1
2736,3,GCF_001642655.1,Clostridium tyrobutyricum,Clostridium,Clostridiaceae,37.0,,,anaerobe,104c|110,PY + X MEDIUM (N2/CO2)|CHOPPED MEAT MEDIUM WITH CARBOHYDRATES,2
2742,3,GCA_000687555,Lacrimispora aerotolerans,Lacrimispora,Lachnospiraceae,37.0,,,anaerobe,,,0
2745,3,GCF_000724225.2,Clostridium haemolyticum,Clostridium,Clostridiaceae,37.0,,,anaerobe,110,CHOPPED MEAT MEDIUM WITH CARBOHYDRATES,1
2750,3,GCA_002896955,Clostridium thermosuccinogenes,Clostridium,Clostridiaceae,60.0,,,anaerobe,,,0
2751,3,GCA_002896995,Clostridium thermosuccinogenes,Clostridium,Clostridiaceae,60.0,,,anaerobe,,,0
2754,3,GCA_940677205,Clostridium colinum,Clostridium,Clostridiaceae,37.0,,,anaerobe,1203a,FASTIDIOUS ANAEROBE BROTH,1
2758,3,GCF_026723765.1,Lacrimispora xylanolytica,Lacrimispora,Lachnospiraceae,37.0,,,anaerobe,104b|110,PY + X MEDIUM|CHOPPED MEAT MEDIUM WITH CARBOHYDRATES,2
2762,3,GCF_900112775.1,Anaeromicropila populeti,Anaeromicropila,Lachnospiraceae,37.0,,,anaerobe,,,0
2769,3,GCA_002327185,Clostridium chauvoei,Clostridium,Clostridiaceae,37.0,,,anaerobe,,,0
2774,3,GCA_002029295,Clostridium thermoalcaliphilum,Clostridium,Tepidibacteraceae,50.0,,,anaerobe,,,0
2776,3,GCA_001877035,Clostridium estertheticum subsp. estertheticum,Clostridium,Clostridiaceae,10.0,,,anaerobe,,,0
2781,3,GCA_001484725,Clostridium autoethanogenum,Clostridium,Clostridiaceae,37.0,,,anaerobe,,,0
2792,3,GCA_900111985,Clostridium frigidicarnis,Clostridium,Clostridiaceae,30.0,,,anaerobe,104b|110,PY + X MEDIUM|CHOPPED MEAT MEDIUM WITH CARBOHYDRATES,2
2805,3,GCA_000473995,Clostridium saccharobutylicum,Clostridium,Clostridiaceae,35.0,,,anaerobe,104b,PY + X MEDIUM,1
2806,3,GCA_900142265,Anaerotignum lactatifermentans,Anaerotignum,Lachnospiraceae,37.0,,,anaerobe,104b,PY + X MEDIUM,1
2807,3,GCA_008933175,Clostridium estertheticum subsp. laramiense,Clostridium,Clostridiaceae,10.0,,,anaerobe,110|339,CHOPPED MEAT MEDIUM WITH CARBOHYDRATES|WILKINS-CHALGREN ANAEROBE BROTH,2
2809,3,GCF_025149285.1,Hungatella hathewayi,Hungatella,Clostridiaceae,30.0,,,anaerobe,104b,PY + X MEDIUM,1
2811,3,GCA_008281175,Clostridium hylemonae,Clostridium,Clostridiaceae,37.0,,,anaerobe,110,CHOPPED MEAT MEDIUM WITH CARBOHYDRATES,1
2814,3,GCF_000300195.1,Clostridium tunisiense,Clostridium,Clostridiaceae,37.0,,,anaerobe,,,0
2818,3,GCA_001675165,Clostridium ragsdalei,Clostridium,Clostridiaceae,35.0,,,anaerobe,104c,PY + X MEDIUM (N2/CO2),1
2822,3,GCA_018861865,Clostridium frigoris,Clostridium,Clostridiaceae,6.0,,,anaerobe,339,WILKINS-CHALGREN ANAEROBE BROTH,1
2823,3,GCA_018861735,Clostridium lacusfryxellense,Clostridium,Clostridiaceae,10.0,,,anaerobe,,,0
2829,3,GCA_900142215,Anaerocolumna jejuensis,Anaerocolumna,Lachnospiraceae,30.0,7.0,0.25,anaerobe,104c,PY + X MEDIUM (N2/CO2),1
2835,3,GCF_055380515.1,Mediterraneibacter glycyrrhizinilyticus,Mediterraneibacter,Lachnospiraceae,37.0,,,anaerobe,104b|110,PY + X MEDIUM|CHOPPED MEAT MEDIUM WITH CARBOHYDRATES,2
2837,3,GCF_003096175.1,Clostridium drakei,Clostridium,Clostridiaceae,25.0,,,anaerobe,104b,PY + X MEDIUM,1
2839,3,GCA_000158075,Enterocloster asparagiformis,Enterocloster,Lachnospiraceae,37.0,,,anaerobe,104b,PY + X MEDIUM,1
2841,3,GCA_000018685,Clostridium phytofermentans,Clostridium,Clostridiaceae,37.0,8.25,,anaerobe,,,0
2851,3,GCA_003865095,Clostridium tagluense,Clostridium,Clostridiaceae,17.5,6.85,1.0,anaerobe,,,0
2879,3,GCA_002104455,Colwellia chukchiensis,Colwellia,Colwelliaceae,24.0,7.5,4.3,facultative anaerobe,514,BACTO MARINE BROTH (DIFCO 2216),1
4039,3,GCA_900104045,Desulfonauticus submarinus,Desulfonauticus,Desulfonauticaceae,45.0,,,anaerobe,,,0
4040,3,GCF_055381725.1,Desulfonauticus autotrophicus,Desulfonauticus,Desulfonauticaceae,55.0,,,anaerobe,,,0
4048,3,GCF_000023225.1,Desulfomicrobium baculatum,Desulfomicrobium,Desulfomicrobiaceae,30.0,,,anaerobe,,,0
4051,3,GCA_000023225,Desulfomicrobium baculatum,Desulfomicrobium,Desulfomicrobiaceae,30.0,,,anaerobe,,,0
4068,3,GCF_050780155.1,Bilophila wadsworthia,Bilophila,Desulfovibrionaceae,37.0,,,anaerobe,693,COLUMBIA BLOOD MEDIUM,1
4071,3,GCA_000422545,Desulfocurvibacter africanus subsp. africanus,Desulfocurvibacter,Desulfovibrionaceae,30.0,,,anaerobe,,,0
4074,3,GCF_017815575.1,Desulfovibrio desulfuricans,Desulfovibrio,Desulfovibrionaceae,30.0,,,anaerobe,,,0
4079,3,GCA_004801255,Desulfovibrio desulfuricans,Desulfovibrio,Desulfovibrionaceae,28.0,,,anaerobe,,,0
4085,3,GCF_019422935.1,Desulfovibrio sp.,Desulfovibrio,Desulfovibrionaceae,34.0,,,anaerobe,,,0
4092,3,GCA_002334685,Desulfovibrio sp.,Desulfovibrio,Desulfovibrionaceae,37.0,,,anaerobe,,,0
4103,3,GCA_013376455,Desulfolutivibrio sulfodismutans,Desulfolutivibrio,Desulfovibrionaceae,35.0,,,anaerobe,,,0
4106,3,GCF_000015485.1,Desulfovibrio vulgaris,Desulfovibrio,Desulfovibrionaceae,30.0,,,anaerobe,,,0
4115,3,GCA_000504305,Cupidesulfovibrio termitidis,Cupidesulfovibrio,Desulfovibrionaceae,35.0,,,anaerobe,,,0
4123,3,GCF_055388115.1,Oleidesulfovibrio vietnamensis,Oleidesulfovibrio,Desulfovibrionaceae,30.0,,,anaerobe,,,0
4129,3,GCA_900217235,Pseudodesulfovibrio profundus,Pseudodesulfovibrio,Desulfovibrionaceae,30.0,,,anaerobe,,,0
4132,3,GCA_900143255,Desulfovibrio litoralis,Desulfovibrio,Desulfovibrionaceae,28.0,,,anaerobe,,,0
4135,3,GCA_000422565,Desulfovibrio aminophilus,Desulfovibrio,Desulfovibrionaceae,37.0,,,anaerobe,,,0
4143,3,GCF_007625075.1,Oceanidesulfovibrio indonesiensis,Oceanidesulfovibrio,Desulfovibrionaceae,37.0,,,anaerobe,,,0
4144,3,GCA_003966735,Desulfovibrio ferrophilus,Desulfovibrio,Desulfovibrionaceae,28.0,,,anaerobe,,,0
4150,3,GCA_000482745,Oleidesulfovibrio alaskensis,Oleidesulfovibrio,Desulfovibrionaceae,37.0,7.0,2.5,anaerobe,,,0
4153,3,GCA_900129975,Halodesulfovibrio marinisediminis,Halodesulfovibrio,Desulfovibrionaceae,37.0,7.5,,anaerobe,,,0
4154,3,GCF_000177215.2,Solidesulfovibrio carbinoliphilus,Solidesulfovibrio,Desulfovibrionaceae,29.5,,,anaerobe,,,0
4157,3,GCA_000711735,Maridesulfovibrio frigidus,Maridesulfovibrio,Desulfovibrionaceae,21.5,7.2,,anaerobe,,,0
4160,3,GCF_013085545.1,Oceanidesulfovibrio marinus,Oceanidesulfovibrio,Desulfovibrionaceae,37.0,7.0,5.0,anaerobe,,,0
4177,3,GCA_000341895,Pseudodesulfovibrio piezophilus,Pseudodesulfovibrio,Desulfovibrionaceae,29.0,,,anaerobe,,,0
4178,3,GCA_011927665,Desulfobaculum xiamenense,Desulfobaculum,Desulfovibrionaceae,37.5,7.0,0.5,anaerobe,,,0
4206,3,GCA_900107645,Desulfuromusa kysingii,Desulfuromusa,Geopsychrobacteraceae,30.0,,,anaerobe,,,0
4207,3,GCF_900107645.1,Desulfuromusa kysingii,Desulfuromusa,Geopsychrobacteraceae,30.0,,,anaerobe,,,0
4211,3,GCA_900142125,Malonomonas rubra,Malonomonas,Geopsychrobacteraceae,30.0,,,anaerobe,,,0
4219,3,GCA_000015045,Pelobacter propionicus,Pelobacter,Geopsychrobacteraceae,30.0,,,anaerobe,,,0
4225,3,GCA_000711225,Pelobacter seleniigenes,Pelobacter,Geopsychrobacteraceae,28.0,,1.8,anaerobe,,,0
4226,3,GCA_000167355,Desulfuromonas acetoxidans,Desulfuromonas,Desulfuromonadaceae,30.0,,,anaerobe,,,0
4230,3,GCF_963662975.1,Desulfuromonas thiophila,Desulfuromonas,Desulfuromonadaceae,28.0,,,anaerobe,,,0
4248,3,GCF_055112735.1,Dietzia sp.,Dietzia,Dietziaceae,28.0,,,,92,TRYPTICASE SOY YEAST EXTRACT MEDIUM,1
4250,3,GCF_039525805.1,Dietzia natronolimnaea,Dietzia,Dietziaceae,28.0,,,,535,TRYPTICASE SOY BROTH AGAR,1
4255,3,GCA_001571065,Dietzia maris,Dietzia,Dietziaceae,34.0,7.0,,aerobe,215|553,BHI MEDIUM|GPHF-MEDIUM,2
4258,3,GCA_003610395,Dietzia kunjamensis subsp. kunjamensis,Dietzia,Dietziaceae,27.5,7.5,,aerobe,535,TRYPTICASE SOY BROTH AGAR,1
4314,3,GCA_001654835,Buttiauxella gaviniae,Buttiauxella,Enterobacteriaceae,28.0,,,aerobe,220,CASO AGAR (Merck 105458),1
4319,3,GCA_003818135,Buttiauxella warmboldiae,Buttiauxella,Enterobacteriaceae,29.0,,,aerobe,220|535,CASO AGAR (Merck 105458)|TRYPTICASE SOY BROTH AGAR,2
4320,3,GCA_000412335,Cedecea davisae,Cedecea,Enterobacteriaceae,33.5,,,aerobe,1,NUTRIENT AGAR,1
4322,3,GCA_001571265,Cedecea neteri,Cedecea,Enterobacteriaceae,33.5,,,facultative anaerobe,220,CASO AGAR (Merck 105458),1
4323,3,GCA_018323885,Citrobacter amalonaticus,Citrobacter,Enterobacteriaceae,33.5,,,aerobe,1a,REACTIVATION WITH LIQUID MEDIUM 1,1
4330,3,GCA_900461075,Citrobacter koseri,Citrobacter,Enterobacteriaceae,30.0,,,facultative anaerobe,1,NUTRIENT AGAR,1
4331,3,GCF_000018045.1,Citrobacter koseri,Citrobacter,Enterobacteriaceae,37.0,,,,,,0
4336,3,GCF_013337685.1,Citrobacter gillenii,Citrobacter,Enterobacteriaceae,37.0,,,aerobe,1,NUTRIENT AGAR,1
4339,3,GCA_019048045,Citrobacter braakii,Citrobacter,Enterobacteriaceae,30.0,,,facultative anaerobe,1,NUTRIENT AGAR,1
4340,3,GCA_000759815,Citrobacter rodentium,Citrobacter,Enterobacteriaceae,37.0,,,,693|92,COLUMBIA BLOOD MEDIUM|TRYPTICASE SOY YEAST EXTRACT MEDIUM,2
4345,3,GCF_018128425.1,Citrobacter sedlakii,Citrobacter,Enterobacteriaceae,30.0,,,aerobe,535|693,TRYPTICASE SOY BROTH AGAR|COLUMBIA BLOOD MEDIUM,2
4358,3,GCA_000215745,Klebsiella aerogenes,Klebsiella,Enterobacteriaceae,30.0,,,facultative anaerobe,1|693|92,NUTRIENT AGAR|COLUMBIA BLOOD MEDIUM|TRYPTICASE SOY YEAST EXTRACT MEDIUM,3
4359,3,GCA_001514515,Lelliottia amnigena,Lelliottia,Enterobacteriaceae,30.0,,,aerobe,693|92,COLUMBIA BLOOD MEDIUM|TRYPTICASE SOY YEAST EXTRACT MEDIUM,2
4362,3,GCA_019048625,Enterobacter hormaechei subsp. xiangfangensis,Enterobacter,Enterobacteriaceae,37.0,,,,220,CASO AGAR (Merck 105458),1
4364,3,GCA_020099215,Enterobacter ludwigii,Enterobacter,Enterobacteriaceae,30.0,,,,830,R2A MEDIUM,1
4368,3,GCA_001875655,Enterobacter hormaechei subsp. hormaechei,Enterobacter,Enterobacteriaceae,30.0,,,facultative anaerobe,693|92,COLUMBIA BLOOD MEDIUM|TRYPTICASE SOY YEAST EXTRACT MEDIUM,2
4371,3,GCA_009660455,Enterobacter cloacae subsp. dissolvens,Enterobacter,Enterobacteriaceae,30.0,,,aerobe,1,NUTRIENT AGAR,1
4376,3,GCA_001975225,Kosakonia cowanii,Kosakonia,Enterobacteriaceae,33.5,,,facultative anaerobe,535,TRYPTICASE SOY BROTH AGAR,1
4379,3,GCA_001875645,Lelliottia nimipressuralis,Lelliottia,Enterobacteriaceae,30.0,,,aerobe,535,TRYPTICASE SOY BROTH AGAR,1
4420,3,GCA_900448155,Escherichia coli,Escherichia,Enterobacteriaceae,34.5,,,aerobe,693|92,COLUMBIA BLOOD MEDIUM|TRYPTICASE SOY YEAST EXTRACT MEDIUM,2
4422,3,GCA_010374945,Escherichia coli,Escherichia,Enterobacteriaceae,35.5,,,facultative anaerobe,1,NUTRIENT AGAR,1
4428,3,GCA_000184185,Escherichia coli,Escherichia,Enterobacteriaceae,33.5,,,,1,NUTRIENT AGAR,1
4484,3,GCA_000023365,Escherichia coli,Escherichia,Enterobacteriaceae,35.5,,,facultative anaerobe,381,LB (Luria-Bertani) MEDIUM,1
4507,3,GCA_003287245,Escherichia coli,Escherichia,Enterobacteriaceae,33.5,,,aerobe,381,LB (Luria-Bertani) MEDIUM,1
4516,3,GCA_900449515,Escherichia coli,Escherichia,Enterobacteriaceae,37.0,,,aerobe,1|92,NUTRIENT AGAR|TRYPTICASE SOY YEAST EXTRACT MEDIUM,2
4671,3,GCA_019550865,Escherichia coli,Escherichia,Enterobacteriaceae,37.0,,,,1,NUTRIENT AGAR,1
4687,3,GCA_028550715,Escherichia coli,Escherichia,Enterobacteriaceae,37.0,,,,381,LB (Luria-Bertani) MEDIUM,1
4693,3,GCA_016026355,Escherichia coli,Escherichia,Enterobacteriaceae,37.0,,,,381,LB (Luria-Bertani) MEDIUM,1
4694,3,GCA_016026335,Escherichia coli,Escherichia,Enterobacteriaceae,37.0,,,,381,LB (Luria-Bertani) MEDIUM,1
4718,3,GCA_005954725,Escherichia coli,Escherichia,Enterobacteriaceae,37.0,,,,381,LB (Luria-Bertani) MEDIUM,1
4750,3,GCA_003292485,Escherichia coli,Escherichia,Enterobacteriaceae,37.0,,,,381|693|92,LB (Luria-Bertani) MEDIUM|COLUMBIA BLOOD MEDIUM|TRYPTICASE SOY YEAST EXTRACT MEDIUM,3
4804,3,GCA_003302685,Escherichia coli,Escherichia,Enterobacteriaceae,37.0,,,,381,LB (Luria-Bertani) MEDIUM,1
4859,3,GCA_003303235,Escherichia coli,Escherichia,Enterobacteriaceae,37.0,,,,381,LB (Luria-Bertani) MEDIUM,1
4872,3,GCA_003303375,Escherichia coli,Escherichia,Enterobacteriaceae,37.0,,,,381,LB (Luria-Bertani) MEDIUM,1
4874,3,GCA_003301685,Escherichia coli,Escherichia,Enterobacteriaceae,37.0,,,,381,LB (Luria-Bertani) MEDIUM,1
4900,3,GCA_900448275,Escherichia coli,Escherichia,Enterobacteriaceae,30.0,,,facultative anaerobe,381,LB (Luria-Bertani) MEDIUM,1
4929,3,GCA_000157115,Escherichia sp.,Escherichia,Enterobacteriaceae,37.0,,,,693|92,COLUMBIA BLOOD MEDIUM|TRYPTICASE SOY YEAST EXTRACT MEDIUM,2
4948,3,GCA_900635995,Klebsiella pneumoniae,Klebsiella,Enterobacteriaceae,35.5,,,facultative anaerobe,1|693,NUTRIENT AGAR|COLUMBIA BLOOD MEDIUM,2
4963,3,GCF_039594855.1,Klebsiella sp.,Klebsiella,Enterobacteriaceae,28.0,,,,220,CASO AGAR (Merck 105458),1
4973,3,GCA_000735365,Kluyvera ascorbata,Kluyvera,Enterobacteriaceae,30.0,,,aerobe,1|693,NUTRIENT AGAR|COLUMBIA BLOOD MEDIUM,2
4976,3,GCA_001571285,Kluyvera cryocrescens,Kluyvera,Enterobacteriaceae,33.5,,,aerobe,693|92,COLUMBIA BLOOD MEDIUM|TRYPTICASE SOY YEAST EXTRACT MEDIUM,2
5055,3,GCA_900087055,Plesiomonas shigelloides,Plesiomonas,Enterobacteriaceae,32.75,,,aerobe,830,R2A MEDIUM,1
5105,3,GCA_000335995,Salmonella enterica subsp. enterica,Salmonella,Enterobacteriaceae,37.0,,,,693|92,COLUMBIA BLOOD MEDIUM|TRYPTICASE SOY YEAST EXTRACT MEDIUM,2
5116,3,GCA_900456705,Salmonella enterica subsp. enterica,Salmonella,Enterobacteriaceae,30.0,,,facultative anaerobe,220,CASO AGAR (Merck 105458),1
5117,3,GCA_000006945,Salmonella enterica subsp. enterica,Salmonella,Enterobacteriaceae,35.5,,,aerobe,693|92,COLUMBIA BLOOD MEDIUM|TRYPTICASE SOY YEAST EXTRACT MEDIUM,2
5121,3,GCA_000210855,Salmonella enterica subsp. enterica,Salmonella,Enterobacteriaceae,37.0,,,,693|92,COLUMBIA BLOOD MEDIUM|TRYPTICASE SOY YEAST EXTRACT MEDIUM,2
5124,3,GCA_003120605,Salmonella enterica subsp. salamae,Salmonella,Enterobacteriaceae,30.0,,,facultative anaerobe,220,CASO AGAR (Merck 105458),1
5125,3,GCA_000252995,Salmonella bongori,Salmonella,Enterobacteriaceae,30.0,,,aerobe,693|92,COLUMBIA BLOOD MEDIUM|TRYPTICASE SOY YEAST EXTRACT MEDIUM,2
5171,3,GCA_002950215,Shigella flexneri,Shigella,Enterobacteriaceae,35.5,,,aerobe,693|92,COLUMBIA BLOOD MEDIUM|TRYPTICASE SOY YEAST EXTRACT MEDIUM,2
5173,3,GCF_002950395.1,Shigella sonnei,Shigella,Enterobacteriaceae,37.0,,,,693|92,COLUMBIA BLOOD MEDIUM|TRYPTICASE SOY YEAST EXTRACT MEDIUM,2
5181,3,GCA_000734965,Trabulsiella guamensis,Trabulsiella,Enterobacteriaceae,37.0,,,facultative anaerobe,535,TRYPTICASE SOY BROTH AGAR,1
5236,3,GCA_000982825,Cronobacter sakazakii subsp. sakazakii,Cronobacter,Enterobacteriaceae,30.0,,,aerobe,693|92,COLUMBIA BLOOD MEDIUM|TRYPTICASE SOY YEAST EXTRACT MEDIUM,2
5238,3,GCF_041222865.1,Cronobacter turicensis,Cronobacter,Enterobacteriaceae,31.25,,,facultative anaerobe,535|693,TRYPTICASE SOY BROTH AGAR|COLUMBIA BLOOD MEDIUM,2
5241,3,GCA_000409365,Cronobacter dublinensis subsp. lausannensis,Cronobacter,Enterobacteriaceae,30.0,,,aerobe,693|92,COLUMBIA BLOOD MEDIUM|TRYPTICASE SOY YEAST EXTRACT MEDIUM,2
5242,3,GCA_001277195,Cronobacter muytjensii,Cronobacter,Enterobacteriaceae,30.0,,,aerobe,693|92,COLUMBIA BLOOD MEDIUM|TRYPTICASE SOY YEAST EXTRACT MEDIUM,2
5247,3,GCA_016415625,Shimwellia pseudoproteus,Shimwellia,Enterobacteriaceae,30.0,6.25,,aerobe,1a,REACTIVATION WITH LIQUID MEDIUM 1,1
5249,3,GCA_002291425,Gibbsiella quercinecans,Gibbsiella,Enterobacteriaceae,28.0,,,,535,TRYPTICASE SOY BROTH AGAR,1
5254,3,GCA_000283615,Tetragenococcus halophilus subsp. halophilus,Tetragenococcus,Enterococcaceae,30.0,,,,,,0
5259,3,GCA_003795125,Tetragenococcus osmophilus,Tetragenococcus,Enterococcaceae,30.0,8.0,5.0,microaerophile,92,TRYPTICASE SOY YEAST EXTRACT MEDIUM,1
5260,3,GCA_003795105,Tetragenococcus halophilus subsp. flandriensis,Tetragenococcus,Enterococcaceae,29.0,,,microaerophile,92,TRYPTICASE SOY YEAST EXTRACT MEDIUM,1
5261,3,GCA_003987495,Vagococcus salmoninarum,Vagococcus,Enterococcaceae,25.0,,,facultative anaerobe,92,TRYPTICASE SOY YEAST EXTRACT MEDIUM,1
5264,3,GCF_003337315.1,Vagococcus fluvialis,Vagococcus,Enterococcaceae,30.0,,,microaerophile,92,TRYPTICASE SOY YEAST EXTRACT MEDIUM,1
5265,3,GCA_003987565,Vagococcus fessus,Vagococcus,Enterococcaceae,37.0,,,microaerophile,693|92,COLUMBIA BLOOD MEDIUM|TRYPTICASE SOY YEAST EXTRACT MEDIUM,2
5279,3,GCA_000742975,Enterococcus faecalis,Enterococcus,Enterococcaceae,37.0,,6.5,microaerophile,693|92,COLUMBIA BLOOD MEDIUM|TRYPTICASE SOY YEAST EXTRACT MEDIUM,2
5292,3,GCA_900447895,Enterococcus faecalis,Enterococcus,Enterococcaceae,37.0,,6.5,microaerophile,693|92,COLUMBIA BLOOD MEDIUM|TRYPTICASE SOY YEAST EXTRACT MEDIUM,2
5297,3,GCA_900447785,Enterococcus faecium,Enterococcus,Enterococcaceae,37.0,,,microaerophile,693|92,COLUMBIA BLOOD MEDIUM|TRYPTICASE SOY YEAST EXTRACT MEDIUM,2
5298,3,GCA_001298485,Enterococcus faecium,Enterococcus,Enterococcaceae,37.0,,,microaerophile,693|92,COLUMBIA BLOOD MEDIUM|TRYPTICASE SOY YEAST EXTRACT MEDIUM,2
5303,3,GCA_000172915,Enterococcus faecium,Enterococcus,Enterococcaceae,37.0,,,microaerophile,693|92,COLUMBIA BLOOD MEDIUM|TRYPTICASE SOY YEAST EXTRACT MEDIUM,2
5310,3,GCA_000392955,Enterococcus gallinarum,Enterococcus,Enterococcaceae,37.0,,,microaerophile,693|92,COLUMBIA BLOOD MEDIUM|TRYPTICASE SOY YEAST EXTRACT MEDIUM,2
5318,3,GCA_002813755,Enterococcus mundtii,Enterococcus,Enterococcaceae,37.0,,6.5,microaerophile,693|92,COLUMBIA BLOOD MEDIUM|TRYPTICASE SOY YEAST EXTRACT MEDIUM,2
5322,3,GCF_900474605.1,Enterococcus cecorum,Enterococcus,Enterococcaceae,37.0,,,,92,TRYPTICASE SOY YEAST EXTRACT MEDIUM,1
5337,3,GCA_001885915,Enterococcus gilvus,Enterococcus,Enterococcaceae,37.0,,,microaerophile,693|92,COLUMBIA BLOOD MEDIUM|TRYPTICASE SOY YEAST EXTRACT MEDIUM,2
5340,3,GCA_001886065,Enterococcus moraviensis,Enterococcus,Enterococcaceae,35.25,,,microaerophile,693|92,COLUMBIA BLOOD MEDIUM|TRYPTICASE SOY YEAST EXTRACT MEDIUM,2
5342,3,GCA_001885995,Enterococcus italicus,Enterococcus,Enterococcaceae,37.0,9.6,5.0,microaerophile,693|92,COLUMBIA BLOOD MEDIUM|TRYPTICASE SOY YEAST EXTRACT MEDIUM,2
5346,3,GCA_001885765,Enterococcus aquimarinus,Enterococcus,Enterococcaceae,33.5,,6.5,microaerophile,693|92,COLUMBIA BLOOD MEDIUM|TRYPTICASE SOY YEAST EXTRACT MEDIUM,2
5347,3,GCA_001885735,Enterococcus canintestini,Enterococcus,Enterococcaceae,37.0,,6.5,microaerophile,693|92,COLUMBIA BLOOD MEDIUM|TRYPTICASE SOY YEAST EXTRACT MEDIUM,2
5348,3,GCA_001885905,Enterococcus devriesei,Enterococcus,Enterococcaceae,24.0,,5.0,microaerophile,693|92,COLUMBIA BLOOD MEDIUM|TRYPTICASE SOY YEAST EXTRACT MEDIUM,2
5351,3,GCA_001885825,Enterococcus caccae,Enterococcus,Enterococcaceae,45.0,,,microaerophile,92,TRYPTICASE SOY YEAST EXTRACT MEDIUM,1
5358,3,GCA_001730365,Enterococcus quebecensis,Enterococcus,Enterococcaceae,37.0,,,microaerophile,693|92,COLUMBIA BLOOD MEDIUM|TRYPTICASE SOY YEAST EXTRACT MEDIUM,2
5360,3,GCA_001730285,Enterococcus ureasiticus,Enterococcus,Enterococcaceae,37.0,,,microaerophile,693|92,COLUMBIA BLOOD MEDIUM|TRYPTICASE SOY YEAST EXTRACT MEDIUM,2
5362,3,GCA_015904215,Enterococcus lactis,Enterococcus,Enterococcaceae,32.25,,,microaerophile,693|92,COLUMBIA BLOOD MEDIUM|TRYPTICASE SOY YEAST EXTRACT MEDIUM,2
5422,3,GCA_039521745,Faecalicatena contorta,Faecalicatena,Lachnospiraceae,37.0,7.0,,anaerobe,110,CHOPPED MEAT MEDIUM WITH CARBOHYDRATES,1
5426,3,GCF_016900595.1,Faecalicatena fissicatena,Faecalicatena,Lachnospiraceae,37.0,7.0,,anaerobe,339,WILKINS-CHALGREN ANAEROBE BROTH,1
5434,3,GCA_017873235,Clostridium moniliforme,Clostridium,Clostridiaceae,37.0,,,anaerobe,,,0
5445,3,GCA_009295725,Clostridium tarantellae,Clostridium,Clostridiaceae,28.0,,,anaerobe,110,CHOPPED MEAT MEDIUM WITH CARBOHYDRATES,1
5462,3,GCF_012844305.1,Flammeovirga aprica,Flammeovirga,Flammeovirgaceae,25.0,,,,514,BACTO MARINE BROTH (DIFCO 2216),1
5762,3,GCA_000220825,Fusobacterium nucleatum subsp. animalis,Fusobacterium,Fusobacteriaceae,37.0,,,anaerobe,110|693,CHOPPED MEAT MEDIUM WITH CARBOHYDRATES|COLUMBIA BLOOD MEDIUM,2
5764,3,GCF_900015295.1,Fusobacterium sp.,Fusobacterium,Fusobacteriaceae,37.0,,,anaerobe,110,CHOPPED MEAT MEDIUM WITH CARBOHYDRATES,1
5766,3,GCA_016724785,Fusobacterium canifelinum,Fusobacterium,Fusobacteriaceae,37.0,,,anaerobe,104|693,PYG MEDIUM (modified)|COLUMBIA BLOOD MEDIUM,2
5777,3,GCA_000165505,Ilyobacter polytropus,Ilyobacter,Fusobacteriaceae,30.0,,,anaerobe,,,0
5789,3,GCA_000384395,Geopsychrobacter electrodiphilus,Geopsychrobacter,Geopsychrobacteraceae,22.0,,,anaerobe,,,0
5790,3,GCA_008124615,Geothermobacter ehrlichii,Geothermobacter,Geothermobacteraceae,52.5,,,anaerobe,,,0
5815,3,GCA_000025345,Geodermatophilus obscurus,Geodermatophilus,Geodermatophilaceae,30.0,,2.5,microaerophile,553|65|83,GPHF-MEDIUM|GYM STREPTOMYCES MEDIUM|CZAPEK PEPTONE AGAR,3
5822,3,GCA_900102745,Geodermatophilus telluris,Geodermatophilus,Geodermatophilaceae,28.0,,,aerobe,65,GYM STREPTOMYCES MEDIUM,1
5823,3,GCA_900114385,Geodermatophilus ruber,Geodermatophilus,Geodermatophilaceae,26.0,7.25,0.5,,553|65|830,GPHF-MEDIUM|GYM STREPTOMYCES MEDIUM|R2A MEDIUM,3
5826,3,GCA_007994135,Modestobacter roseus,Modestobacter,Geodermatophilaceae,28.0,7.5,,aerobe,535|65|830|987,TRYPTICASE SOY BROTH AGAR|GYM STREPTOMYCES MEDIUM|R2A MEDIUM|ISP 2 MEDIUM,4
5863,3,GCF_003070835.1,Halanaerobium sp.,Halanaerobium,Halanaerobiaceae,37.0,,,anaerobe,,,0
5864,3,GCA_000350165,Halanaerobium saccharolyticum subsp. saccharolyticum,Halanaerobium,Halanaerobiaceae,37.0,,,anaerobe,,,0
6201,3,GCF_000685315.1,Hyphomonas polymorpha,Hyphomonas,Hyphomonadaceae,33.5,,,,,,0
6202,3,GCA_000685315,Hyphomonas polymorpha,Hyphomonas,Hyphomonadaceae,31.75,,,,,,0
6204,3,GCA_000685215,Hyphomonas jannaschiana,Hyphomonas,Hyphomonadaceae,30.0,,,,514,BACTO MARINE BROTH (DIFCO 2216),1
6223,3,GCA_000420665,Ponticaulis koreensis,Ponticaulis,Hyphomonadaceae,29.0,,,,514,BACTO MARINE BROTH (DIFCO 2216),1
6224,3,GCA_000365025,Robiginitomaculum antarcticum,Robiginitomaculum,Hyphomonadaceae,20.0,7.0,2.25,aerobe,514,BACTO MARINE BROTH (DIFCO 2216),1
6247,3,GCF_054783095.1,Intrasporangium mesophilum,Intrasporangium,Intrasporangiaceae,28.0,,,aerobe,535|65,TRYPTICASE SOY BROTH AGAR|GYM STREPTOMYCES MEDIUM,2
6249,3,GCF_001570985.1,Janibacter limosus,Janibacter,Intrasporangiaceae,30.0,,,obligate aerobe,92,TRYPTICASE SOY YEAST EXTRACT MEDIUM,1
6264,3,GCF_003721155.3,Janibacter melonis,Janibacter,Intrasporangiaceae,28.0,,,,535|92,TRYPTICASE SOY BROTH AGAR|TRYPTICASE SOY YEAST EXTRACT MEDIUM,2
6265,3,GCA_001570945,Janibacter anophelis,Janibacter,Intrasporangiaceae,35.0,7.0,,aerobe,535|830|92,TRYPTICASE SOY BROTH AGAR|R2A MEDIUM|TRYPTICASE SOY YEAST EXTRACT MEDIUM,3
6266,3,GCA_001570965,Janibacter corallicola,Janibacter,Intrasporangiaceae,28.0,,,,514,BACTO MARINE BROTH (DIFCO 2216),1
6287,3,GCA_039531305,Terrabacter lapilli,Terrabacter,Intrasporangiaceae,28.0,,,aerobe,830|92,R2A MEDIUM|TRYPTICASE SOY YEAST EXTRACT MEDIUM,2
6298,3,GCA_000367525,Phycicoccus elongatus,Phycicoccus,Intrasporangiaceae,28.0,,,aerobe,535,TRYPTICASE SOY BROTH AGAR,1
6299,3,GCF_039531165.1,Tetrasphaera vanveenii,Tetrasphaera,Intrasporangiaceae,26.5,,,,830,R2A MEDIUM,1
6301,3,GCF_039531185.1,Tetrasphaera veronensis,Tetrasphaera,Intrasporangiaceae,26.5,,,,830,R2A MEDIUM,1
6306,3,GCA_039531795,Pedococcus bigeumensis,Pedococcus,Intrasporangiaceae,28.0,7.4,,aerobe,830,R2A MEDIUM,1
6308,3,GCA_001552435,Kribbia dieselivorans,Kribbia,Intrasporangiaceae,29.0,,,aerobe,830,R2A MEDIUM,1
6312,3,GCA_009858245,Ornithinibacter aureus,Ornithinibacter,Intrasporangiaceae,34.0,7.2,1.0,aerobe,514,BACTO MARINE BROTH (DIFCO 2216),1
6340,3,GCA_016586355,Anaerostipes butyraticus,Anaerostipes,Lachnospiraceae,39.0,6.0,,anaerobe,104b|110,PY + X MEDIUM|CHOPPED MEAT MEDIUM WITH CARBOHYDRATES,2
6355,3,GCA_000154065,Dorea longicatena,Dorea,Lachnospiraceae,37.0,,,anaerobe,104,PYG MEDIUM (modified),1
6358,3,GCA_900107245,Lachnobacterium bovis,Lachnobacterium,Lachnospiraceae,37.0,,,anaerobe,,,0
6362,3,GCA_900218035,Pseudobutyrivibrio ruminis,Pseudobutyrivibrio,Lachnospiraceae,37.0,,,anaerobe,,,0
6364,3,GCA_900103015,Pseudobutyrivibrio xylanivorans,Pseudobutyrivibrio,Lachnospiraceae,37.0,,,anaerobe,,,0
6368,3,GCA_045061065,Roseburia faecis,Roseburia,Lachnospiraceae,37.0,,,anaerobe,1611|58,YCFA MEDIUM (modified)|BIFIDOBACTERIUM MEDIUM,2
6369,3,GCA_020731525,Roseburia inulinivorans,Roseburia,Lachnospiraceae,37.0,,,anaerobe,1611,YCFA MEDIUM (modified),1
6374,3,GCA_900102475,Marvinbryantia formatexigens,Marvinbryantia,Lachnospiraceae,37.0,,,anaerobe,,,0
6375,3,GCA_000178835,Cellulosilyticum lentocellum,Cellulosilyticum,Lachnospiraceae,27.5,,,anaerobe,,,0
6869,3,GCA_900638015,Listeria grayi,Listeria,Listeriaceae,30.0,,,facultative anaerobe,215,BHI MEDIUM,1
6871,3,GCA_028596125,Listeria innocua,Listeria,Listeriaceae,30.0,,,facultative anaerobe,215|693,BHI MEDIUM|COLUMBIA BLOOD MEDIUM,2
6873,3,GCA_900452915,Listeria monocytogenes,Listeria,Listeriaceae,37.0,,,facultative anaerobe,215|693,BHI MEDIUM|COLUMBIA BLOOD MEDIUM,2
6877,3,GCF_900187315.1,Listeria welshimeri,Listeria,Listeriaceae,37.0,,,,215|693,BHI MEDIUM|COLUMBIA BLOOD MEDIUM,2
6883,3,GCF_027554905.1,Methanothermobacter thermautotrophicus,Methanothermobacter,Methanobacteriaceae,65.0,,,anaerobe,,,0
6899,3,GCF_055397825.1,Methanothermobacter crinale,Methanothermobacter,Methanobacteriaceae,65.0,,,anaerobe,,,0
6900,3,GCF_023227715.1,Methanobacterium alcaliphilum,Methanobacterium,Methanobacteriaceae,37.0,,,anaerobe,,,0
6944,3,GCF_002813695.1,Methanobacterium subterraneum,Methanobacterium,Methanobacteriaceae,37.0,,,anaerobe,,,0
6946,3,GCF_900095295.1,Methanobacterium congolense,Methanobacterium,Methanobacteriaceae,37.0,,,anaerobe,,,0
6950,3,GCA_000746075,Methanobacterium arcticum,Methanobacterium,Methanobacteriaceae,37.0,7.0,0.58,anaerobe,,,0
6961,3,GCA_019669925,Methanobrevibacter arboriphilus,Methanobrevibacter,Methanobacteriaceae,37.0,,,anaerobe,,,0
6965,3,GCA_000151245,Methanobrevibacter smithii,Methanobrevibacter,Methanobacteriaceae,37.0,,,anaerobe,,,0
6966,3,GCA_037389515,Methanobrevibacter smithii,Methanobrevibacter,Methanobacteriaceae,37.0,,,anaerobe,,,0
6971,3,GCA_001639285,Methanobrevibacter cuticularis,Methanobrevibacter,Methanobacteriaceae,37.0,,,anaerobe,,,0
6974,3,GCA_003111625,Methanobrevibacter thaueri,Methanobrevibacter,Methanobacteriaceae,37.0,,,anaerobe,,,0
6977,3,GCA_900114585,Methanobrevibacter olleyae,Methanobrevibacter,Methanobacteriaceae,37.0,,,anaerobe,,,0
6983,3,GCA_000024625,Methanocaldococcus vulcanius,Methanocaldococcus,Methanocaldococcaceae,80.0,,,anaerobe,,,0
6987,3,GCA_000214415,Methanotorris igneus,Methanotorris,Methanocaldococcaceae,85.0,,,anaerobe,,,0
7004,3,GCA_000430905,Methanocorpusculum bavaricum,Methanocorpusculum,Methanocorpusculaceae,37.0,,,anaerobe,,,0
7005,3,GCA_000015765,Methanocorpusculum labreanum,Methanocorpusculum,Methanocorpusculaceae,37.0,,,anaerobe,,,0
7141,3,GCA_000374145,Neomegalonema perideroedes,Neomegalonema,Neomegalonemataceae,27.5,7.0,,aerobe,830,R2A MEDIUM,1
7150,3,GCA_022179465,Methylobacterium organophilum,Methylobacterium,Methylobacteriaceae,30.0,,,,1,NUTRIENT AGAR,1
7166,3,GCA_014138435,Methylobacterium fujisawaense,Methylobacterium,Methylobacteriaceae,30.0,,,aerobe,,,0
7168,3,GCA_014199985,Methylorubrum rhodesianum,Methylorubrum,Methylobacteriaceae,30.0,,,aerobe,,,0
7171,3,GCA_022179725,Methylorubrum aminovorans,Methylorubrum,Methylobacteriaceae,30.0,,,,1|830,NUTRIENT AGAR|R2A MEDIUM,2
7172,3,GCA_001310875,Methylorubrum thiocyanatum,Methylorubrum,Methylobacteriaceae,30.0,,,,1,NUTRIENT AGAR,1
7174,3,GCA_022179745,Methylorubrum podarium,Methylorubrum,Methylobacteriaceae,37.0,,,aerobe,1|830,NUTRIENT AGAR|R2A MEDIUM,2
7175,3,GCA_022179285,Methylobacterium hispanicum,Methylobacterium,Methylobacteriaceae,28.0,6.5,0.5,aerobe,,,0
7176,3,GCA_001043915,Methylobacterium aquaticum,Methylobacterium,Methylobacteriaceae,28.0,6.0,0.0,aerobe,,,0
7177,3,GCF_050408745.1,Methylobacterium aquaticum,Methylobacterium,Methylobacteriaceae,28.0,,,,830,R2A MEDIUM,1
7188,3,GCA_022179245,Methylobacterium gregans,Methylobacterium,Methylobacteriaceae,25.0,,,aerobe,1,NUTRIENT AGAR,1
7191,3,GCA_022179525,Methylobacterium persicinum,Methylobacterium,Methylobacteriaceae,27.5,,,aerobe,1,NUTRIENT AGAR,1
7194,3,GCA_022179385,Methylobacterium longum,Methylobacterium,Methylobacteriaceae,28.0,,,,830,R2A MEDIUM,1
7199,3,GCA_022179225,Methylobacterium goesingense,Methylobacterium,Methylobacteriaceae,28.0,,,,830,R2A MEDIUM,1
10447,3,GCA_000429785,Chitinibacter tainanensis,Chitinibacter,Chromobacteriaceae,33.5,7.5,,aerobe,381|830,LB (Luria-Bertani) MEDIUM|R2A MEDIUM,2
10450,3,GCF_041912965.1,Chromobacterium sp.,Chromobacterium,Chromobacteriaceae,25.0,,,,1,NUTRIENT AGAR,1
10451,3,GCA_001676875,Chromobacterium subtsugae,Chromobacterium,Chromobacteriaceae,26.5,7.25,1.0,aerobe,220|535,CASO AGAR (Merck 105458)|TRYPTICASE SOY BROTH AGAR,2
10465,3,GCA_000423285,Laribacter hongkongensis,Laribacter,Chromobacteriaceae,37.0,,,aerobe,215,BHI MEDIUM,1
10499,3,GCA_000711875,Andreprevotia chitinilytica,Andreprevotia,Chromobacteriaceae,28.0,6.5,1.0,aerobe,1a,REACTIVATION WITH LIQUID MEDIUM 1,1
10501,3,GCA_014202765,Silvimonas terrae,Silvimonas,Chromobacteriaceae,27.5,7.0,1.0,facultative anaerobe,830,R2A MEDIUM,1
10508,3,GCA_007844155,Vogesella perlucida,Vogesella,Chromobacteriaceae,30.0,7.5,0.5,aerobe,535,TRYPTICASE SOY BROTH AGAR,1
10512,3,GCA_009856625,Aquitalea denitrificans,Aquitalea,Chromobacteriaceae,30.0,7.0,0.5,facultative anaerobe,830,R2A MEDIUM,1
10514,3,GCF_000620145.1,Deefgea rivuli,Deefgea,Chromobacteriaceae,28.0,,,,830,R2A MEDIUM,1
10521,3,GCF_003051865.1,Microvirgula aerodenitrificans,Microvirgula,Chromobacteriaceae,30.0,,,aerobe,,,0
10523,3,GCA_000430805,Chitinilyticum aquatile,Chitinilyticum,Chromobacteriaceae,27.5,9.0,0.375,facultative anaerobe,,,0
11070,3,GCA_014207795,Kribbella sandramycini,Kribbella,Kribbellaceae,28.0,,,obligate aerobe,65,GYM STREPTOMYCES MEDIUM,1
11073,3,GCA_006715085,Kribbella jejuensis,Kribbella,Kribbellaceae,22.5,,1.0,obligate aerobe,535|65,TRYPTICASE SOY BROTH AGAR|GYM STREPTOMYCES MEDIUM,2
11079,3,GCA_017876295,Kribbella aluminosa,Kribbella,Kribbellaceae,28.5,6.5,1.0,facultative anaerobe,65|830,GYM STREPTOMYCES MEDIUM|R2A MEDIUM,2
11080,3,GCA_039531045,Kribbella hippodromi,Kribbella,Kribbellaceae,28.0,,,aerobe,535|65,TRYPTICASE SOY BROTH AGAR|GYM STREPTOMYCES MEDIUM,2
11082,3,GCA_039530625,Kribbella sancticallisti,Kribbella,Kribbellaceae,25.75,7.0,,aerobe,830,R2A MEDIUM,1
11083,3,GCA_007828865,Kribbella amoyensis,Kribbella,Kribbellaceae,28.0,7.0,,aerobe,65|830,GYM STREPTOMYCES MEDIUM|R2A MEDIUM,2
11676,3,GCA_000374285,Actinobacillus capsulatus,Actinobacillus,Pasteurellaceae,37.0,,,facultative anaerobe,215|693,BHI MEDIUM|COLUMBIA BLOOD MEDIUM,2
11683,3,GCA_900460625,Actinobacillus seminis,Actinobacillus,Pasteurellaceae,37.0,,,obligate aerobe,215,BHI MEDIUM,1
11685,3,GCF_004519515.1,Actinobacillus indolicus,Actinobacillus,Pasteurellaceae,37.0,,,facultative anaerobe,,,0
11687,3,GCA_000017245,Actinobacillus succinogenes,Actinobacillus,Pasteurellaceae,32.25,,,aerobe,215|535|545|693,BHI MEDIUM|TRYPTICASE SOY BROTH AGAR|TRYPTONE SOYA BROTH (TSB)|COLUMBIA BLOOD MEDIUM,4
11689,3,GCA_900636745,Actinobacillus equuli subsp. equuli,Actinobacillus,Pasteurellaceae,37.0,,,,,,0
11690,3,GCA_029773665,Actinobacillus equuli subsp. haemolyticus,Actinobacillus,Pasteurellaceae,37.0,,,facultative anaerobe,693,COLUMBIA BLOOD MEDIUM,1
11697,3,GCA_900450735,Gallibacterium anatis,Gallibacterium,Pasteurellaceae,37.0,,,,220|693,CASO AGAR (Merck 105458)|COLUMBIA BLOOD MEDIUM,2
11698,3,GCA_001457655,Haemophilus influenzae,Haemophilus,Pasteurellaceae,37.0,,,microaerophile,693,COLUMBIA BLOOD MEDIUM,1
11699,3,GCA_020736025,Haemophilus influenzae,Haemophilus,Pasteurellaceae,37.0,,,microaerophile,,,0
11715,3,GCA_900450925,Glaesserella parasuis,Glaesserella,Pasteurellaceae,37.0,,,microaerophile,92,TRYPTICASE SOY YEAST EXTRACT MEDIUM,1
11716,3,GCA_002015125,Haemophilus felis,Haemophilus,Pasteurellaceae,37.0,,,microaerophile,,,0
11730,3,GCA_900454865,Pasteurella canis,Pasteurella,Pasteurellaceae,37.0,,,microaerophile,215|693,BHI MEDIUM|COLUMBIA BLOOD MEDIUM,2
11735,3,GCA_900186835,Pasteurella dagmatis,Pasteurella,Pasteurellaceae,37.0,,,,693,COLUMBIA BLOOD MEDIUM,1
11736,3,GCA_003096995,Pasteurella langaaensis,Pasteurella,Pasteurellaceae,37.0,,,,215|693,BHI MEDIUM|COLUMBIA BLOOD MEDIUM,2
11749,3,GCA_004339025,Volucribacter psittacicida,Volucribacter,Pasteurellaceae,37.0,,,microaerophile,220,CASO AGAR (Merck 105458),1
11751,3,GCA_014202395,Histophilus somni,Histophilus,Pasteurellaceae,37.0,,,microaerophile,693,COLUMBIA BLOOD MEDIUM,1
11752,3,GCA_000372365,Aggregatibacter actinomycetemcomitans,Aggregatibacter,Pasteurellaceae,37.0,,,microaerophile,215|693,BHI MEDIUM|COLUMBIA BLOOD MEDIUM,2
11754,3,GCA_000318155,Aggregatibacter actinomycetemcomitans,Aggregatibacter,Pasteurellaceae,37.0,,,microaerophile,215|693,BHI MEDIUM|COLUMBIA BLOOD MEDIUM,2
11756,3,GCA_000772535,Chelonobacter oris,Chelonobacter,Pasteurellaceae,37.0,,,aerobe,215|693,BHI MEDIUM|COLUMBIA BLOOD MEDIUM,2
11859,3,GCF_900445235.1,Aminobacter aminovorans,Aminobacter,Phyllobacteriaceae,30.0,,,,1,NUTRIENT AGAR,1
11860,3,GCA_014200015,Aminobacter niigataensis,Aminobacter,Phyllobacteriaceae,30.0,,,aerobe,1,NUTRIENT AGAR,1
11865,3,GCA_014201615,Aquamicrobium lusatiense,Aquamicrobium,Phyllobacteriaceae,30.0,,,obligate aerobe,220,CASO AGAR (Merck 105458),1
11866,3,GCA_900113935,Aquamicrobium aerolatum,Aquamicrobium,Phyllobacteriaceae,27.5,7.75,3.95,aerobe,545,TRYPTONE SOYA BROTH (TSB),1
11867,3,GCA_042649625,Aquamicrobium ahrensii,Aquamicrobium,Phyllobacteriaceae,30.0,7.5,,aerobe,545,TRYPTONE SOYA BROTH (TSB),1
11871,3,GCA_000615975,Nitratireductor aquibiodomus,Nitratireductor,Phyllobacteriaceae,32.5,7.25,1.0,facultative aerobe,535|830,TRYPTICASE SOY BROTH AGAR|R2A MEDIUM,2
11878,3,GCF_003148475.1,Pseudaminobacter salicylatoxidans,Pseudaminobacter,Phyllobacteriaceae,30.0,,,,220,CASO AGAR (Merck 105458),1
11881,3,GCF_003148495.1,Mesorhizobium loti,Mesorhizobium,Phyllobacteriaceae,25.5,,,,98,RHIZOBIUM MEDIUM,1
11887,3,GCF_001618845.1,Mesorhizobium ciceri,Mesorhizobium,Phyllobacteriaceae,26.0,,,,98,RHIZOBIUM MEDIUM,1
11888,3,GCF_030272285.1,Mesorhizobium mediterraneum,Mesorhizobium,Phyllobacteriaceae,30.0,,,,98,RHIZOBIUM MEDIUM,1
11892,3,GCA_003024595,Mesorhizobium plurifarium,Mesorhizobium,Phyllobacteriaceae,30.0,,0.0,,,,0
11893,3,GCA_030160535,Mesorhizobium amorphae,Mesorhizobium,Phyllobacteriaceae,28.0,,,,,,0
11895,3,GCF_040537815.1,Mesorhizobium shangrilense,Mesorhizobium,Phyllobacteriaceae,28.0,7.0,,aerobe,,,0
11896,3,GCF_011317445.1,Chelativorans multitrophicus,Chelativorans,Phyllobacteriaceae,30.0,,,,830,R2A MEDIUM,1
12012,3,GCA_000601485,Chondromyces apiculatus,Chondromyces,Polyangiaceae,30.0,,,,9,VY/2 AGAR,1
12015,3,GCF_001189295.1,Chondromyces crocatus,Chondromyces,Polyangiaceae,30.0,,,,9,VY/2 AGAR,1
12037,3,GCA_029946465,Polyangium sorediatum,Polyangium,Polyangiaceae,30.0,,,,9,VY/2 AGAR,1
12038,3,GCF_029946465.1,Polyangium sorediatum,Polyangium,Polyangiaceae,30.0,,,,9,VY/2 AGAR,1
12044,3,GCF_009649845.1,Polyangium spumosum,Polyangium,Polyangiaceae,30.0,,,,9,VY/2 AGAR,1
12492,3,GCA_001312805,Byssovorax cruenta,Byssovorax,Polyangiaceae,30.0,,,facultative anaerobe,9,VY/2 AGAR,1
12518,3,GCA_000512915,Barnesiella viscericola,Barnesiella,Barnesiellaceae,37.0,,,anaerobe,78,CHOPPED MEAT MEDIUM,1
12682,3,GCA_000238275,Pseudoalteromonas undina,Pseudoalteromonas,Pseudoalteromonadaceae,25.0,,,,514,BACTO MARINE BROTH (DIFCO 2216),1
12684,3,GCA_002221525,Pseudoalteromonas espejiana,Pseudoalteromonas,Pseudoalteromonadaceae,25.0,,,,514,BACTO MARINE BROTH (DIFCO 2216),1
12686,3,GCA_002310835,Pseudoalteromonas tetraodonis,Pseudoalteromonas,Pseudoalteromonadaceae,21.0,,,obligate aerobe,514,BACTO MARINE BROTH (DIFCO 2216),1
13540,3,GCA_014863355,Aminobacter carboxidus,Aminobacter,Phyllobacteriaceae,30.0,,0.0,,,,0
13874,3,GCA_900102695,Afifella marina,Afifella,Afifellaceae,28.0,,,anaerobe,,,0
13875,3,GCF_900102695.1,Afifella marina,Afifella,Afifellaceae,28.0,,,anaerobe,,,0
13946,3,GCA_000426505,Nisaea denitrificans,Nisaea,Thalassobaculaceae,30.0,6.0,,aerobe,514,BACTO MARINE BROTH (DIFCO 2216),1
14020,3,GCA_000423805,Thalassobaculum salexigens,Thalassobaculum,Thalassobaculaceae,26.5,,,,514,BACTO MARINE BROTH (DIFCO 2216),1
14022,3,GCA_001618175,Oceanibaculum pacificum,Oceanibaculum,Thalassobaculaceae,32.5,,3.25,,514,BACTO MARINE BROTH (DIFCO 2216),1
14035,3,GCA_900175965,Rubrobacter radiotolerans,Rubrobacter,Rubrobacteraceae,47.5,,6.0,aerobe,535,TRYPTICASE SOY BROTH AGAR,1
14090,3,GCA_000024985,Sphaerobacter thermophilus,Sphaerobacter,Sphaerobacteraceae,55.0,8.5,,obligate aerobe,,,0
14321,3,GCA_021021555,Teretinema zuelzerae,Teretinema,Treponemataceae,30.0,,,anaerobe,,,0
14324,3,GCA_000219725,Gracilinema caldarium,Gracilinema,Breznakiellaceae,50.0,7.35,0.25,anaerobe,,,0
14341,3,GCA_000255555,Treponema saccharophilum,Treponema,Treponemataceae,37.0,,,anaerobe,,,0
14345,3,GCA_000214355,Treponema azotonutricium,Treponema,Treponemataceae,20.0,,,anaerobe,,,0
14349,3,GCA_017161325,Treponema pedis,Treponema,Treponemataceae,37.0,,,anaerobe,,,0
14355,3,GCA_002813555,Spiroplasma floricola,Spiroplasma,Spiroplasmataceae,30.0,,,microaerophile,1076b,SP4-Z MEDIUM,1
14357,3,GCF_000236085.2,Spiroplasma melliferum,Spiroplasma,Spiroplasmataceae,30.0,,,microaerophile,1076b,SP4-Z MEDIUM,1
14360,3,GCA_000439435,Spiroplasma taiwanense,Spiroplasma,Spiroplasmataceae,30.0,,,microaerophile,1076b,SP4-Z MEDIUM,1
14361,3,GCA_008086545,Spiroplasma chinense,Spiroplasma,Spiroplasmataceae,30.0,,,microaerophile,1076b,SP4-Z MEDIUM,1
14362,3,GCA_002865545,Spiroplasma monobiae,Spiroplasma,Spiroplasmataceae,30.0,,,microaerophile,1076b,SP4-Z MEDIUM,1
14411,3,GCA_003387165,Jeotgalicoccus halotolerans,Jeotgalicoccus,Staphylococcaceae,29.0,,,obligate aerobe,514,BACTO MARINE BROTH (DIFCO 2216),1
14413,3,GCA_000425825,Jeotgalicoccus marinus,Jeotgalicoccus,Staphylococcaceae,27.5,7.5,7.5,facultative anaerobe,514,BACTO MARINE BROTH (DIFCO 2216),1
14415,3,GCA_017873755,Jeotgalicoccus aerolatus,Jeotgalicoccus,Staphylococcaceae,39.5,,7.0,aerobe,514,BACTO MARINE BROTH (DIFCO 2216),1
14417,3,GCF_015235105.1,Jeotgalicoccus nanhaiensis,Jeotgalicoccus,Staphylococcaceae,30.25,,,aerobe,514,BACTO MARINE BROTH (DIFCO 2216),1
14421,3,GCA_004359575,Macrococcus bovicus,Macrococcus,Staphylococcaceae,31.5,,,obligate aerobe,92,TRYPTICASE SOY YEAST EXTRACT MEDIUM,1
14426,3,GCA_009831115,Salinicoccus hispanicus,Salinicoccus,Staphylococcaceae,37.0,,,aerobe,,,0
14428,3,GCA_900142805,Salinicoccus alkaliphilus,Salinicoccus,Staphylococcaceae,37.0,,,,,,0
14435,3,GCA_900114445,Salinicoccus halodurans,Salinicoccus,Staphylococcaceae,28.0,7.5,8.0,,,,0
14437,3,GCA_000385175,Salinicoccus albus,Salinicoccus,Staphylococcaceae,25.0,8.5,10.0,aerobe,514,BACTO MARINE BROTH (DIFCO 2216),1
14438,3,GCA_000330705,Salinicoccus carnicancri,Salinicoccus,Staphylococcaceae,33.5,7.5,12.0,aerobe,514,BACTO MARINE BROTH (DIFCO 2216),1
14444,3,GCA_002902425,Staphylococcus aureus,Staphylococcus,Staphylococcaceae,37.0,,,microaerophile,693|92,COLUMBIA BLOOD MEDIUM|TRYPTICASE SOY YEAST EXTRACT MEDIUM,2
14446,3,GCA_900457695,Staphylococcus aureus,Staphylococcus,Staphylococcaceae,30.0,,,facultative anaerobe,693|92,COLUMBIA BLOOD MEDIUM|TRYPTICASE SOY YEAST EXTRACT MEDIUM,2
14450,3,GCF_000013425.1,Staphylococcus aureus,Staphylococcus,Staphylococcaceae,37.0,,,facultative anaerobe,693|92,COLUMBIA BLOOD MEDIUM|TRYPTICASE SOY YEAST EXTRACT MEDIUM,2
14460,3,GCA_900082905,Staphylococcus aureus,Staphylococcus,Staphylococcaceae,37.0,,,,693|92,COLUMBIA BLOOD MEDIUM|TRYPTICASE SOY YEAST EXTRACT MEDIUM,2
14465,3,GCA_900636695,Staphylococcus aureus,Staphylococcus,Staphylococcaceae,37.0,,,,693|92,COLUMBIA BLOOD MEDIUM|TRYPTICASE SOY YEAST EXTRACT MEDIUM,2
14467,3,GCA_900458275,Staphylococcus aureus,Staphylococcus,Staphylococcaceae,37.0,,,aerobe,693|92,COLUMBIA BLOOD MEDIUM|TRYPTICASE SOY YEAST EXTRACT MEDIUM,2
14469,3,GCA_900458155,Staphylococcus aureus,Staphylococcus,Staphylococcaceae,37.0,,,aerobe,693|92,COLUMBIA BLOOD MEDIUM|TRYPTICASE SOY YEAST EXTRACT MEDIUM,2
14506,3,GCA_901482635,Staphylococcus capitis subsp. capitis,Staphylococcus,Staphylococcaceae,37.0,,,obligate aerobe,693|92,COLUMBIA BLOOD MEDIUM|TRYPTICASE SOY YEAST EXTRACT MEDIUM,2
14520,3,GCF_900458255.1,Staphylococcus cohnii,Staphylococcus,Staphylococcaceae,37.0,,,aerobe,53,CORYNEBACTERIUM AGAR,1
14522,3,GCA_009873455,Staphylococcus epidermidis,Staphylococcus,Staphylococcaceae,37.0,,,facultative anaerobe,693|92,COLUMBIA BLOOD MEDIUM|TRYPTICASE SOY YEAST EXTRACT MEDIUM,2
14545,3,GCA_019048025,Staphylococcus haemolyticus,Staphylococcus,Staphylococcaceae,37.0,,,,53,CORYNEBACTERIUM AGAR,1
14554,3,GCA_000816085,Staphylococcus hyicus subsp. hyicus,Staphylococcus,Staphylococcaceae,37.0,,,,693|92,COLUMBIA BLOOD MEDIUM|TRYPTICASE SOY YEAST EXTRACT MEDIUM,2
14572,3,GCA_900474685,Staphylococcus simulans,Staphylococcus,Staphylococcaceae,37.0,,,aerobe,693|92,COLUMBIA BLOOD MEDIUM|TRYPTICASE SOY YEAST EXTRACT MEDIUM,2
14587,3,GCA_900636385,Staphylococcus warneri,Staphylococcus,Staphylococcaceae,37.0,,,aerobe,693|92,COLUMBIA BLOOD MEDIUM|TRYPTICASE SOY YEAST EXTRACT MEDIUM,2
14599,3,GCA_900240095,Staphylococcus xylosus,Staphylococcus,Staphylococcaceae,37.0,,,aerobe,693|92,COLUMBIA BLOOD MEDIUM|TRYPTICASE SOY YEAST EXTRACT MEDIUM,2
14601,3,GCA_002901995,Staphylococcus coagulans,Staphylococcus,Staphylococcaceae,37.0,,,aerobe,92,TRYPTICASE SOY YEAST EXTRACT MEDIUM,1
14602,3,GCA_002901925,Staphylococcus capitis subsp. urealyticus,Staphylococcus,Staphylococcaceae,37.0,,,aerobe,693|92,COLUMBIA BLOOD MEDIUM|TRYPTICASE SOY YEAST EXTRACT MEDIUM,2
14615,3,GCF_002101335.1,Staphylococcus lutrae,Staphylococcus,Staphylococcaceae,37.0,,,,92,TRYPTICASE SOY YEAST EXTRACT MEDIUM,1
14622,3,GCF_000010125.1,Staphylococcus saprophyticus subsp. saprophyticus,Staphylococcus,Staphylococcaceae,37.0,,,,92,TRYPTICASE SOY YEAST EXTRACT MEDIUM,1
14634,3,GCA_002902605,Staphylococcus carnosus,Staphylococcus,Staphylococcaceae,31.75,,,facultative anaerobe,92,TRYPTICASE SOY YEAST EXTRACT MEDIUM,1
14651,3,GCA_002901955,Staphylococcus equorum,Staphylococcus,Staphylococcaceae,30.0,,,aerobe,693|92,COLUMBIA BLOOD MEDIUM|TRYPTICASE SOY YEAST EXTRACT MEDIUM,2
14656,3,GCA_042660245,Mammaliicoccus sciuri,Mammaliicoccus,Staphylococcaceae,37.0,,,aerobe,693|92,COLUMBIA BLOOD MEDIUM|TRYPTICASE SOY YEAST EXTRACT MEDIUM,2
14657,3,GCA_002902465,Staphylococcus hominis subsp. novobiosepticus,Staphylococcus,Staphylococcaceae,30.75,,,aerobe,693|92,COLUMBIA BLOOD MEDIUM|TRYPTICASE SOY YEAST EXTRACT MEDIUM,2
14659,3,GCA_016766795,Mammaliicoccus vitulinus,Mammaliicoccus,Staphylococcaceae,37.0,,,,92,TRYPTICASE SOY YEAST EXTRACT MEDIUM,1
14662,3,GCA_003970515,Staphylococcus equorum,Staphylococcus,Staphylococcaceae,37.0,,,obligate aerobe,693|92,COLUMBIA BLOOD MEDIUM|TRYPTICASE SOY YEAST EXTRACT MEDIUM,2
14668,3,GCF_900187055.1,Staphylococcus simiae,Staphylococcus,Staphylococcaceae,37.0,,,aerobe,92,TRYPTICASE SOY YEAST EXTRACT MEDIUM,1
14670,3,GCA_001792775,Staphylococcus pseudintermedius,Staphylococcus,Staphylococcaceae,33.5,,,aerobe,693|92,COLUMBIA BLOOD MEDIUM|TRYPTICASE SOY YEAST EXTRACT MEDIUM,2
14674,3,GCA_002902145,Staphylococcus rostri,Staphylococcus,Staphylococcaceae,37.0,,,facultative anaerobe,693|92,COLUMBIA BLOOD MEDIUM|TRYPTICASE SOY YEAST EXTRACT MEDIUM,2
14677,3,GCA_002901865,Staphylococcus agnetis,Staphylococcus,Staphylococcaceae,30.0,8.0,,facultative anaerobe,693|92,COLUMBIA BLOOD MEDIUM|TRYPTICASE SOY YEAST EXTRACT MEDIUM,2
14678,3,GCF_011466855.1,Staphylococcus agnetis,Staphylococcus,Staphylococcaceae,37.0,,,,693|92,COLUMBIA BLOOD MEDIUM|TRYPTICASE SOY YEAST EXTRACT MEDIUM,2
16507,3,GCA_001570605,Herbidospora cretacea,Herbidospora,Streptosporangiaceae,28.0,,,,65|84,GYM STREPTOMYCES MEDIUM|ROLLED OATS MINERAL MEDIUM,2
16508,3,GCF_001570605.1,Herbidospora cretacea,Herbidospora,Streptosporangiaceae,28.0,,,,65|84,GYM STREPTOMYCES MEDIUM|ROLLED OATS MINERAL MEDIUM,2
16510,3,GCA_001570525,Herbidospora sakaeratensis,Herbidospora,Streptosporangiaceae,28.0,,0.0,,553|65|84,GPHF-MEDIUM|GYM STREPTOMYCES MEDIUM|ROLLED OATS MINERAL MEDIUM,3
16512,3,GCA_014647835,Microbispora rosea subsp. aerata,Microbispora,Streptosporangiaceae,37.0,,,,65|84|pdf,GYM STREPTOMYCES MEDIUM|ROLLED OATS MINERAL MEDIUM|,3
16517,3,GCA_000718465,Microbispora rosea subsp. rosea,Microbispora,Streptosporangiaceae,28.0,,,,553,GPHF-MEDIUM,1
16529,3,GCA_016863035,Microbispora corallina,Microbispora,Streptosporangiaceae,28.0,,,,252|554,STARCH - MINERAL SALT - AGAR (STMS)|N-Z-AMINE-MEDIUM,2
16530,3,GCA_006874475,Microbispora hainanensis,Microbispora,Streptosporangiaceae,28.0,,,aerobe,553|84|987,GPHF-MEDIUM|ROLLED OATS MINERAL MEDIUM|ISP 2 MEDIUM,3
16533,3,GCA_001570365,Microtetraspora fusca,Microtetraspora,Streptosporangiaceae,28.0,,2.5,,553|65,GPHF-MEDIUM|GYM STREPTOMYCES MEDIUM,2
16538,3,GCA_039535785,Nonomuraea helvata,Nonomuraea,Streptosporangiaceae,28.0,,1.25,,554|65|83,N-Z-AMINE-MEDIUM|GYM STREPTOMYCES MEDIUM|CZAPEK PEPTONE AGAR,3
16544,3,GCA_014207985,Nonomuraea rubra,Nonomuraea,Streptosporangiaceae,30.0,,2.5,obligate aerobe,65|84,GYM STREPTOMYCES MEDIUM|ROLLED OATS MINERAL MEDIUM,2
16546,3,GCA_014648435,Nonomuraea spiralis,Nonomuraea,Streptosporangiaceae,30.0,,1.25,obligate aerobe,65,GYM STREPTOMYCES MEDIUM,1
16549,3,GCA_004011505,Nonomuraea polychroma,Nonomuraea,Streptosporangiaceae,28.0,,2.5,,553|65,GPHF-MEDIUM|GYM STREPTOMYCES MEDIUM,2
16556,3,GCA_900108335,Nonomuraea solani,Nonomuraea,Streptosporangiaceae,28.0,7.0,,aerobe,553|65|83|84,GPHF-MEDIUM|GYM STREPTOMYCES MEDIUM|CZAPEK PEPTONE AGAR|ROLLED OATS MINERAL MEDIUM,4
16557,3,GCA_039532505,Nonomuraea roseoviolacea subsp. roseoviolacea,Nonomuraea,Streptosporangiaceae,37.0,,1.25,,65|83,GYM STREPTOMYCES MEDIUM|CZAPEK PEPTONE AGAR,2
16558,3,GCA_014195505,Nonomuraea dietziae,Nonomuraea,Streptosporangiaceae,30.0,,2.5,,554|65,N-Z-AMINE-MEDIUM|GYM STREPTOMYCES MEDIUM,2
16563,3,GCA_039529455,Nonomuraea bangladeshensis,Nonomuraea,Streptosporangiaceae,29.0,7.0,2.5,aerobe,535|65|84,TRYPTICASE SOY BROTH AGAR|GYM STREPTOMYCES MEDIUM|ROLLED OATS MINERAL MEDIUM,3
16566,3,GCA_039536965,Nonomuraea antimicrobica,Nonomuraea,Streptosporangiaceae,28.0,7.0,,aerobe,553|65|987,GPHF-MEDIUM|GYM STREPTOMYCES MEDIUM|ISP 2 MEDIUM,3
16568,3,GCA_014203235,Nonomuraea endophytica,Nonomuraea,Streptosporangiaceae,28.0,,,,553|65,GPHF-MEDIUM|GYM STREPTOMYCES MEDIUM,2
16572,3,GCA_013761175,Nonomuraea soli,Nonomuraea,Streptosporangiaceae,28.0,7.0,0.0,,553|65|84,GPHF-MEDIUM|GYM STREPTOMYCES MEDIUM|ROLLED OATS MINERAL MEDIUM,3
16581,3,GCA_016863275,Planotetraspora mira,Planotetraspora,Streptosporangiaceae,28.0,,2.5,,554|65,N-Z-AMINE-MEDIUM|GYM STREPTOMYCES MEDIUM,2
16583,3,GCA_016863335,Planotetraspora thailandica,Planotetraspora,Streptosporangiaceae,27.5,,,aerobe,553|554|65,GPHF-MEDIUM|N-Z-AMINE-MEDIUM|GYM STREPTOMYCES MEDIUM,3
16585,3,GCA_016863295,Planotetraspora phitsanulokensis,Planotetraspora,Streptosporangiaceae,27.5,7.0,10.0,aerobe,553|554,GPHF-MEDIUM|N-Z-AMINE-MEDIUM,2
16590,3,GCF_000024865.1,Streptosporangium roseum,Streptosporangium,Streptosporangiaceae,28.0,,,,65|84,GYM STREPTOMYCES MEDIUM|ROLLED OATS MINERAL MEDIUM,2
16599,3,GCA_039535275,Streptosporangium vulgare,Streptosporangium,Streptosporangiaceae,30.0,,2.5,,65,GYM STREPTOMYCES MEDIUM,1
16609,3,GCA_000721075,Streptosporangium amethystogenes subsp. amethystogenes,Streptosporangium,Streptosporangiaceae,30.0,,2.5,,83,CZAPEK PEPTONE AGAR,1
16616,3,GCA_039524215,Streptosporangium amethystogenes subsp. fukuiense,Streptosporangium,Streptosporangiaceae,28.0,,,obligate aerobe,553|554|65|84,GPHF-MEDIUM|N-Z-AMINE-MEDIUM|GYM STREPTOMYCES MEDIUM|ROLLED OATS MINERAL MEDIUM,4
16618,3,GCA_900113865,Streptosporangium canum,Streptosporangium,Streptosporangiaceae,28.0,7.2,,,65|84,GYM STREPTOMYCES MEDIUM|ROLLED OATS MINERAL MEDIUM,2
16622,3,GCF_049674955.1,Sphaerisporangium viridialbum,Sphaerisporangium,Streptosporangiaceae,28.0,,,,84,ROLLED OATS MINERAL MEDIUM,1
16628,3,GCA_016863355,Sphaerisporangium krabiense,Sphaerisporangium,Streptosporangiaceae,28.0,,,,65|84,GYM STREPTOMYCES MEDIUM|ROLLED OATS MINERAL MEDIUM,2
16629,3,GCA_016863415,Sphaerisporangium siamense,Sphaerisporangium,Streptosporangiaceae,28.0,,,,252|65|84,STARCH - MINERAL SALT - AGAR (STMS)|GYM STREPTOMYCES MEDIUM|ROLLED OATS MINERAL MEDIUM,3
16632,3,GCA_014202315,Thermocatellispora tengchongensis,Thermocatellispora,Streptosporangiaceae,47.5,7.0,,aerobe,553|65|84,GPHF-MEDIUM|GYM STREPTOMYCES MEDIUM|ROLLED OATS MINERAL MEDIUM,3
16644,3,GCA_003201765,Acidianus sulfidivorans,Acidianus,Sulfolobaceae,70.0,,,,,,0
16646,3,GCA_003201675,Metallosphaera hakonensis,Metallosphaera,Sulfolobaceae,67.5,,,,,,0
16666,3,GCA_000266945,Desulfomonile tiedjei,Desulfomonile,Desulfomonilaceae,37.0,,,anaerobe,,,0
16684,3,GCF_000014725.1,Syntrophomonas wolfei subsp. wolfei,Syntrophomonas,Syntrophomonadaceae,35.0,,,anaerobe,,,0
16686,3,GCF_052976825.1,Syntrophomonas curvata,Syntrophomonas,Syntrophomonadaceae,36.0,7.5,0.25,anaerobe,,,0
16688,3,GCA_001311885,Syntrophomonas palmitatica,Syntrophomonas,Syntrophomonadaceae,37.0,7.0,,anaerobe,,,0
16812,3,GCA_001267435,Moorella thermoacetica,Moorella,Clostridiaceae,55.0,,,anaerobe,,,0
17037,3,GCF_013177925.1,Fervidobacterium sp.,Fervidobacterium,Fervidobacteriaceae,65.0,,,anaerobe,,,0
17052,3,GCA_003351105,Thermosipho africanus,Thermosipho,Fervidobacteriaceae,75.0,,,anaerobe,,,0
17055,3,GCA_000016905,Thermosipho melanesiensis,Thermosipho,Fervidobacteriaceae,70.0,,,anaerobe,,,0
17057,3,GCA_900129985,Thermosipho atlanticus,Thermosipho,Fervidobacteriaceae,60.0,6.0,3.0,anaerobe,,,0
17121,3,GCF_003570845.1,Dialister pneumosintes,Dialister,Veillonellaceae,37.0,,,anaerobe,110,CHOPPED MEAT MEDIUM WITH CARBOHYDRATES,1
17123,3,GCA_000194985,Dialister micraerophilus,Dialister,Veillonellaceae,37.0,,,anaerobe,693,COLUMBIA BLOOD MEDIUM,1
17131,3,GCA_900103535,Megasphaera paucivorans,Megasphaera,Veillonellaceae,30.0,7.0,,anaerobe,,,0
17175,3,GCA_003992115,Veillonella ratti,Veillonella,Veillonellaceae,37.0,,,anaerobe,,,0
17176,3,GCA_900187285,Veillonella rodentium,Veillonella,Veillonellaceae,37.0,,,anaerobe,,,0
17180,3,GCF_002959855.1,Veillonella denticariosi,Veillonella,Veillonellaceae,37.0,,,anaerobe,693,COLUMBIA BLOOD MEDIUM,1
17217,3,GCA_001559595,Enterovibrio coralii,Enterovibrio,Vibrionaceae,25.0,,4.0,,514,BACTO MARINE BROTH (DIFCO 2216),1
17218,3,GCA_900167155,Enterovibrio nigricans,Enterovibrio,Vibrionaceae,21.5,,3.45,facultative anaerobe,,,0
17221,3,GCA_000949955,Photobacterium phosphoreum,Photobacterium,Vibrionaceae,19.5,,,facultative anaerobe,,,0
17222,3,GCA_003026215,Photobacterium indicum,Photobacterium,Vibrionaceae,25.0,,,,514,BACTO MARINE BROTH (DIFCO 2216),1
17229,3,GCF_056234105.1,Photobacterium damselae subsp. piscicida,Photobacterium,Vibrionaceae,23.5,,,facultative anaerobe,215|514,BHI MEDIUM|BACTO MARINE BROTH (DIFCO 2216),2
17230,3,GCF_000153425.1,Photobacterium profundum,Photobacterium,Vibrionaceae,10.0,,,facultative anaerobe,514,BACTO MARINE BROTH (DIFCO 2216),1
17235,3,GCA_003025975,Photobacterium kishitanii,Photobacterium,Vibrionaceae,22.0,,,,,,0
17242,3,GCA_001996225,Salinivibrio costicola subsp. vallismortis,Salinivibrio,Vibrionaceae,25.0,,,facultative anaerobe,,,0
17250,3,GCF_000011805.1,Aliivibrio fischeri,Aliivibrio,Vibrionaceae,22.0,,,facultative anaerobe,514|pdf,BACTO MARINE BROTH (DIFCO 2216)|,2
17252,3,GCF_000196495.1,Aliivibrio salmonicida,Aliivibrio,Vibrionaceae,15.0,,,,,,0
17255,3,GCA_002954715,Aliivibrio sifiae,Aliivibrio,Vibrionaceae,20.0,,,aerobe,514,BACTO MARINE BROTH (DIFCO 2216),1
17256,3,GCA_000354175,Vibrio alginolyticus,Vibrio,Vibrionaceae,29.0,,,facultative anaerobe,514|693,BACTO MARINE BROTH (DIFCO 2216)|COLUMBIA BLOOD MEDIUM,2
17263,3,GCA_001263135,Vibrio harveyi,Vibrio,Vibrionaceae,26.0,,3.0,facultative anaerobe,,,0
17264,3,GCA_001525585,Vibrio harveyi,Vibrio,Vibrionaceae,30.0,,,aerobe,514,BACTO MARINE BROTH (DIFCO 2216),1
17268,3,GCA_900460415,Vibrio parahaemolyticus,Vibrio,Vibrionaceae,28.0,,,,535,TRYPTICASE SOY BROTH AGAR,1
17273,3,GCF_042430465.1,Vibrio sinaloensis,Vibrio,Vibrionaceae,30.0,,,,514,BACTO MARINE BROTH (DIFCO 2216),1
17274,3,GCA_030409975,Vibrio sinaloensis,Vibrio,Vibrionaceae,37.0,7.0,,,,,0
17281,3,GCA_025996475,Vibrio agarivorans,Vibrio,Vibrionaceae,29.5,,,aerobe,514,BACTO MARINE BROTH (DIFCO 2216),1
17282,3,GCA_030409755,Vibrio lentus,Vibrio,Vibrionaceae,25.0,,,,,,0
17283,3,GCF_029910115.1,Vibrio lentus,Vibrio,Vibrionaceae,28.0,,,,514,BACTO MARINE BROTH (DIFCO 2216),1
17288,3,GCA_900460225,Vibrio furnissii,Vibrio,Vibrionaceae,28.0,,,facultative anaerobe,514|693|92,BACTO MARINE BROTH (DIFCO 2216)|COLUMBIA BLOOD MEDIUM|TRYPTICASE SOY YEAST EXTRACT MEDIUM,3
17291,3,GCA_024346755,Vibrio aerogenes,Vibrio,Vibrionaceae,26.0,,,aerobe,,,0
17293,3,GCA_900163965,Vibrio ruber,Vibrio,Vibrionaceae,27.0,,,facultative anaerobe,514,BACTO MARINE BROTH (DIFCO 2216),1
17297,3,GCA_007990955,Vibrio superstes,Vibrio,Vibrionaceae,25.0,,,aerobe,514,BACTO MARINE BROTH (DIFCO 2216),1
17299,3,GCA_024346875,Vibrio gallicus,Vibrio,Vibrionaceae,22.5,,,aerobe,514,BACTO MARINE BROTH (DIFCO 2216),1
17302,3,GCA_008801285,Vibrio kanaloae,Vibrio,Vibrionaceae,26.5,,,aerobe,514,BACTO MARINE BROTH (DIFCO 2216),1
17313,3,GCA_024347515,Vibrio gigantis,Vibrio,Vibrionaceae,4.0,,4.0,facultative anaerobe,514,BACTO MARINE BROTH (DIFCO 2216),1
17318,3,GCA_012395185,Vibrio aestuarianus,Vibrio,Vibrionaceae,25.5,,,,514,BACTO MARINE BROTH (DIFCO 2216),1
17319,3,GCA_000017705,Vibrio campbellii,Vibrio,Vibrionaceae,26.0,,,facultative anaerobe,514,BACTO MARINE BROTH (DIFCO 2216),1
17320,3,GCA_900460255,Vibrio cincinnatiensis,Vibrio,Vibrionaceae,30.0,,,facultative anaerobe,514|535|693,BACTO MARINE BROTH (DIFCO 2216)|TRYPTICASE SOY BROTH AGAR|COLUMBIA BLOOD MEDIUM,3
17321,3,GCA_001558415,Vibrio fluvialis,Vibrio,Vibrionaceae,29.0,,,facultative anaerobe,514|693|92,BACTO MARINE BROTH (DIFCO 2216)|COLUMBIA BLOOD MEDIUM|TRYPTICASE SOY YEAST EXTRACT MEDIUM,3
17323,3,GCA_000176155,Vibrio metschnikovii,Vibrio,Vibrionaceae,28.0,,,facultative anaerobe,514|693,BACTO MARINE BROTH (DIFCO 2216)|COLUMBIA BLOOD MEDIUM,2
17324,3,GCA_900460385,Vibrio mimicus,Vibrio,Vibrionaceae,28.0,,,aerobe,514|693,BACTO MARINE BROTH (DIFCO 2216)|COLUMBIA BLOOD MEDIUM,2
17326,3,GCA_000222685,Vibrio nigripulchritudo,Vibrio,Vibrionaceae,28.0,,,,514,BACTO MARINE BROTH (DIFCO 2216),1
17327,3,GCA_000257205,Vibrio ordalii,Vibrio,Vibrionaceae,27.0,,,aerobe,,,0
17330,3,GCA_000772105,Vibrio tubiashii,Vibrio,Vibrionaceae,25.5,,,aerobe,514,BACTO MARINE BROTH (DIFCO 2216),1
17335,3,GCA_002218045,Vibrio rumoiensis,Vibrio,Vibrionaceae,29.0,,,obligate aerobe,514,BACTO MARINE BROTH (DIFCO 2216),1
17336,3,GCA_037162445,Vibrio coralliilyticus,Vibrio,Vibrionaceae,26.5,,,,,,0
17338,3,GCA_001274785,Vibrio hepatarius,Vibrio,Vibrionaceae,26.5,,,aerobe,514,BACTO MARINE BROTH (DIFCO 2216),1
17339,3,GCA_000711795,Vibrio pacinii,Vibrio,Vibrionaceae,28.0,,,facultative anaerobe,,,0
17347,3,GCA_005281825,Vibrio gallaecicus,Vibrio,Vibrionaceae,28.0,,,,,,0
17348,3,GCA_030410025,Vibrio breoganii,Vibrio,Vibrionaceae,18.5,,3.75,facultative anaerobe,,,0
17351,3,GCA_000400325,Vibrio owensii,Vibrio,Vibrionaceae,26.0,,3.75,,514,BACTO MARINE BROTH (DIFCO 2216),1
17352,3,GCF_921292975.1,Vibrio hippocampi,Vibrio,Vibrionaceae,28.0,,,,514,BACTO MARINE BROTH (DIFCO 2216),1
17353,3,GCA_002218025,Vibrio casei,Vibrio,Vibrionaceae,30.0,7.25,,facultative anaerobe,514,BACTO MARINE BROTH (DIFCO 2216),1
17356,3,GCA_900089965,Vibrio celticus,Vibrio,Vibrionaceae,28.0,,,,514,BACTO MARINE BROTH (DIFCO 2216),1
17357,3,GCF_007990935.1,Vibrio sagamiensis,Vibrio,Vibrionaceae,25.0,,,,,,0
17359,3,GCF_921293875.1,Vibrio stylophorae,Vibrio,Vibrionaceae,28.0,,,,514,BACTO MARINE BROTH (DIFCO 2216),1
17361,3,GCA_900089855,Vibrio atlanticus,Vibrio,Vibrionaceae,25.0,,,,514,BACTO MARINE BROTH (DIFCO 2216),1
17363,3,GCA_003263785,Vibrio variabilis,Vibrio,Vibrionaceae,28.0,,,,,,0
17367,3,GCA_000165125,Vibrio caribbeanicus,Vibrio,Vibrionaceae,28.0,7.0,1.5,facultative anaerobe,514,BACTO MARINE BROTH (DIFCO 2216),1
17368,3,GCA_900100015,Vibrio xiamenensis,Vibrio,Vibrionaceae,33.5,7.25,3.0,facultative aerobe,,,0
17452,3,GCA_039523175,Dokdonella soli,Dokdonella,Rhodanobacteraceae,30.0,6.5,,aerobe,830,R2A MEDIUM,1
17458,3,GCA_004322705,Dyella terrae,Dyella,Rhodanobacteraceae,29.0,6.5,0.5,aerobe,1,NUTRIENT AGAR,1
17462,3,GCA_003148905,Fulvimonas soli,Fulvimonas,Rhodanobacteraceae,28.0,,,,,,0
17463,3,GCA_001887595,Luteibacter rhizovicinus,Luteibacter,Rhodanobacteraceae,17.5,7.5,1.5,aerobe,1,NUTRIENT AGAR,1
17516,3,GCA_042657065,Rhodanobacter ginsengisoli,Rhodanobacter,Rhodanobacteraceae,28.0,7.0,,aerobe,,,0
17521,3,GCA_042654965,Rhodanobacter umsongensis,Rhodanobacter,Rhodanobacteraceae,28.0,,,,830,R2A MEDIUM,1
17524,3,GCA_014651895,Rhodanobacter panaciterrae,Rhodanobacter,Rhodanobacteraceae,29.0,,,aerobe,,,0
17625,3,GCA_004343305,Pseudofulvimonas gallinarii,Pseudofulvimonas,Rhodanobacteraceae,37.0,,,aerobe,,,0
17637,3,GCA_015356825,Catenulispora rubra,Catenulispora,Catenulisporaceae,25.0,5.0,,aerobe,,,0
17639,3,GCA_039531695,Catenulispora yoronensis,Catenulispora,Catenulisporaceae,27.5,6.5,,aerobe,65|84,GYM STREPTOMYCES MEDIUM|ROLLED OATS MINERAL MEDIUM,2
17658,3,GCA_000271305,Hydrocarboniphaga effusa,Hydrocarboniphaga,Nevskiaceae,28.0,,,aerobe,381,LB (Luria-Bertani) MEDIUM,1
17661,3,GCA_000711955,Nevskia soli,Nevskia,Nevskiaceae,26.5,6.5,,aerobe,,,0
17665,3,GCA_002215215,Granulosicoccus antarcticus,Granulosicoccus,Granulosicoccaceae,20.0,,,,514,BACTO MARINE BROTH (DIFCO 2216),1
17779,3,GCA_000160455,Acetomicrobium hydrogeniformans,Acetomicrobium,Synergistaceae,55.0,7.0,10.0,anaerobe,,,0
17827,3,GCA_003315195,Sutterella wadsworthensis,Sutterella,Sutterellaceae,37.0,,,anaerobe,,,0
17847,3,GCF_055387065.1,Thioprofundum lithotrophicum,Thioprofundum,Thioprofundaceae,50.0,,,microaerophile,,,0
17885,3,GCA_000737325,Sandaracinus amylolyticus,Sandaracinus,Sandaracinaceae,30.0,7.0,,aerobe,,,0
17889,3,GCA_900100605,Sinosporangium album,Sinosporangium,Streptosporangiaceae,29.0,7.25,1.0,aerobe,553|65,GPHF-MEDIUM|GYM STREPTOMYCES MEDIUM,2
17911,3,GCA_003932505,Thiohalobacter thiocyanaticus,Thiohalobacter,Thiohalobacteraceae,32.0,7.4,2.9,aerobe,,,0
17960,3,GCA_900103005,Acidaminobacter hydrogenoformans,Acidaminobacter,Clostridiaceae,30.0,,,anaerobe,,,0
17972,3,GCA_000163295,Anaerococcus vaginalis,Anaerococcus,Peptoniphilaceae,37.0,,,anaerobe,104,PYG MEDIUM (modified),1
17973,3,GCA_000307225,Anaerococcus vaginalis,Anaerococcus,Peptoniphilaceae,37.0,,,anaerobe,104,PYG MEDIUM (modified),1
17985,3,GCA_020736065,Finegoldia magna,Finegoldia,Peptoniphilaceae,37.0,,,anaerobe,104|693,PYG MEDIUM (modified)|COLUMBIA BLOOD MEDIUM,2
18003,3,GCA_040545475,Peptoniphilus olsenii,Peptoniphilus,Peptoniphilaceae,37.0,,,anaerobe,104|693,PYG MEDIUM (modified)|COLUMBIA BLOOD MEDIUM,2
18004,3,GCA_016908115,Peptoniphilus gorbachii,Peptoniphilus,Peptoniphilaceae,37.0,,,anaerobe,104|693,PYG MEDIUM (modified)|COLUMBIA BLOOD MEDIUM,2
18017,3,GCA_005046945,Tissierella creatinini,Tissierella,Tissierellaceae,37.0,,,anaerobe,,,0
18019,3,GCA_900460335,Tissierella praeacuta,Tissierella,Tissierellaceae,37.0,,,anaerobe,110,CHOPPED MEAT MEDIUM WITH CARBOHYDRATES,1
18068,3,GCA_014131715,Blautia producta,Blautia,Lachnospiraceae,37.0,,,anaerobe,104|78,PYG MEDIUM (modified)|CHOPPED MEAT MEDIUM,2
18070,3,GCF_010669205.1,Blautia producta,Blautia,Lachnospiraceae,37.0,,,anaerobe,110,CHOPPED MEAT MEDIUM WITH CARBOHYDRATES,1
18071,3,GCA_002222595,Blautia hansenii,Blautia,Lachnospiraceae,37.0,,,anaerobe,104,PYG MEDIUM (modified),1
18074,3,GCA_009707925,Blautia luti,Blautia,Lachnospiraceae,37.0,,,anaerobe,104,PYG MEDIUM (modified),1
18076,3,GCF_054657835.1,Blautia glucerasea,Blautia,Lachnospiraceae,37.0,,,anaerobe,104b,PY + X MEDIUM,1
18081,3,GCA_010508875,Flavonifractor plautii,Flavonifractor,Fusobacteriaceae,37.0,,,anaerobe,104|110|693,PYG MEDIUM (modified)|CHOPPED MEAT MEDIUM WITH CARBOHYDRATES|COLUMBIA BLOOD MEDIUM,3
18095,3,GCF_000008665.1,Archaeoglobus fulgidus,Archaeoglobus,Archaeoglobaceae,78.0,,,anaerobe,,,0
18096,3,GCA_000008665,Archaeoglobus fulgidus,Archaeoglobus,Archaeoglobaceae,82.5,,,anaerobe,,,0
18097,3,GCA_000025285,Archaeoglobus profundus,Archaeoglobus,Archaeoglobaceae,82.5,,,anaerobe,,,0
18098,3,GCA_000194625,Archaeoglobus veneficus,Archaeoglobus,Archaeoglobaceae,75.0,,,anaerobe,,,0
18101,3,GCA_000025505,Ferroglobus placidus,Ferroglobus,Archaeoglobaceae,85.0,,,anaerobe,,,0
18102,3,GCA_015163485,Geoglobus acetivorans,Geoglobus,Archaeoglobaceae,80.0,,,anaerobe,,,0
18153,3,GCA_000382285,Solimonas variicoloris,Solimonas,Nevskiaceae,30.0,7.0,,aerobe,220,CASO AGAR (Merck 105458),1
18155,3,GCA_000474945,Solimonas soli,Solimonas,Nevskiaceae,30.0,7.0,,aerobe,830,R2A MEDIUM,1
21078,3,GCA_004135755,Sorangium sp.,Sorangium,Polyangiaceae,28.0,,,,9,VY/2 AGAR,1
22940,3,GCA_014199265,Brucella daejeonensis,Brucella,Brucellaceae,30.0,,,,220|535,CASO AGAR (Merck 105458)|TRYPTICASE SOY BROTH AGAR,2
22941,3,GCA_014205685,Paenochrobactrum gallinarii,Paenochrobactrum,Brucellaceae,28.0,,,aerobe,220,CASO AGAR (Merck 105458),1
22962,3,GCA_900167605,Caloramator quimbayensis,Caloramator,Clostridiaceae,50.0,7.0,,anaerobe,,,0
22970,3,GCA_016767175,Keratinibaculum paraultunense,Keratinibaculum,Tissierellaceae,55.0,,,anaerobe,104b,PY + X MEDIUM,1
22994,3,GCA_042653165,Dietzia aurantiaca,Dietzia,Dietziaceae,30.0,7.5,,aerobe,65,GYM STREPTOMYCES MEDIUM,1
22999,3,GCF_023023125.1,Enterobacter kobei,Enterobacter,Enterobacteriaceae,33.5,,,,535,TRYPTICASE SOY BROTH AGAR,1
23012,3,GCA_039539505,Gibbsiella dentisursi,Gibbsiella,Enterobacteriaceae,32.5,,,,215,BHI MEDIUM,1
23032,3,GCA_900188205,Geodermatophilus saharensis,Geodermatophilus,Geodermatophilaceae,28.0,,,aerobe,65|830,GYM STREPTOMYCES MEDIUM|R2A MEDIUM,2
23033,3,GCA_900103975,Klenkia soli,Klenkia,Geodermatophilaceae,30.0,7.0,,aerobe,65|830,GYM STREPTOMYCES MEDIUM|R2A MEDIUM,2
23071,3,GCA_013408925,Pedococcus badiiscoriae,Pedococcus,Intrasporangiaceae,30.0,8.6,,aerobe,65,GYM STREPTOMYCES MEDIUM,1
23078,3,GCA_003534205,Listeria weihenstephanensis,Listeria,Listeriaceae,31.0,7.5,,anaerobe,215|693,BHI MEDIUM|COLUMBIA BLOOD MEDIUM,2
23082,3,GCA_023167465,Methanothermobacter tenebrarum,Methanothermobacter,Methanobacteriaceae,70.0,7.3,,anaerobe,,,0
23092,3,GCA_007992195,Methylobacterium oxalidis,Methylobacterium,Methylobacteriaceae,29.75,,,aerobe,830,R2A MEDIUM,1
23163,3,GCF_054781295.1,Kribbella endophytica,Kribbella,Kribbellaceae,28.0,7.5,1.0,aerobe,53|65|830,CORYNEBACTERIUM AGAR|GYM STREPTOMYCES MEDIUM|R2A MEDIUM,3
23296,3,GCA_016127335,Staphylococcus pseudintermedius,Staphylococcus,Staphylococcaceae,37.0,,,,693|92,COLUMBIA BLOOD MEDIUM|TRYPTICASE SOY YEAST EXTRACT MEDIUM,2
23320,3,GCA_016863095,Microbispora siamensis,Microbispora,Streptosporangiaceae,28.0,,,aerobe,553|65,GPHF-MEDIUM|GYM STREPTOMYCES MEDIUM,2
23322,3,GCA_039531895,Nonomuraea monospora,Nonomuraea,Streptosporangiaceae,28.0,,0.0,,553|65,GPHF-MEDIUM|GYM STREPTOMYCES MEDIUM,2
23341,3,GCA_000400365,Vibrio jasicida,Vibrio,Vibrionaceae,31.0,7.5,4.0,facultative anaerobe,,,0
23346,3,GCA_004363655,Tahibacter aquaticus,Tahibacter,Rhodanobacteraceae,28.0,,,,830,R2A MEDIUM,1
23452,3,GCA_000311865,Peptoniphilus obesi,Peptoniphilus,Peptoniphilaceae,37.0,,,obligate anaerobe,693,COLUMBIA BLOOD MEDIUM,1
23576,3,GCA_002869505,Halioglobus japonicus,Halioglobus,Halieaceae,22.5,7.5,2.0,aerobe,,,0
23779,3,GCA_000196435,Bartonella tribocorum,Bartonella,Bartonellaceae,37.0,,,,,,0
23780,3,GCA_902825115,Bartonella vinsonii subsp. arupensis,Bartonella,Bartonellaceae,37.0,,,microaerophile,,,0
23784,3,GCA_039543065,Bartonella pachyuromydis,Bartonella,Bartonellaceae,35.0,,,aerobe,,,0
23785,3,GCA_000312525,Bartonella florencae,Bartonella,Bartonellaceae,37.0,,,microaerophile,693,COLUMBIA BLOOD MEDIUM,1
23810,3,GCA_041929845,Paenochrobactrum pullorum,Paenochrobactrum,Brucellaceae,30.0,,,,535,TRYPTICASE SOY BROTH AGAR,1
23811,3,GCA_003259955,Falsochrobactrum ovis,Falsochrobactrum,Brucellaceae,30.0,,,aerobe,220,CASO AGAR (Merck 105458),1
23860,3,GCA_000577895,Clostridium bornimense,Clostridium,Clostridiaceae,36.0,,,anaerobe,104b,PY + X MEDIUM,1
23865,3,GCF_013214175.1,Colwellia sp.,Colwellia,Colwelliaceae,15.0,,,,514,BACTO MARINE BROTH (DIFCO 2216),1
23898,3,GCF_055390965.1,Desulfocurvus thunnarius,Desulfocurvus,Desulfovibrionaceae,40.0,7.1,0.2,anaerobe,,,0
23910,3,GCA_019047925,Klebsiella aerogenes,Klebsiella,Enterobacteriaceae,28.0,,,,535|693,TRYPTICASE SOY BROTH AGAR|COLUMBIA BLOOD MEDIUM,2
23933,3,GCA_000507385,Klebsiella sp.,Klebsiella,Enterobacteriaceae,28.0,,,,1,NUTRIENT AGAR,1
23945,3,GCA_900456715,Salmonella enterica subsp. enterica,Salmonella,Enterobacteriaceae,33.5,,,facultative anaerobe,1,NUTRIENT AGAR,1
23999,3,GCA_003315335,Pseudocitrobacter faecalis,Pseudocitrobacter,Enterobacteriaceae,28.0,,,,693|92,COLUMBIA BLOOD MEDIUM|TRYPTICASE SOY YEAST EXTRACT MEDIUM,2
24001,3,GCA_003987595,Vagococcus entomophilus,Vagococcus,Enterococcaceae,37.0,,,,92,TRYPTICASE SOY YEAST EXTRACT MEDIUM,1
24004,3,GCA_049384045,Enterococcus diestrammenae,Enterococcus,Enterococcaceae,33.5,8.0,,anaerobe,11,MRS MEDIUM,1
24010,3,GCA_018736045,Flammeovirga yaeyamensis,Flammeovirga,Flammeovirgaceae,27.5,,,obligate aerobe,514,BACTO MARINE BROTH (DIFCO 2216),1
24059,3,GCF_003002915.1,Geodermatophilus tzadiensis,Geodermatophilus,Geodermatophilaceae,28.0,,,,65|830,GYM STREPTOMYCES MEDIUM|R2A MEDIUM,2
24063,3,GCA_900100695,Klenkia brasiliensis,Klenkia,Geodermatophilaceae,28.0,,,,65,GYM STREPTOMYCES MEDIUM,1
24114,3,GCA_900111375,Pedococcus cremeus,Pedococcus,Intrasporangiaceae,29.0,7.5,1.0,aerobe,830|92,R2A MEDIUM|TRYPTICASE SOY YEAST EXTRACT MEDIUM,2
24152,3,GCA_003031895,Listeria monocytogenes,Listeria,Listeriaceae,33.5,,,facultative anaerobe,693|92,COLUMBIA BLOOD MEDIUM|TRYPTICASE SOY YEAST EXTRACT MEDIUM,2
24154,3,GCF_055387505.1,Methanobacterium movilense,Methanobacterium,Methanobacteriaceae,29.0,,,anaerobe,,,0
24156,3,GCA_000320505,Methanobrevibacter boviskoreani,Methanobrevibacter,Methanobacteriaceae,38.5,6.75,,anaerobe,,,0
24172,3,GCF_022179645.1,Methylobacterium thuringiense,Methylobacterium,Methylobacteriaceae,26.0,,,,1,NUTRIENT AGAR,1
24247,3,GCA_004348455,Kribbella albertanoniae,Kribbella,Kribbellaceae,28.0,7.0,2.0,,65|830,GYM STREPTOMYCES MEDIUM|R2A MEDIUM,2
24299,3,GCA_013377195,Bisgaardia hudsonensis,Bisgaardia,Pasteurellaceae,37.0,,,microaerophile,693,COLUMBIA BLOOD MEDIUM,1
24311,3,GCA_004354915,Pseudohoeflea suaedae,Pseudohoeflea,Phyllobacteriaceae,33.5,,3.5,aerobe,514,BACTO MARINE BROTH (DIFCO 2216),1
24349,3,GCF_018402495.1,Pseudoalteromonas sp.,Pseudoalteromonas,Pseudoalteromonadaceae,28.0,,,,514,BACTO MARINE BROTH (DIFCO 2216),1
24540,3,GCA_001029505,Rubrobacter aplysinae,Rubrobacter,Rubrobacteraceae,26.5,,,,514,BACTO MARINE BROTH (DIFCO 2216),1
24584,3,GCA_000011925,Staphylococcus epidermidis,Staphylococcus,Staphylococcaceae,37.0,,,facultative anaerobe,693|92,COLUMBIA BLOOD MEDIUM|TRYPTICASE SOY YEAST EXTRACT MEDIUM,2
24597,3,GCA_004745855,Staphylococcus petrasii subsp. jettensis,Staphylococcus,Staphylococcaceae,37.0,,,facultative anaerobe,693|92,COLUMBIA BLOOD MEDIUM|TRYPTICASE SOY YEAST EXTRACT MEDIUM,2
24598,3,GCA_000438455,Nosocomiicoccus massiliensis,Nosocomiicoccus,Staphylococcaceae,37.0,,,,92,TRYPTICASE SOY YEAST EXTRACT MEDIUM,1
24633,3,GCA_003001935,Nonomuraea fuscirosea,Nonomuraea,Streptosporangiaceae,28.0,,,,252|553|65|84,STARCH - MINERAL SALT - AGAR (STMS)|GPHF-MEDIUM|GYM STREPTOMYCES MEDIUM|ROLLED OATS MINERAL MEDIUM,4
24661,3,GCA_900143745,Vibrio quintilis,Vibrio,Vibrionaceae,28.0,,,,,,0
24671,3,GCA_011742555,Luteibacter jiangsuensis,Luteibacter,Rhodanobacteraceae,28.0,,,,381|535,LB (Luria-Bertani) MEDIUM|TRYPTICASE SOY BROTH AGAR,2
24710,3,GCF_045617425.1,Carnobacterium sp.,Carnobacterium,Carnobacteriaceae,20.0,,,,514,BACTO MARINE BROTH (DIFCO 2216),1
24744,3,GCA_004366815,Aminivibrio pyruvatiphilus,Aminivibrio,Synergistaceae,38.5,7.3,,anaerobe,,,0
24745,3,GCA_000702505,Thermogemmatispora carboxidivorans,Thermogemmatispora,Thermogemmatisporaceae,55.0,6.0,1.0,microaerophile,830,R2A MEDIUM,1
24763,3,GCA_003148745,Pleionea mediterranea,Pleionea,Kangiellaceae,27.5,7.0,0.75,aerobe,514,BACTO MARINE BROTH (DIFCO 2216),1
24765,3,GCA_000312025,Peptoniphilus timonensis,Peptoniphilus,Peptoniphilaceae,37.0,,,anaerobe,104,PYG MEDIUM (modified),1
24769,3,GCF_027662325.1,Blautia faecis,Blautia,Lachnospiraceae,37.0,6.2,,anaerobe,104,PYG MEDIUM (modified),1
24786,3,GCA_003610555,Marinifilum flexuosum,Marinifilum,Marinifilaceae,24.0,,,,514,BACTO MARINE BROTH (DIFCO 2216),1
24789,3,GCF_000020565.1,Candidatus Amoebophilus asiaticus,Candidatus Amoebophilus,"Bacteroidetes, not assigned to family",25.0,,,,,,0
24793,3,GCA_011067135,Solimonas terrae,Solimonas,Nevskiaceae,28.0,,,,,,0
24795,3,GCF_055390895.1,Lactivibrio alcoholicus,Lactivibrio,Synergistaceae,37.0,,,anaerobe,,,0
24800,3,GCA_014652315,Jeongeupia chitinilytica,Jeongeupia,Chromobacteriaceae,27.5,7.5,0.5,facultative anaerobe,1a,REACTIVATION WITH LIQUID MEDIUM 1,1
24804,3,GCA_000526415,Kallotenue papyrolyticum,Kallotenue,Kallotenuaceae,55.0,7.5,,aerobe,,,0
24854,3,GCA_039534345,Streptosporangium carneum,Streptosporangium,Streptosporangiaceae,28.0,,,,65|84,GYM STREPTOMYCES MEDIUM|ROLLED OATS MINERAL MEDIUM,2
24860,3,GCA_900188025,Blastococcus mobilis,Blastococcus,Geodermatophilaceae,25.0,,,,,,0
130249,3,GCA_023656515,Clostridium swellfunianum,Clostridium,Clostridiaceae,35.0,,,anaerobe,110,CHOPPED MEAT MEDIUM WITH CARBOHYDRATES,1
130286,3,GCF_055388615.1,Desulfovibrio biadhensis,Desulfovibrio,Desulfovibrionaceae,35.0,,,anaerobe,,,0
130306,3,GCA_000613225,Klebsiella quasipneumoniae subsp. similipneumoniae,Klebsiella,Enterobacteriaceae,37.0,,,aerobe,1,NUTRIENT AGAR,1
130317,3,GCA_039540155,Gibbsiella greigii,Gibbsiella,Enterobacteriaceae,28.0,,,,1,NUTRIENT AGAR,1
130318,3,GCA_000300455,Kosakonia sacchari,Kosakonia,Enterobacteriaceae,30.0,7.0,,,1,NUTRIENT AGAR,1
130360,3,GCA_024622195,Murimonas intestini,Murimonas,Lachnospiraceae,37.0,,,anaerobe,110,CHOPPED MEAT MEDIUM WITH CARBOHYDRATES,1
130388,3,GCA_000525855,Listeria cornellensis,Listeria,Listeriaceae,30.0,,,,215,BHI MEDIUM,1
130392,3,GCA_000766145,Listeria newyorkensis,Listeria,Listeriaceae,30.0,,,,215|693,BHI MEDIUM|COLUMBIA BLOOD MEDIUM,2
130519,3,GCA_003814575,Frederiksenia canicola,Frederiksenia,Pasteurellaceae,37.0,,,aerobe,215|693|92,BHI MEDIUM|COLUMBIA BLOOD MEDIUM|TRYPTICASE SOY YEAST EXTRACT MEDIUM,3
130522,3,GCA_004340985,Cricetibacter osteomyelitidis,Cricetibacter,Pasteurellaceae,37.0,,,microaerophile,693|92,COLUMBIA BLOOD MEDIUM|TRYPTICASE SOY YEAST EXTRACT MEDIUM,2
130527,3,GCA_040545535,Mesorhizobium robiniae,Mesorhizobium,Phyllobacteriaceae,27.5,7.0,5.0,aerobe,98,RHIZOBIUM MEDIUM,1
130530,3,GCA_900099905,Mesorhizobium muleiense,Mesorhizobium,Phyllobacteriaceae,28.0,7.0,,aerobe,98,RHIZOBIUM MEDIUM,1
130657,3,GCA_000751115,Thalassospira sp.,Thalassospira,Thalassospiraceae,15.0,,,,514,BACTO MARINE BROTH (DIFCO 2216),1
130738,3,GCF_000632495.1,Acidianus copahuensis,Acidianus,Sulfolobaceae,70.0,,,,,,0
130750,3,GCA_003026495,Photobacterium sanctipauli,Photobacterium,Vibrionaceae,28.0,,,,514,BACTO MARINE BROTH (DIFCO 2216),1
130768,3,GCA_002930005,Vibrio jasicida,Vibrio,Vibrionaceae,25.0,,,,514,BACTO MARINE BROTH (DIFCO 2216),1
130769,3,GCA_042428525,Vibrio olivae,Vibrio,Vibrionaceae,33.5,,,,,,0
130807,3,GCF_055390565.1,Aminobacterium thunnarium,Aminobacterium,Synergistaceae,37.0,,,anaerobe,,,0
130837,3,GCA_001263175,Vulgatibacter incomptus,Vulgatibacter,Vulgatibacteraceae,28.0,,,,9,VY/2 AGAR,1
130839,3,GCA_000474745,Chitinivibrio alkaliphilus,Chitinivibrio,Chitinivibrionaceae,30.0,,,anaerobe,,,0
130840,3,GCF_000474745.1,Chitinivibrio alkaliphilus,Chitinivibrio,Chitinivibrionaceae,37.0,,,anaerobe,,,0
130849,3,GCA_039523575,Rhodanobacter caeni,Rhodanobacter,Rhodanobacteraceae,27.5,6.5,,aerobe,535,TRYPTICASE SOY BROTH AGAR,1
130907,3,GCF_020099335.1,Citrobacter amalonaticus,Citrobacter,Enterobacteriaceae,37.0,,,,220,CASO AGAR (Merck 105458),1
130911,3,GCA_001688625,Flavonifractor plautii,Flavonifractor,Fusobacteriaceae,37.0,,,anaerobe,104|110|693,PYG MEDIUM (modified)|CHOPPED MEAT MEDIUM WITH CARBOHYDRATES|COLUMBIA BLOOD MEDIUM,3
130916,3,GCA_002221545,Enterocloster clostridioformis,Enterocloster,Lachnospiraceae,37.0,,,anaerobe,104|110,PYG MEDIUM (modified)|CHOPPED MEAT MEDIUM WITH CARBOHYDRATES,2
130917,3,GCA_024623005,Blautia pseudococcoides,Blautia,Lachnospiraceae,37.0,,,anaerobe,339|78,WILKINS-CHALGREN ANAEROBE BROTH|CHOPPED MEAT MEDIUM,2
130924,3,GCA_024622845,Clostridium perfringens,Clostridium,Clostridiaceae,37.0,,,anaerobe,339|78,WILKINS-CHALGREN ANAEROBE BROTH|CHOPPED MEAT MEDIUM,2
130925,3,GCA_900475545,Clostridium perfringens,Clostridium,Clostridiaceae,37.0,,,anaerobe,110|1203a|693,CHOPPED MEAT MEDIUM WITH CARBOHYDRATES|FASTIDIOUS ANAEROBE BROTH|COLUMBIA BLOOD MEDIUM,3
130926,3,GCA_024622785,Thomasclavelia ramosa,Thomasclavelia,Clostridiaceae,37.0,,,anaerobe,104|110|78,PYG MEDIUM (modified)|CHOPPED MEAT MEDIUM WITH CARBOHYDRATES|CHOPPED MEAT MEDIUM,3
130927,3,GCA_024622805,Thomasclavelia ramosa,Thomasclavelia,Clostridiaceae,37.0,,,anaerobe,104|78,PYG MEDIUM (modified)|CHOPPED MEAT MEDIUM,2
130939,3,GCA_001729745,Enterobacter hormaechei subsp. hoffmannii,Enterobacter,Enterobacteriaceae,37.0,,,,535|693,TRYPTICASE SOY BROTH AGAR|COLUMBIA BLOOD MEDIUM,2
130940,3,GCA_001729805,Enterobacter roggenkampii,Enterobacter,Enterobacteriaceae,37.0,,,,535|693,TRYPTICASE SOY BROTH AGAR|COLUMBIA BLOOD MEDIUM,2
130943,3,GCA_001689055,Enterococcus faecalis,Enterococcus,Enterococcaceae,30.0,,,,92,TRYPTICASE SOY YEAST EXTRACT MEDIUM,1
130954,3,GCA_003052625,Escherichia coli,Escherichia,Enterobacteriaceae,37.0,,,,381,LB (Luria-Bertani) MEDIUM,1
131028,3,GCF_000196095.1,Vibrio parahaemolyticus,Vibrio,Vibrionaceae,30.0,,,aerobe,514|693,BACTO MARINE BROTH (DIFCO 2216)|COLUMBIA BLOOD MEDIUM,2
131055,3,GCF_003601925.1,Buttiauxella izardii,Buttiauxella,Enterobacteriaceae,28.0,,,,220|535,CASO AGAR (Merck 105458)|TRYPTICASE SOY BROTH AGAR,2
131064,3,GCA_016725205,Staphylococcus pasteuri,Staphylococcus,Staphylococcaceae,28.0,,,,92,TRYPTICASE SOY YEAST EXTRACT MEDIUM,1
131070,3,GCA_014712745,Microbispora bryophytorum  subsp. camponoti,Microbispora,Streptosporangiaceae,28.0,,0.0,,554|84,N-Z-AMINE-MEDIUM|ROLLED OATS MINERAL MEDIUM,2
131083,3,GCA_018323985,Enterobacter kobei,Enterobacter,Enterobacteriaceae,37.0,,,facultative anaerobe,693|92,COLUMBIA BLOOD MEDIUM|TRYPTICASE SOY YEAST EXTRACT MEDIUM,2
131087,3,GCA_001729705,Enterobacter hormaechei subsp. oharae,Enterobacter,Enterobacteriaceae,31.75,,,aerobe,693|92,COLUMBIA BLOOD MEDIUM|TRYPTICASE SOY YEAST EXTRACT MEDIUM,2
131113,3,GCA_000773965,Enterobacter cancerogenus,Enterobacter,Enterobacteriaceae,30.0,,,,693|92,COLUMBIA BLOOD MEDIUM|TRYPTICASE SOY YEAST EXTRACT MEDIUM,2
131133,3,GCA_900445535,Bartonella doshiae,Bartonella,Bartonellaceae,37.0,,,microaerophile,,,0
131161,3,GCA_003149185,Sediminitomix flava,Sediminitomix,Flammeovirgaceae,37.5,,2.5,aerobe,514,BACTO MARINE BROTH (DIFCO 2216),1
131247,3,GCA_036492635,Aureibacter tunicatorum,Aureibacter,Persicobacteraceae,28.0,,,,514,BACTO MARINE BROTH (DIFCO 2216),1
131248,3,GCA_001424795,Aminobacter sp.,Aminobacter,Phyllobacteriaceae,28.0,,,,1|535,NUTRIENT AGAR|TRYPTICASE SOY BROTH AGAR,2
131253,3,GCF_034627025.1,Microvirga lotononidis,Microvirga,Methylobacteriaceae,41.0,7.75,0.5,aerobe,,,0
131254,3,GCF_016735695.1,Microvirga zambiensis,Microvirga,Methylobacteriaceae,35.0,7.75,0.25,aerobe,,,0
131255,3,GCF_019670485.1,Vibrio alfacsensis,Vibrio,Vibrionaceae,25.0,,,,514,BACTO MARINE BROTH (DIFCO 2216),1
131276,3,GCA_001029445,Photobacterium aquae,Photobacterium,Vibrionaceae,29.0,,,,,,0
131375,3,GCA_001855565,Chromobacterium amazonense,Chromobacterium,Chromobacteriaceae,26.5,,,,830,R2A MEDIUM,1
131404,3,GCA_000612845,Clostridium ihumii,Clostridium,Clostridiaceae,37.0,,,anaerobe,104b,PY + X MEDIUM,1
131417,3,GCF_019884785.1,Crassaminicella profunda,Crassaminicella,Clostridiaceae,30.0,,,anaerobe,,,0
131421,3,GCA_042756445,Oryzobacter terrae,Oryzobacter,Intrasporangiaceae,28.0,,,,830,R2A MEDIUM,1
131464,3,GCA_042648905,Vogesella amnigena,Vogesella,Chromobacteriaceae,28.0,,,,,,0
131488,3,GCA_019779905,Modestobacter lapidis,Modestobacter,Geodermatophilaceae,28.0,,,,553|65,GPHF-MEDIUM|GYM STREPTOMYCES MEDIUM,2
131492,3,GCA_016907675,Geodermatophilus bullaregiensis,Geodermatophilus,Geodermatophilaceae,28.0,,,,65,GYM STREPTOMYCES MEDIUM,1
131494,3,GCA_000820705,Clostridium polynesiense,Clostridium,Clostridiaceae,37.0,,,anaerobe,104c|110,PY + X MEDIUM (N2/CO2)|CHOPPED MEAT MEDIUM WITH CARBOHYDRATES,2
131529,3,GCA_004346165,Muricomes intestini,Muricomes,Lachnospiraceae,37.0,,,anaerobe,339|693,WILKINS-CHALGREN ANAEROBE BROTH|COLUMBIA BLOOD MEDIUM,2
131530,3,GCA_024622975,Blautia caecimuris,Blautia,Lachnospiraceae,37.0,,,anaerobe,78,CHOPPED MEAT MEDIUM,1
131566,3,GCA_000755365,Vibrio astriarenae,Vibrio,Vibrionaceae,26.5,,,,,,0
131710,3,GCA_900021175,Enterobacter timonensis,Enterobacter,Enterobacteriaceae,37.0,,,,1|693|92,NUTRIENT AGAR|COLUMBIA BLOOD MEDIUM|TRYPTICASE SOY YEAST EXTRACT MEDIUM,3
131711,3,GCA_000710795,Enterobacter sp.,Enterobacter,Enterobacteriaceae,28.0,,,,1,NUTRIENT AGAR,1
131729,3,GCA_000710855,Klebsiella pneumoniae,Klebsiella,Enterobacteriaceae,28.0,,,,693|92,COLUMBIA BLOOD MEDIUM|TRYPTICASE SOY YEAST EXTRACT MEDIUM,2
131740,3,GCA_900637785,Listeria monocytogenes,Listeria,Listeriaceae,30.0,,,facultative anaerobe,215|693,BHI MEDIUM|COLUMBIA BLOOD MEDIUM,2
131760,3,GCA_001422305,Methylobacterium sp.,Methylobacterium,Methylobacteriaceae,28.0,,,,830,R2A MEDIUM,1
131764,3,GCA_001422265,Methylobacterium sp.,Methylobacterium,Methylobacteriaceae,28.0,,,,830,R2A MEDIUM,1
131773,3,GCA_001424445,Methylobacterium sp.,Methylobacterium,Methylobacteriaceae,25.0,,,,830,R2A MEDIUM,1
131780,3,GCA_001423025,Methylobacterium sp.,Methylobacterium,Methylobacteriaceae,28.0,,,,,,0
131784,3,GCA_001422935,Methylobacterium sp.,Methylobacterium,Methylobacteriaceae,28.0,,,,830,R2A MEDIUM,1
131785,3,GCA_001423085,Methylobacterium sp.,Methylobacterium,Methylobacteriaceae,28.0,,,,830,R2A MEDIUM,1
131787,3,GCA_001423295,Methylobacterium sp.,Methylobacterium,Methylobacteriaceae,28.0,,,,,,0
131928,3,GCA_016018765,Salmonella enterica subsp. enterica,Salmonella,Enterobacteriaceae,37.0,,,,1|693,NUTRIENT AGAR|COLUMBIA BLOOD MEDIUM,2
131929,3,GCA_016018625,Salmonella enterica subsp. enterica,Salmonella,Enterobacteriaceae,37.0,,,,1|693,NUTRIENT AGAR|COLUMBIA BLOOD MEDIUM,2
132004,3,GCA_001428505,Terrabacter sp.,Terrabacter,Intrasporangiaceae,28.0,,,,535|92,TRYPTICASE SOY BROTH AGAR|TRYPTICASE SOY YEAST EXTRACT MEDIUM,2
132113,3,GCA_001428465,Rhodanobacter sp.,Rhodanobacter,Rhodanobacteraceae,28.0,,,,535,TRYPTICASE SOY BROTH AGAR,1
132114,3,GCA_001426645,Rhodanobacter sp.,Rhodanobacter,Rhodanobacteraceae,28.0,,,,830,R2A MEDIUM,1
132115,3,GCA_001427365,Rhodanobacter sp.,Rhodanobacter,Rhodanobacteraceae,28.0,,,,535,TRYPTICASE SOY BROTH AGAR,1
132125,3,GCA_025566965,Blautia ammoniilytica,Blautia,Lachnospiraceae,37.0,,,,1611,YCFA MEDIUM (modified),1
132143,3,GCA_001730315,Enterococcus ureilyticus,Enterococcus,Enterococcaceae,26.0,9.6,6.5,facultative anaerobe,693|92,COLUMBIA BLOOD MEDIUM|TRYPTICASE SOY YEAST EXTRACT MEDIUM,2
132148,3,GCA_040545255,Mesorhizobium shonense,Mesorhizobium,Phyllobacteriaceae,23.75,,,,98,RHIZOBIUM MEDIUM,1
132167,3,GCA_024347395,Vibrio cortegadensis,Vibrio,Vibrionaceae,27.5,,,,,,0
132178,3,GCA_001729785,Enterobacter hormaechei subsp. xiangfangensis,Enterobacter,Enterobacteriaceae,30.0,,,aerobe,1,NUTRIENT AGAR,1
132194,3,GCA_014205135,Kribbella italica,Kribbella,Kribbellaceae,28.0,,,,553|65,GPHF-MEDIUM|GYM STREPTOMYCES MEDIUM,2
132195,3,GCA_004346105,Pseudobacteriovorax antillogorgiicola,Pseudobacteriovorax,Pseudobacteriovoracaceae,28.0,,,,514,BACTO MARINE BROTH (DIFCO 2216),1
132229,3,GCA_002902305,Staphylococcus argensis,Staphylococcus,Staphylococcaceae,37.0,,,aerobe,92,TRYPTICASE SOY YEAST EXTRACT MEDIUM,1
132256,3,GCA_001281405,Bartonella ancashensis,Bartonella,Bartonellaceae,30.0,,,,,,0
132257,3,GCA_009761395,Ursidibacter maritimus,Ursidibacter,Pasteurellaceae,37.0,,,microaerophile,215|693,BHI MEDIUM|COLUMBIA BLOOD MEDIUM,2
132258,3,GCF_009761375.1,Ursidibacter arcticus,Ursidibacter,Pasteurellaceae,37.0,,,microaerophile,215|693,BHI MEDIUM|COLUMBIA BLOOD MEDIUM,2
132396,3,GCA_003201285,Lachnotalea glycerini,Lachnotalea,Lachnospiraceae,30.0,7.0,0.03,obligate anaerobe,,,0
132402,3,GCA_004342725,Testudinibacter aquarius,Testudinibacter,Pasteurellaceae,37.0,,,microaerophile,215|693,BHI MEDIUM|COLUMBIA BLOOD MEDIUM,2
132404,3,GCA_900324475,Enterobacter bugandensis,Enterobacter,Enterobacteriaceae,37.0,,,facultative anaerobe,1|215,NUTRIENT AGAR|BHI MEDIUM,2
132409,3,GCA_020099255,Enterobacter bugandensis,Enterobacter,Enterobacteriaceae,30.0,,,,1,NUTRIENT AGAR,1
132430,3,GCA_014395645,Phycicoccus endophyticus,Phycicoccus,Intrasporangiaceae,37.0,7.0,,aerobe,535|65|830,TRYPTICASE SOY BROTH AGAR|GYM STREPTOMYCES MEDIUM|R2A MEDIUM,3
132441,3,GCA_014203715,Streptosporangium saharense,Streptosporangium,Streptosporangiaceae,31.0,7.0,1.0,aerobe,65|84,GYM STREPTOMYCES MEDIUM|ROLLED OATS MINERAL MEDIUM,2
132464,3,GCF_900115045.1,Izhakiella capsodis,Izhakiella,Enterobacteriaceae,32.5,,,,1|535|830,NUTRIENT AGAR|TRYPTICASE SOY BROTH AGAR|R2A MEDIUM,3
132466,3,GCA_000829905,Beduini massiliensis,Beduini,Clostridiaceae,37.0,,,,110,CHOPPED MEAT MEDIUM WITH CARBOHYDRATES,1
132474,3,GCA_042665775,Streptosporangium lutulentum,Streptosporangium,Streptosporangiaceae,28.0,,0.0,,65|84,GYM STREPTOMYCES MEDIUM|ROLLED OATS MINERAL MEDIUM,2
132528,3,GCA_900000005,Brucella vulpis,Brucella,Brucellaceae,35.25,,,aerobe,693,COLUMBIA BLOOD MEDIUM,1
132537,3,GCA_000751555,Anaerosalibacter massiliensis,Anaerosalibacter,Sporanaerobacteraceae,37.0,,,,110,CHOPPED MEAT MEDIUM WITH CARBOHYDRATES,1
132571,3,GCA_001006805,Microvirga massiliensis,Microvirga,Methylobacteriaceae,37.0,,,,830,R2A MEDIUM,1
132600,3,GCF_024346675.1,Photobacterium sanguinicancri,Photobacterium,Vibrionaceae,25.0,,,,514,BACTO MARINE BROTH (DIFCO 2216),1
132641,3,GCA_900095155,Brucella sp.,Brucella,Brucellaceae,37.0,,,,693|92,COLUMBIA BLOOD MEDIUM|TRYPTICASE SOY YEAST EXTRACT MEDIUM,2
132646,3,GCA_900070325,Herbinix luporum,Herbinix,Lachnospiraceae,55.0,7.0,,anaerobe,,,0
132684,3,GCA_000815225,Allofrancisella guangzhouensis,Allofrancisella,Francisellaceae,26.5,,,microaerophile,,,0
132760,3,GCA_001428205,Mesorhizobium sp.,Mesorhizobium,Phyllobacteriaceae,30.0,,,,1,NUTRIENT AGAR,1
132761,3,GCA_001427285,Mesorhizobium sp.,Mesorhizobium,Phyllobacteriaceae,30.0,,,,98,RHIZOBIUM MEDIUM,1
132832,3,GCA_013408985,Geodermatophilus daqingensis,Geodermatophilus,Geodermatophilaceae,28.0,,,,535|65,TRYPTICASE SOY BROTH AGAR|GYM STREPTOMYCES MEDIUM,2
132904,3,GCA_001742285,Enterococcus rivorum,Enterococcus,Enterococcaceae,30.0,,,,693|92,COLUMBIA BLOOD MEDIUM|TRYPTICASE SOY YEAST EXTRACT MEDIUM,2
132913,3,GCA_016909125,Enterococcus lemanii,Enterococcus,Enterococcaceae,37.0,,,microaerophile,693|92,COLUMBIA BLOOD MEDIUM|TRYPTICASE SOY YEAST EXTRACT MEDIUM,2
132923,3,GCF_030295955.1,Thalassotalea agarivorans,Thalassotalea,Colwelliaceae,28.0,,,,514,BACTO MARINE BROTH (DIFCO 2216),1
132927,3,GCF_013283835.1,Arcobacter lekithochrous,Arcobacter,Arcobacteraceae,25.0,,,,514,BACTO MARINE BROTH (DIFCO 2216),1
133003,3,GCA_004217115,Ancylomarina subtilis,Ancylomarina,Marinifilaceae,29.0,7.5,,facultative anaerobe,514,BACTO MARINE BROTH (DIFCO 2216),1
133060,3,GCA_900079995,Citrobacter europaeus,Citrobacter,Enterobacteriaceae,29.0,,,facultative anaerobe,535|693,TRYPTICASE SOY BROTH AGAR|COLUMBIA BLOOD MEDIUM,2
133084,3,GCA_002119805,Macrococcus canis,Macrococcus,Staphylococcaceae,37.0,,10.5,facultative anaerobe,693|92,COLUMBIA BLOOD MEDIUM|TRYPTICASE SOY YEAST EXTRACT MEDIUM,2
133181,3,GCA_013423785,Chitinibacter fontanus,Chitinibacter,Chromobacteriaceae,27.5,6.5,,aerobe,830,R2A MEDIUM,1
133650,3,GCA_018324045,Klebsiella variicola subsp. variicola,Klebsiella,Enterobacteriaceae,30.0,7.0,,facultative anaerobe,693|92,COLUMBIA BLOOD MEDIUM|TRYPTICASE SOY YEAST EXTRACT MEDIUM,2
133990,3,GCA_014635985,Enterococcus alcedinis,Enterococcus,Enterococcaceae,32.75,,,facultative anaerobe,693|92,COLUMBIA BLOOD MEDIUM|TRYPTICASE SOY YEAST EXTRACT MEDIUM,2
134040,3,GCF_032999765.1,Imperialibacter roseus,Imperialibacter,Flammeovirgaceae,28.0,,2.0,aerobe,514,BACTO MARINE BROTH (DIFCO 2216),1
135242,3,GCA_004368535,Haemophilus haemolyticus,Haemophilus,Pasteurellaceae,37.0,,,microaerophile,,,0
139730,3,GCA_900167505,Clostridium sp.,Clostridium,Clostridiaceae,50.0,,,,104b,PY + X MEDIUM,1
139739,3,GCA_000750555,Escherichia coli,Escherichia,Enterobacteriaceae,30.0,,,,381,LB (Luria-Bertani) MEDIUM,1
139760,3,GCA_001424525,Methylobacterium sp.,Methylobacterium,Methylobacteriaceae,28.0,,,,830,R2A MEDIUM,1
139869,3,GCA_017948285,Vibrio cholerae,Vibrio,Vibrionaceae,37.0,,,,693|92,COLUMBIA BLOOD MEDIUM|TRYPTICASE SOY YEAST EXTRACT MEDIUM,2
139874,3,GCA_000508785,Pseudoalteromonas sp.,Pseudoalteromonas,Pseudoalteromonadaceae,28.0,,,,514,BACTO MARINE BROTH (DIFCO 2216),1
140017,3,GCA_039710355,Rapidithrix thailandica,Rapidithrix,Flammeovirgaceae,27.5,7.5,,aerobe,514,BACTO MARINE BROTH (DIFCO 2216),1
140127,3,GCA_004365575,Hypnocyclicus thermotrophus,Hypnocyclicus,Fusobacteriaceae,48.0,,,,,,0
140130,3,GCF_017794765.1,Nitratireductor sp.,Nitratireductor,Phyllobacteriaceae,28.0,,,,545,TRYPTONE SOYA BROTH (TSB),1
140163,3,GCA_014640615,Brucella endophytica,Brucella,Brucellaceae,30.0,,,,1,NUTRIENT AGAR,1
140251,3,GCA_000711245,Polycyclovorans algicola,Polycyclovorans,Nevskiaceae,28.0,,,,,,0
140301,3,GCA_002000485,Rodentibacter ratti,Rodentibacter,Pasteurellaceae,37.0,,,microaerophile,545|693,TRYPTONE SOYA BROTH (TSB)|COLUMBIA BLOOD MEDIUM,2
140302,3,GCA_002000125,Rodentibacter heidelbergensis,Rodentibacter,Pasteurellaceae,37.0,,,microaerophile,693,COLUMBIA BLOOD MEDIUM,1
140319,3,GCA_014202035,Treponema rectale,Treponema,Treponemataceae,36.5,,,obligate anaerobe,,,0
140328,3,GCA_000752995,Haemophilus massiliensis,Haemophilus,Pasteurellaceae,37.0,,,,,,0
140334,3,GCF_054310695.1,Oryzihumus sp.,Oryzihumus,Intrasporangiaceae,28.0,,,,830,R2A MEDIUM,1
140337,3,GCA_009192725,Segeticoccus rhizosphaerae,Segeticoccus,Intrasporangiaceae,29.0,7.5,1.0,aerobe,514,BACTO MARINE BROTH (DIFCO 2216),1
140413,3,GCA_011207455,Thermosulfuriphilus ammonigenes,Thermosulfuriphilus,"Thermodesulfobacteriota, not assigned to family",65.0,,,,,,0
140422,3,GCA_004001245,Sulfurivermis fontis,Sulfurivermis,Thioprofundaceae,45.0,7.550000000000001,,facultative anaerobe,,,0
140426,3,GCA_002042885,Citrobacter portucalensis,Citrobacter,Enterobacteriaceae,37.0,,,facultative anaerobe,535|693,TRYPTICASE SOY BROTH AGAR|COLUMBIA BLOOD MEDIUM,2
140610,3,GCA_001999305,Rodentibacter myodis,Rodentibacter,Pasteurellaceae,37.0,,,microaerophile,693,COLUMBIA BLOOD MEDIUM,1
140798,3,GCA_900096565,Williamwhitmania taraxaci,Williamwhitmania,Williamwhitmaniaceae,22.5,6.9,0.5,obligate anaerobe,,,0
140821,3,GCA_001192835,Lentimicrobium saccharophilum,Lentimicrobium,Lentimicrobiaceae,33.5,7.0,,obligate anaerobe,,,0
140868,3,GCF_042435035.1,Sphaerimonospora cavernae,Sphaerimonospora,Streptosporangiaceae,30.0,,2.0,,554|65|987,N-Z-AMINE-MEDIUM|GYM STREPTOMYCES MEDIUM|ISP 2 MEDIUM,3
140945,3,GCA_001952075,Bartonella apis,Bartonella,Bartonellaceae,37.0,,,,545|693,TRYPTONE SOYA BROTH (TSB)|COLUMBIA BLOOD MEDIUM,2
141104,3,GCA_014646515,Nonomuraea glycinis,Nonomuraea,Streptosporangiaceae,28.0,7.5,,aerobe,65|84,GYM STREPTOMYCES MEDIUM|ROLLED OATS MINERAL MEDIUM,2
157682,3,GCA_019048485,Enterobacter cloacae,Enterobacter,Enterobacteriaceae,29.0,,,,535|693|92,TRYPTICASE SOY BROTH AGAR|COLUMBIA BLOOD MEDIUM|TRYPTICASE SOY YEAST EXTRACT MEDIUM,3
157707,3,GCA_050932135,Escherichia coli,Escherichia,Enterobacteriaceae,37.0,,,,381,LB (Luria-Bertani) MEDIUM,1
157747,3,GCA_900243065,Rickettsia fournieri,Rickettsia,Rickettsiaceae,30.0,,,,,,0
157750,3,GCA_042659445,Macrococcus epidermidis,Macrococcus,Staphylococcaceae,37.0,,,,693|92,COLUMBIA BLOOD MEDIUM|TRYPTICASE SOY YEAST EXTRACT MEDIUM,2
157763,3,GCF_025566905.1,Clostridium ammoniilyticum,Clostridium,Clostridiaceae,37.0,,,,104c,PY + X MEDIUM (N2/CO2),1
157850,3,GCA_003119995,Salmonella enterica subsp. enterica,Salmonella,Enterobacteriaceae,37.0,,,,693|92,COLUMBIA BLOOD MEDIUM|TRYPTICASE SOY YEAST EXTRACT MEDIUM,2
157851,3,GCA_003119755,Salmonella enterica subsp. enterica,Salmonella,Enterobacteriaceae,37.0,,,,1|693,NUTRIENT AGAR|COLUMBIA BLOOD MEDIUM,2
157853,3,GCA_014861645,Salmonella enterica subsp. enterica,Salmonella,Enterobacteriaceae,37.0,,,,1|693,NUTRIENT AGAR|COLUMBIA BLOOD MEDIUM,2
157855,3,GCA_014861865,Salmonella enterica subsp. enterica,Salmonella,Enterobacteriaceae,37.0,,,,1|693,NUTRIENT AGAR|COLUMBIA BLOOD MEDIUM,2
157861,3,GCA_014861745,Salmonella enterica subsp. enterica,Salmonella,Enterobacteriaceae,37.0,,,,1|693,NUTRIENT AGAR|COLUMBIA BLOOD MEDIUM,2
157862,3,GCA_014861615,Salmonella enterica subsp. enterica,Salmonella,Enterobacteriaceae,37.0,,,,1|693,NUTRIENT AGAR|COLUMBIA BLOOD MEDIUM,2
157863,3,GCA_014861565,Salmonella enterica subsp. enterica,Salmonella,Enterobacteriaceae,37.0,,,,1|693,NUTRIENT AGAR|COLUMBIA BLOOD MEDIUM,2
157866,3,GCA_014861555,Salmonella enterica subsp. enterica,Salmonella,Enterobacteriaceae,37.0,,,,1|693,NUTRIENT AGAR|COLUMBIA BLOOD MEDIUM,2
157868,3,GCA_003118775,Salmonella enterica subsp. enterica,Salmonella,Enterobacteriaceae,37.0,,,,1|693,NUTRIENT AGAR|COLUMBIA BLOOD MEDIUM,2
157906,3,GCA_001650395,Staphylococcus capitis subsp. urealyticus,Staphylococcus,Staphylococcaceae,37.0,,,,92,TRYPTICASE SOY YEAST EXTRACT MEDIUM,1
157921,3,GCF_003544835.1,Arcobacter skirrowii,Arcobacter,Arcobacteraceae,28.0,,,,693,COLUMBIA BLOOD MEDIUM,1
157927,3,GCA_001902395,Klebsiella pneumoniae,Klebsiella,Enterobacteriaceae,30.0,,,,1|693,NUTRIENT AGAR|COLUMBIA BLOOD MEDIUM,2
157928,3,GCA_001902355,Klebsiella pneumoniae,Klebsiella,Enterobacteriaceae,30.0,,,,1|693,NUTRIENT AGAR|COLUMBIA BLOOD MEDIUM,2
157930,3,GCA_001908895,Klebsiella pneumoniae,Klebsiella,Enterobacteriaceae,30.0,,,,1|693,NUTRIENT AGAR|COLUMBIA BLOOD MEDIUM,2
157996,3,GCA_029269405,Mesorhizobium ciceri,Mesorhizobium,Phyllobacteriaceae,28.0,,,,830,R2A MEDIUM,1
158027,3,GCA_015645445,Nonomuraea cypriaca,Nonomuraea,Streptosporangiaceae,28.0,,,,553|65,GPHF-MEDIUM|GYM STREPTOMYCES MEDIUM,2
158029,3,GCF_025150085.1,Dorea longicatena,Dorea,Lachnospiraceae,37.0,,,,1611,YCFA MEDIUM (modified),1
158091,3,GCA_016586415,Coprococcus eutactus,Coprococcus,Lachnospiraceae,37.0,,,,104c,PY + X MEDIUM (N2/CO2),1
158092,3,GCF_009831375.1,Mediterraneibacter gnavus,Mediterraneibacter,Lachnospiraceae,37.0,,,,104,PYG MEDIUM (modified),1
158164,3,GCA_000952975,Peptoniphilus sp.,Peptoniphilus,Peptoniphilaceae,37.0,,,,693,COLUMBIA BLOOD MEDIUM,1
158169,3,GCA_001743455,Klebsiella quasipneumoniae subsp. similipneumoniae,Klebsiella,Enterobacteriaceae,28.0,,,,535,TRYPTICASE SOY BROTH AGAR,1
158180,3,GCA_000696575,Siccibacter colletis,Siccibacter,Enterobacteriaceae,28.0,,,,535,TRYPTICASE SOY BROTH AGAR,1
158250,3,GCA_002117005,Sedimentisphaera salicampi,Sedimentisphaera,Sedimentisphaeraceae,35.0,,,anaerobe,,,0
158251,3,GCA_001997385,Sedimentisphaera cyanobacteriorum,Sedimentisphaera,Sedimentisphaeraceae,35.0,,,anaerobe,,,0
158272,3,GCA_002843315,Labilibaculum filiforme,Labilibaculum,Marinifilaceae,25.0,,,,,,0
158273,3,GCA_001182895,Frateuria defendens,Frateuria,Rhodanobacteraceae,28.0,7.0,2.0,aerobe,1,NUTRIENT AGAR,1
158299,3,GCF_025567195.1,Alitiscatomonas aceti,Alitiscatomonas,Lachnospiraceae,37.0,,,,,,0
158309,3,GCA_002197645,Enterococcus wangshanyuanii,Enterococcus,Enterococcaceae,37.0,,6.5,facultative anaerobe,693,COLUMBIA BLOOD MEDIUM,1
158333,3,GCF_022774295.1,Faecalicatena sp.,Faecalicatena,Lachnospiraceae,22.0,,,,,,0
158345,3,GCA_019703815,Thaumasiovibrio occultus,Thaumasiovibrio,Vibrionaceae,29.0,,,,514,BACTO MARINE BROTH (DIFCO 2216),1
158350,3,GCF_055394525.1,Maridesulfovibrio salinus,Maridesulfovibrio,Desulfovibrionaceae,40.0,6.7,3.0,,,,0
158369,3,GCA_042665155,Sphaerisporangium rhizosphaerae,Sphaerisporangium,Streptosporangiaceae,28.0,7.0,,aerobe,65|84,GYM STREPTOMYCES MEDIUM|ROLLED OATS MINERAL MEDIUM,2
158429,3,GCA_900183575,Staphylococcus cornubiensis,Staphylococcus,Staphylococcaceae,37.0,,,,693|92,COLUMBIA BLOOD MEDIUM|TRYPTICASE SOY YEAST EXTRACT MEDIUM,2
158430,3,GCA_003261635,Kribbella monticola,Kribbella,Kribbellaceae,28.0,7.0,2.0,aerobe,830,R2A MEDIUM,1
158441,3,GCA_003402575,Mesosutterella multiformis,Mesosutterella,Sutterellaceae,37.0,,,obligate anaerobe,693,COLUMBIA BLOOD MEDIUM,1
158458,3,GCA_025567045,Barnesiella propionica,Barnesiella,Barnesiellaceae,37.0,,,,1611,YCFA MEDIUM (modified),1
158469,3,GCF_963666195.1,Trichococcus shcherbakoviae,Trichococcus,Carnobacteriaceae,28.0,,,,,,0
158486,3,GCA_000711295,Desulfohalovibrio reitneri,Desulfohalovibrio,Desulfovibrionaceae,35.0,,,,,,0
158501,3,GCA_003236385,Spongiactinospora gelatinilytica,Spongiactinospora,Streptosporangiaceae,28.0,,,aerobe,252|554|65,STARCH - MINERAL SALT - AGAR (STMS)|N-Z-AMINE-MEDIUM|GYM STREPTOMYCES MEDIUM,3
158509,3,GCA_003594875,Bailinhaonella thermotolerans,Bailinhaonella,Streptosporangiaceae,35.0,,,aerobe,252|553|65,STARCH - MINERAL SALT - AGAR (STMS)|GPHF-MEDIUM|GYM STREPTOMYCES MEDIUM,3
158904,3,GCA_009696275,Eisenbergiella porci,Eisenbergiella,Lachnospiraceae,37.0,,,,104,PYG MEDIUM (modified),1
158905,3,GCA_012843965,Clostridium beijerinckii,Clostridium,Clostridiaceae,37.0,,,,339|693,WILKINS-CHALGREN ANAEROBE BROTH|COLUMBIA BLOOD MEDIUM,2
158907,3,GCA_003865035,Anaerotignum faecicola,Anaerotignum,Lachnospiraceae,37.0,,,anaerobe,104b,PY + X MEDIUM,1
158915,3,GCA_012843975,Clostridium perfringens,Clostridium,Clostridiaceae,37.0,,,,339,WILKINS-CHALGREN ANAEROBE BROTH,1
158917,3,GCA_012843905,Clostridium sp.,Clostridium,Clostridiaceae,37.0,,,,339,WILKINS-CHALGREN ANAEROBE BROTH,1
158923,3,GCA_012843875,Desulfovibrio piger,Desulfovibrio,Desulfovibrionaceae,37.0,,,,110|78,CHOPPED MEAT MEDIUM WITH CARBOHYDRATES|CHOPPED MEAT MEDIUM,2
158926,3,GCA_001278055,Desulfuromonas sp.,Desulfuromonas,Desulfuromonadaceae,25.0,,,,,,0
158927,3,GCA_007164725,Dialister hominis,Dialister,Veillonellaceae,37.0,,,anaerobe,104c,PY + X MEDIUM (N2/CO2),1
158931,3,GCA_012843765,Enterococcus faecalis,Enterococcus,Enterococcaceae,37.0,,,,92,TRYPTICASE SOY YEAST EXTRACT MEDIUM,1
158941,3,GCA_050932145,Escherichia coli,Escherichia,Enterobacteriaceae,37.0,,,,381,LB (Luria-Bertani) MEDIUM,1
158993,3,GCA_012843515,Megasphaera elsdenii,Megasphaera,Veillonellaceae,37.0,,,,104|339|693,PYG MEDIUM (modified)|WILKINS-CHALGREN ANAEROBE BROTH|COLUMBIA BLOOD MEDIUM,3
158994,3,GCA_012928525,Megasphaera elsdenii,Megasphaera,Veillonellaceae,37.0,,,,1203a|339,FASTIDIOUS ANAEROBE BROTH|WILKINS-CHALGREN ANAEROBE BROTH,2
159028,3,GCA_008326425,Sulfuracidifex tepidarius,Sulfuracidifex,Sulfolobaceae,62.5,,,,,,0
159031,3,GCA_009696445,Porcincola intestinalis,Porcincola,Lachnospiraceae,37.0,,,obligate anaerobe,,,0
159050,3,GCA_001940285,Peptoniphilus porci,Peptoniphilus,Peptoniphilaceae,37.0,,,,215|693,BHI MEDIUM|COLUMBIA BLOOD MEDIUM,2
159066,3,GCA_003718735,Staphylococcus debuckii,Staphylococcus,Staphylococcaceae,37.0,,,,693|92,COLUMBIA BLOOD MEDIUM|TRYPTICASE SOY YEAST EXTRACT MEDIUM,2
159073,3,GCA_003428645,Geodermatophilus marinus,Geodermatophilus,Geodermatophilaceae,29.0,,,,535|65,TRYPTICASE SOY BROTH AGAR|GYM STREPTOMYCES MEDIUM,2
159085,3,GCA_025567445,Diplocloster agilis,Diplocloster,Lachnospiraceae,37.0,,,,104c,PY + X MEDIUM (N2/CO2),1
159166,3,GCA_004348345,Nonomuraea longispora,Nonomuraea,Streptosporangiaceae,28.0,7.0,,aerobe,554|65|84,N-Z-AMINE-MEDIUM|GYM STREPTOMYCES MEDIUM|ROLLED OATS MINERAL MEDIUM,3
159182,3,GCA_009696365,Lacrimispora celerecrescens,Lacrimispora,Lachnospiraceae,37.0,,,,339|693,WILKINS-CHALGREN ANAEROBE BROTH|COLUMBIA BLOOD MEDIUM,2
159202,3,GCA_009696465,Inconstantimicrobium porci,Inconstantimicrobium,Clostridiaceae,37.0,,,obligate anaerobe,,,0
159312,3,GCA_004764665,Vibrio echinoideorum,Vibrio,Vibrionaceae,20.5,,,facultative anaerobe,,,0
159353,3,GCA_008802955,Citrobacter cronae,Citrobacter,Enterobacteriaceae,30.0,,,,693|92,COLUMBIA BLOOD MEDIUM|TRYPTICASE SOY YEAST EXTRACT MEDIUM,2
159359,3,GCA_019396405,Nonomuraea rhizosphaerae,Nonomuraea,Streptosporangiaceae,28.0,,,,65|84,GYM STREPTOMYCES MEDIUM|ROLLED OATS MINERAL MEDIUM,2
159392,3,GCA_008153345,Treponema phagedenis,Treponema,Treponemataceae,37.0,,,,,,0
159509,3,GCA_009696105,Fusobacterium mortiferum,Fusobacterium,Fusobacteriaceae,37.0,,,,339|693,WILKINS-CHALGREN ANAEROBE BROTH|COLUMBIA BLOOD MEDIUM,2
159538,3,GCF_040545455.1,Enterocloster citroniae,Enterocloster,Lachnospiraceae,37.0,,,,1203a|693,FASTIDIOUS ANAEROBE BROTH|COLUMBIA BLOOD MEDIUM,2
159579,3,GCA_004349015,Nonomuraea diastatica,Nonomuraea,Streptosporangiaceae,28.0,7.0,,aerobe,554|65,N-Z-AMINE-MEDIUM|GYM STREPTOMYCES MEDIUM,2
159628,3,GCA_009696485,Suipraeoptans intestinalis,Suipraeoptans,Lachnospiraceae,37.0,,,anaerobe,215|693,BHI MEDIUM|COLUMBIA BLOOD MEDIUM,2
159637,3,GCA_003075095,Blastococcus litoris,Blastococcus,Geodermatophilaceae,32.5,8.0,,aerobe,535|553|65,TRYPTICASE SOY BROTH AGAR|GPHF-MEDIUM|GYM STREPTOMYCES MEDIUM,3
159670,3,GCA_009697165,Anaerobutyricum soehngenii,Anaerobutyricum,Lachnospiraceae,37.0,,,,,,0
160038,3,GCF_016766815.1,Enterococcus hirae,Enterococcus,Enterococcaceae,37.0,,,,92,TRYPTICASE SOY YEAST EXTRACT MEDIUM,1
160089,3,GCA_009377335,Listeria monocytogenes,Listeria,Listeriaceae,37.0,,,,693|92,COLUMBIA BLOOD MEDIUM|TRYPTICASE SOY YEAST EXTRACT MEDIUM,2
160126,3,GCA_902703175,Occultella aeris,Occultella,Ruaniaceae,28.0,,,,92,TRYPTICASE SOY YEAST EXTRACT MEDIUM,1
160194,3,GCF_046972725.1,Lacrimispora sp.,Lacrimispora,Lachnospiraceae,37.0,,,,104b,PY + X MEDIUM,1
160196,3,GCF_940670685.1,Anaeropeptidivorans aminofermentans,Anaeropeptidivorans,Lachnospiraceae,37.0,,,,104c,PY + X MEDIUM (N2/CO2),1
160206,3,GCA_009931695,Anaerocolumna sedimenticola,Anaerocolumna,Lachnospiraceae,35.0,,,,,,0
160224,3,GCA_013340285,Desulfovibrio subterraneus,Desulfovibrio,Desulfovibrionaceae,35.0,,,,,,0
160327,3,GCA_004353825,Occultella glacieicola,Occultella,Ruaniaceae,20.0,7.5,3.0,aerobe,514|92,BACTO MARINE BROTH (DIFCO 2216)|TRYPTICASE SOY YEAST EXTRACT MEDIUM,2
160408,3,GCA_014193895,Clostridium fungisolvens,Clostridium,Clostridiaceae,30.0,,,,104c,PY + X MEDIUM (N2/CO2),1
160410,3,GCF_038086725.1,Photobacterium damselae,Photobacterium,Vibrionaceae,37.0,,,,92,TRYPTICASE SOY YEAST EXTRACT MEDIUM,1
160412,3,GCA_015602445,Photobacterium damselae,Photobacterium,Vibrionaceae,37.0,,,,92,TRYPTICASE SOY YEAST EXTRACT MEDIUM,1
160431,3,GCA_011800755,Listeria valentina,Listeria,Listeriaceae,37.0,,,,215|693,BHI MEDIUM|COLUMBIA BLOOD MEDIUM,2
160483,3,GCA_013870605,Microbispora clausenae,Microbispora,Streptosporangiaceae,28.0,,0.0,,65|84,GYM STREPTOMYCES MEDIUM|ROLLED OATS MINERAL MEDIUM,2
160487,3,GCF_041405705.1,Dorea sp.,Dorea,Lachnospiraceae,37.0,,,,110,CHOPPED MEAT MEDIUM WITH CARBOHYDRATES,1
160511,3,GCA_021953085,Actinobacillus pleuropneumoniae,Actinobacillus,Pasteurellaceae,37.0,,,,,,0
160528,3,GCA_000582785,Blastococcus sp.,Blastococcus,Geodermatophilaceae,37.0,,,,535|65,TRYPTICASE SOY BROTH AGAR|GYM STREPTOMYCES MEDIUM,2
160574,3,GCA_014892245,Microbispora sitophila,Microbispora,Streptosporangiaceae,28.0,,0.0,,553|554|84,GPHF-MEDIUM|N-Z-AMINE-MEDIUM|ROLLED OATS MINERAL MEDIUM,3
160597,3,GCF_900176605.1,Peptoniphilus vaginalis,Peptoniphilus,Peptoniphilaceae,37.0,,,,339,WILKINS-CHALGREN ANAEROBE BROTH,1
160630,3,GCF_025147765.1,Blautia obeum,Blautia,Lachnospiraceae,37.0,,,,1611,YCFA MEDIUM (modified),1
160635,3,GCA_006351925,Clostridium thermarum,Clostridium,Clostridiaceae,45.0,7.0,,obligate aerobe,,,0
160690,3,GCA_003544915,Arcobacter ellisii,Arcobacter,Arcobacteraceae,30.0,,,,693,COLUMBIA BLOOD MEDIUM,1
160709,3,GCA_016863435,Sinosporangium siamense,Sinosporangium,Streptosporangiaceae,28.0,,,,65|987,GYM STREPTOMYCES MEDIUM|ISP 2 MEDIUM,2
160751,3,GCF_900104635.1,Coprococcus phoceensis,Coprococcus,Lachnospiraceae,37.0,,,,1203a,FASTIDIOUS ANAEROBE BROTH,1
160762,3,GCA_900101025,Klenkia marina,Klenkia,Geodermatophilaceae,28.0,,,,514|65,BACTO MARINE BROTH (DIFCO 2216)|GYM STREPTOMYCES MEDIUM,2
160767,3,GCA_900095855,Colibacter massiliensis,Colibacter,Veillonellaceae,37.0,,,,693|78,COLUMBIA BLOOD MEDIUM|CHOPPED MEAT MEDIUM,2
164452,3,GCA_006334985,Nonomuraea phyllanthi,Nonomuraea,Streptosporangiaceae,31.0,7.0,,aerobe,65|84|987,GYM STREPTOMYCES MEDIUM|ROLLED OATS MINERAL MEDIUM|ISP 2 MEDIUM,3
166299,3,GCA_004331485,Kribbella capetownensis,Kribbella,Kribbellaceae,29.0,,,,65|830,GYM STREPTOMYCES MEDIUM|R2A MEDIUM,2
166300,3,GCA_004331375,Kribbella speibonae,Kribbella,Kribbellaceae,30.75,,,,830,R2A MEDIUM,1
166800,3,GCF_037672085.1,Vibrio paracholerae,Vibrio,Vibrionaceae,37.0,,,,693|92,COLUMBIA BLOOD MEDIUM|TRYPTICASE SOY YEAST EXTRACT MEDIUM,2
167058,3,GCA_005930475,Modestobacter altitudinis,Modestobacter,Geodermatophilaceae,28.0,,,,553|65,GPHF-MEDIUM|GYM STREPTOMYCES MEDIUM,2
167300,3,GCA_003606345,Bartonella krasnovii,Bartonella,Bartonellaceae,37.0,,,,,,0
167604,3,GCF_025998175.1,Nitrosopumilus zosterae,Nitrosopumilus,Nitrosopumilaceae,28.0,,,,pdf,,1
167621,3,GCA_016757965,Archaeoglobus neptunius,Archaeoglobus,Archaeoglobaceae,80.0,,,,pdf,,1
168309,3,GCA_016458825,Miniphocaeibacter halophilus,Miniphocaeibacter,Peptoniphilaceae,37.0,,,,693|78,COLUMBIA BLOOD MEDIUM|CHOPPED MEAT MEDIUM,2
168459,3,GCA_003236395,Nonomuraea aridisoli,Nonomuraea,Streptosporangiaceae,28.0,,,,65,GYM STREPTOMYCES MEDIUM,1
168648,3,GCA_042682525,Blastococcus deserti,Blastococcus,Geodermatophilaceae,28.0,,,,553|830,GPHF-MEDIUM|R2A MEDIUM,2
168904,3,GCF_054177765.1,Modestobacter lacusdianchii,Modestobacter,Geodermatophilaceae,28.0,,,,535|pdf,TRYPTICASE SOY BROTH AGAR|,2
169162,3,GCF_001407835.1,Lagierella massiliensis,Lagierella,Peptoniphilaceae,37.0,,,,1203a|693,FASTIDIOUS ANAEROBE BROTH|COLUMBIA BLOOD MEDIUM,2
169234,3,GCA_015160735,Escherichia coli,Escherichia,Enterobacteriaceae,37.0,,,,92,TRYPTICASE SOY YEAST EXTRACT MEDIUM,1
169334,3,GCA_002877365,Vibrio sp.,Vibrio,Vibrionaceae,25.0,,,,514|693,BACTO MARINE BROTH (DIFCO 2216)|COLUMBIA BLOOD MEDIUM,2
169529,3,GCF_025758125.1,Kosakonia cowanii,Kosakonia,Enterobacteriaceae,37.0,,,,693|92,COLUMBIA BLOOD MEDIUM|TRYPTICASE SOY YEAST EXTRACT MEDIUM,2
169552,3,GCA_002876465,Vibrio splendidus,Vibrio,Vibrionaceae,25.0,,,,514|693,BACTO MARINE BROTH (DIFCO 2216)|COLUMBIA BLOOD MEDIUM,2
169588,3,GCF_008153345.1,Treponema phagedenis,Treponema,Treponemataceae,37.0,,,,,,0
169632,3,GCA_900120195,Blautia sp.,Blautia,Lachnospiraceae,37.0,,,,104,PYG MEDIUM (modified),1
169639,3,GCF_003201875.1,Hungatella effluvii,Hungatella,Clostridiaceae,37.0,,,,339|693,WILKINS-CHALGREN ANAEROBE BROTH|COLUMBIA BLOOD MEDIUM,2
169694,3,GCA_013019105,Fundidesulfovibrio magnetotacticus,Fundidesulfovibrio,Desulfovibrionaceae,28.0,,,,,,0
169756,3,GCA_943193155,Veillonella intestinalis,Veillonella,Veillonellaceae,37.0,,,,104,PYG MEDIUM (modified),1
169758,3,GCA_943193065,Veillonella agrestimuris,Veillonella,Veillonellaceae,37.0,,,,339,WILKINS-CHALGREN ANAEROBE BROTH,1
169772,3,GCA_014701235,Dissulfurispira thermophila,Dissulfurispira,Dissulfurispiraceae,55.0,,,,,,0
169809,3,GCA_009497075,Nonomuraea nitratireducens,Nonomuraea,Streptosporangiaceae,28.0,,,,535|65|83,TRYPTICASE SOY BROTH AGAR|GYM STREPTOMYCES MEDIUM|CZAPEK PEPTONE AGAR,3
169915,3,GCA_020883535,Staphylococcus ratti,Staphylococcus,Staphylococcaceae,37.0,,,,693|92,COLUMBIA BLOOD MEDIUM|TRYPTICASE SOY YEAST EXTRACT MEDIUM,2
170082,3,GCA_002216685,Vibrio tarriae,Vibrio,Vibrionaceae,37.0,,,,693|92,COLUMBIA BLOOD MEDIUM|TRYPTICASE SOY YEAST EXTRACT MEDIUM,2
170411,3,GCA_045063725,Sellimonas catena,Sellimonas,Lachnospiraceae,37.0,,,,104,PYG MEDIUM (modified),1
170773,3,GCF_024330105.1,Coprobacter tertius,Coprobacter,Barnesiellaceae,37.0,,,,104|1611,PYG MEDIUM (modified)|YCFA MEDIUM (modified),2
174487,3,GCF_020097395.1,Leclercia adecarboxylata,Leclercia,Enterobacteriaceae,37.0,,,,92,TRYPTICASE SOY YEAST EXTRACT MEDIUM,1
174609,3,GCF_009696065.1,Oliverpabstia intestinalis,Oliverpabstia,Lachnospiraceae,37.0,,,,1203a|693,FASTIDIOUS ANAEROBE BROTH|COLUMBIA BLOOD MEDIUM,2
174738,3,GCF_013282095.1,Enterocloster alcoholdehydrogenati,Enterocloster,Lachnospiraceae,37.0,,,,104b,PY + X MEDIUM,1
175036,3,GCF_054772055.1,Lacrimispora brassicae,Lacrimispora,Lachnospiraceae,37.0,,,,104c,PY + X MEDIUM (N2/CO2),1
175091,3,GCF_029589495.1,Speluncibacter jeojiensis,Speluncibacter,Speluncibacteraceae,28.0,,,,553,GPHF-MEDIUM,1
175207,3,GCF_027924685.1,Sellimonas catena,Sellimonas,Lachnospiraceae,37.0,,,,104,PYG MEDIUM (modified),1
175217,3,GCF_022812045.1,Vibrio splendidus,Vibrio,Vibrionaceae,25.0,,,,514|693,BACTO MARINE BROTH (DIFCO 2216)|COLUMBIA BLOOD MEDIUM,2
175257,3,GCF_902500225.1,Buttiauxella massiliensis,Buttiauxella,Enterobacteriaceae,37.0,,,,535|545|693,TRYPTICASE SOY BROTH AGAR|TRYPTONE SOYA BROTH (TSB)|COLUMBIA BLOOD MEDIUM,3
175325,3,GCF_003010935.1,Phyllobacterium endophyticum,Phyllobacterium,Phyllobacteriaceae,28.0,,,,,,0
175412,3,GCF_020686945.1,Fusicatenibacter faecihominis,Fusicatenibacter,Lachnospiraceae,37.0,,,,1611,YCFA MEDIUM (modified),1
175414,3,GCF_020686985.1,Brotaphodocola catenula,Brotaphodocola,Lachnospiraceae,37.0,,,,1203a,FASTIDIOUS ANAEROBE BROTH,1
175415,3,GCF_020686965.1,Hominiventricola filiformis,Hominiventricola,Lachnospiraceae,37.0,,,,78,CHOPPED MEAT MEDIUM,1
175417,3,GCF_943193015.1,Hominisplanchenecus murintestinalis,Hominisplanchenecus,Lachnospiraceae,37.0,,,,1611,YCFA MEDIUM (modified),1
175419,3,GCF_020687335.1,Anthropogastromicrobium aceti,Anthropogastromicrobium,Lachnospiraceae,37.0,,,,1203a,FASTIDIOUS ANAEROBE BROTH,1
175420,3,GCF_025567525.1,Gallintestinimicrobium propionicum,Gallintestinimicrobium,Lachnospiraceae,37.0,,,,1203a,FASTIDIOUS ANAEROBE BROTH,1
175526,3,GCF_039830095.1,Dolosigranulum savutiense,Dolosigranulum,Carnobacteriaceae,37.0,,,,104,PYG MEDIUM (modified),1
175537,3,GCF_032079385.1,Anaerocolumna sp.,Anaerocolumna,Lachnospiraceae,30.0,,,,,,0
175858,3,GCF_030700245.1,Methylobacterium amylolyticum,Methylobacterium,Methylobacteriaceae,28.0,,,,830,R2A MEDIUM,1
176336,3,GCF_035320885.1,Blastococcus brunescens,Blastococcus,Geodermatophilaceae,28.0,,,,65,GYM STREPTOMYCES MEDIUM,1
176429,3,GCF_027659535.1,Enterococcus malodoratus,Enterococcus,Enterococcaceae,37.0,,,,92,TRYPTICASE SOY YEAST EXTRACT MEDIUM,1
176453,3,GCF_025150245.1,Dorea formicigenerans,Dorea,Lachnospiraceae,37.0,,,,1203a,FASTIDIOUS ANAEROBE BROTH,1
176691,3,GCF_009742725.1,Nitratireductor arenosus,Nitratireductor,Phyllobacteriaceae,25.0,,,,514,BACTO MARINE BROTH (DIFCO 2216),1
176797,3,GCF_024345225.1,Inconstantimicrobium mannanitabidum,Inconstantimicrobium,Clostridiaceae,37.0,,,,104|693,PYG MEDIUM (modified)|COLUMBIA BLOOD MEDIUM,2
176834,3,GCF_009648935.1,Citrobacter braakii,Citrobacter,Enterobacteriaceae,37.0,,,,693|92,COLUMBIA BLOOD MEDIUM|TRYPTICASE SOY YEAST EXTRACT MEDIUM,2
176845,3,GCF_001750725.1,Enterobacter ludwigii,Enterobacter,Enterobacteriaceae,30.0,,,,693|92,COLUMBIA BLOOD MEDIUM|TRYPTICASE SOY YEAST EXTRACT MEDIUM,2
176912,3,GCF_047426745.1,Macrococcus equi,Macrococcus,Staphylococcaceae,37.0,,,,215|693,BHI MEDIUM|COLUMBIA BLOOD MEDIUM,2
176924,3,GCF_965577835.1,Brucella pituitosa,Brucella,Brucellaceae,28.0,,,,535,TRYPTICASE SOY BROTH AGAR,1
176948,3,GCF_002735305.1,Agathobacter ruminis,Agathobacter,Lachnospiraceae,37.0,,,,104,PYG MEDIUM (modified),1
176991,3,GCF_000761485.1,Modestobacter caceresii,Modestobacter,Geodermatophilaceae,28.0,,,,,,0
177010,3,GCF_037349415.1,Anthropogastromicrobium sp.,Anthropogastromicrobium,Lachnospiraceae,37.0,,,,,,0
177015,3,GCF_900102425.1,Blastococcus aurantiacus,Blastococcus,Geodermatophilaceae,28.0,,,,65,GYM STREPTOMYCES MEDIUM,1
177042,3,GCF_046365495.1,Anaerococcus cruorum,Anaerococcus,Peptoniphilaceae,37.0,,,,104,PYG MEDIUM (modified),1
177047,3,GCF_038095555.1,Macrococcus psychrotolerans,Macrococcus,Staphylococcaceae,28.0,,,,92,TRYPTICASE SOY YEAST EXTRACT MEDIUM,1
177088,3,GCF_047160095.1,Rodentibacter abscessus,Rodentibacter,Pasteurellaceae,37.0,,,,693|92,COLUMBIA BLOOD MEDIUM|TRYPTICASE SOY YEAST EXTRACT MEDIUM,2
177091,3,GCF_036321625.1,Microaceticoccus formicicus,Microaceticoccus,Peptoniphilaceae,37.0,,,,78,CHOPPED MEAT MEDIUM,1
177097,3,GCF_047425875.1,Macrococcus animalis,Macrococcus,Staphylococcaceae,37.0,,,,215|693,BHI MEDIUM|COLUMBIA BLOOD MEDIUM,2
144,4,GCA_900102025,Actinobaculum suis,Actinobaculum,Actinomycetaceae,37.0,7.5,0.0,anaerobe,110,CHOPPED MEAT MEDIUM WITH CARBOHYDRATES,1
150,4,GCA_026891875,Actinomyces israelii,Actinomyces,Actinomycetaceae,37.0,,,anaerobe,104|693,PYG MEDIUM (modified)|COLUMBIA BLOOD MEDIUM,2
151,4,GCA_000711965,Actinomyces israelii,Actinomyces,Actinomycetaceae,37.0,,,anaerobe,693,COLUMBIA BLOOD MEDIUM,1
155,4,GCA_900445025,Schaalia odontolytica,Schaalia,Actinomycetaceae,37.0,,,anaerobe,215|693,BHI MEDIUM|COLUMBIA BLOOD MEDIUM,2
156,4,GCA_000154225,Schaalia odontolytica,Schaalia,Actinomycetaceae,37.0,,,anaerobe,104|693,PYG MEDIUM (modified)|COLUMBIA BLOOD MEDIUM,2
159,4,GCA_000429265,Actinomyces gerencseriae,Actinomyces,Actinomycetaceae,37.0,,,microaerophile,,,0
166,4,GCF_028201595.1,Winkia neuii subsp. anitrata,Winkia,Actinomycetaceae,37.0,,,anaerobe,693,COLUMBIA BLOOD MEDIUM,1
170,4,GCA_014208035,Schaalia hyovaginalis,Schaalia,Actinomycetaceae,37.0,,,anaerobe,104|693,PYG MEDIUM (modified)|COLUMBIA BLOOD MEDIUM,2
178,4,GCA_000159035,Actinomyces urogenitalis,Actinomyces,Actinomycetaceae,37.0,,,microaerophile,693,COLUMBIA BLOOD MEDIUM,1
184,4,GCA_016405145,Schaalia cardiffensis,Schaalia,Actinomycetaceae,37.0,,,anaerobe,104|693,PYG MEDIUM (modified)|COLUMBIA BLOOD MEDIUM,2
185,4,GCA_000420425,Schaalia vaccimaxillae,Schaalia,Actinomycetaceae,37.0,,,anaerobe,104|693,PYG MEDIUM (modified)|COLUMBIA BLOOD MEDIUM,2
186,4,GCF_000239695.1,Actinomyces graevenitzii,Actinomyces,Actinomycetaceae,37.0,,,facultative anaerobe,693,COLUMBIA BLOOD MEDIUM,1
192,4,GCA_000269805,Actinomyces massiliensis,Actinomyces,Actinomycetaceae,37.0,,,anaerobe,104,PYG MEDIUM (modified),1
196,4,GCA_016598775,Actinomyces weissii,Actinomyces,Actinomycetaceae,37.0,,,anaerobe,104|215,PYG MEDIUM (modified)|BHI MEDIUM,2
197,4,GCA_900475915,Arcanobacterium haemolyticum,Arcanobacterium,Actinomycetaceae,37.0,,,anaerobe,104,PYG MEDIUM (modified),1
202,4,GCA_016907845,Arcanobacterium pluranimalium,Arcanobacterium,Actinomycetaceae,35.0,,,facultative anaerobe,693,COLUMBIA BLOOD MEDIUM,1
208,4,GCA_000146285,Mobiluncus curtisii subsp. curtisii,Mobiluncus,Actinomycetaceae,37.0,,,anaerobe,104|693,PYG MEDIUM (modified)|COLUMBIA BLOOD MEDIUM,2
210,4,GCA_000420065,Varibaculum cambriense,Varibaculum,Actinomycetaceae,37.0,,,anaerobe,104|693,PYG MEDIUM (modified)|COLUMBIA BLOOD MEDIUM,2
211,4,GCF_001281085.1,Trueperella pyogenes,Trueperella,Actinomycetaceae,37.0,,,anaerobe,104|693,PYG MEDIUM (modified)|COLUMBIA BLOOD MEDIUM,2
216,4,GCA_900637955,Trueperella bialowiezensis,Trueperella,Actinomycetaceae,37.0,7.0,,microaerophile,693,COLUMBIA BLOOD MEDIUM,1
242,4,GCA_018359985,Aeromonas media,Aeromonas,Aeromonadaceae,25.0,,3.0,facultative anaerobe,,,0
245,4,GCA_000820105,Aeromonas schubertii,Aeromonas,Aeromonadaceae,30.0,,,,693|92,COLUMBIA BLOOD MEDIUM|TRYPTICASE SOY YEAST EXTRACT MEDIUM,2
249,4,GCA_000820205,Aeromonas enteropelogenes,Aeromonas,Aeromonadaceae,37.0,,,facultative anaerobe,,,0
251,4,GCF_020097295.1,Aeromonas enteropelogenes,Aeromonas,Aeromonadaceae,35.25,,,aerobe,1,NUTRIENT AGAR,1
256,4,GCA_000820285,Aeromonas veronii,Aeromonas,Aeromonadaceae,30.0,,,aerobe,381|535,LB (Luria-Bertani) MEDIUM|TRYPTICASE SOY BROTH AGAR,2
259,4,GCA_002735225,Aeromonas salmonicida subsp. pectinolytica,Aeromonas,Aeromonadaceae,30.0,,,aerobe,1,NUTRIENT AGAR,1
263,4,GCA_000820185,Aeromonas tecta,Aeromonas,Aeromonadaceae,30.0,,,,220,CASO AGAR (Merck 105458),1
264,4,GCF_000820185.1,Aeromonas tecta,Aeromonas,Aeromonadaceae,30.0,,,,220,CASO AGAR (Merck 105458),1
273,4,GCA_006246305,Aeromonas salmonicida subsp. smithia,Aeromonas,Aeromonadaceae,17.25,,,facultative anaerobe,215,BHI MEDIUM,1
277,4,GCA_016026615,Aeromonas sobria,Aeromonas,Aeromonadaceae,28.0,,,,535,TRYPTICASE SOY BROTH AGAR,1
282,4,GCA_000820005,Aeromonas piscicola,Aeromonas,Aeromonadaceae,28.0,,,,535,TRYPTICASE SOY BROTH AGAR,1
285,4,GCA_000820165,Aeromonas taiwanensis,Aeromonas,Aeromonadaceae,30.0,9.0,,facultative anaerobe,535,TRYPTICASE SOY BROTH AGAR,1
286,4,GCA_000820085,Aeromonas sanarellii,Aeromonas,Aeromonadaceae,30.0,,,facultative anaerobe,535,TRYPTICASE SOY BROTH AGAR,1
287,4,GCF_020149575.1,Aeromonas rivuli,Aeromonas,Aeromonadaceae,28.0,,,,535,TRYPTICASE SOY BROTH AGAR,1
291,4,GCA_016907015,Oceanisphaera litoralis,Oceanisphaera,Aeromonadaceae,28.0,,,obligate aerobe,514,BACTO MARINE BROTH (DIFCO 2216),1
295,4,GCA_014202415,Tolumonas osonensis,Tolumonas,Aeromonadaceae,22.0,7.5,,facultative anaerobe,,,0
528,4,GCA_001463845,Fulvimarina pelagi,Fulvimarina,Aurantimonadaceae,30.0,7.5,2.0,aerobe,514,BACTO MARINE BROTH (DIFCO 2216),1
529,4,GCF_000153705.1,Fulvimarina pelagi,Fulvimarina,Aurantimonadaceae,28.0,,,,514,BACTO MARINE BROTH (DIFCO 2216),1
532,4,GCA_900141975,Aureimonas altamirensis,Aureimonas,Aurantimonadaceae,28.0,,,aerobe,220|514,CASO AGAR (Merck 105458)|BACTO MARINE BROTH (DIFCO 2216),2
533,4,GCA_001463945,Aureimonas ureilytica,Aureimonas,Aurantimonadaceae,27.5,7.5,,anaerobe,830,R2A MEDIUM,1
1646,4,GCF_000196175.1,Bdellovibrio bacteriovorus,Bdellovibrio,Pseudobdellovibrionaceae,27.5,,,,,,0
1647,4,GCA_000196175,Bdellovibrio bacteriovorus,Bdellovibrio,Pseudobdellovibrionaceae,30.0,,,,pdf,,1
1656,4,GCA_000427445,Methylocapsa acidiphila,Methylocapsa,Beijerinckiaceae,22.0,5.25,0.25,aerobe,,,0
1659,4,GCF_038024855.1,Methylocella tundrae,Methylocella,Beijerinckiaceae,15.0,5.75,,,,,0
1665,4,GCA_000019845,Beijerinckia indica,Beijerinckia,Beijerinckiaceae,30.0,,,,,,0
1668,4,GCF_000745425.1,Beijerinckia mobilis,Beijerinckia,Beijerinckiaceae,30.0,,,,,,0
1673,4,GCA_004135935,Methylovirgula ligni,Methylovirgula,Beijerinckiaceae,22.0,4.75,,,,,0
1777,4,GCA_000336555,Afipia clevelandensis,Afipia,Nitrobacteraceae,30.0,,,,585,BCYE AGAR,1
1785,4,GCA_030814475,Pararhizobium capsulatum,Pararhizobium,Rhizobiaceae,26.0,,,,,,0
1794,4,GCA_000013885,Nitrobacter hamburgensis,Nitrobacter,Nitrobacteraceae,28.0,,,,,,0
1805,4,GCA_006539645,Bradyrhizobium japonicum,Bradyrhizobium,Nitrobacteraceae,27.5,,,aerobe,830|98,R2A MEDIUM|RHIZOBIUM MEDIUM,2
1806,4,GCF_900011245.1,Bradyrhizobium sp.,Bradyrhizobium,Nitrobacteraceae,26.0,,,,98,RHIZOBIUM MEDIUM,1
1808,4,GCA_000473125,Bradyrhizobium sp.,Bradyrhizobium,Nitrobacteraceae,30.0,,,,98,RHIZOBIUM MEDIUM,1
1810,4,GCA_013179005,Bradyrhizobium denitrificans,Bradyrhizobium,Nitrobacteraceae,37.0,,,,830,R2A MEDIUM,1
1814,4,GCF_054823275.1,Bradyrhizobium liaoningense,Bradyrhizobium,Nitrobacteraceae,27.5,6.65,,,98,RHIZOBIUM MEDIUM,1
1815,4,GCF_029714545.1,Bradyrhizobium pachyrhizi,Bradyrhizobium,Nitrobacteraceae,28.0,7.0,,obligate aerobe,98,RHIZOBIUM MEDIUM,1
1816,4,GCA_001440395,Bradyrhizobium jicamae,Bradyrhizobium,Nitrobacteraceae,28.0,7.0,1.0,,98,RHIZOBIUM MEDIUM,1
1822,4,GCA_013415845,Rhodopseudomonas palustris,Rhodopseudomonas,Nitrobacteraceae,30.0,,,anaerobe,,,0
1825,4,GCA_028550555,Rhodoplanes tepidamans,Rhodoplanes,Nitrobacteraceae,40.0,7.15,1.0,anaerobe,,,0
1828,4,GCA_900110435,Rhodopseudomonas pseudopalustris,Rhodopseudomonas,Nitrobacteraceae,27.5,7.0,,anaerobe,,,0
2090,4,GCA_000317795,Caldisphaera lagunensis,Caldisphaera,Acidilobaceae,74.0,3.75,,anaerobe,,,0
2352,4,GCA_000212695,Cellulomonas fimi,Cellulomonas,Cellulomonadaceae,28.0,,0.0,aerobe,53,CORYNEBACTERIUM AGAR,1
2354,4,GCA_000092865,Cellulomonas flavigena,Cellulomonas,Cellulomonadaceae,29.0,7.0,2.5,aerobe,53,CORYNEBACTERIUM AGAR,1
2359,4,GCA_013359775,Cellulomonas humilata,Cellulomonas,Cellulomonadaceae,30.0,,,microaerophile,215|693,BHI MEDIUM|COLUMBIA BLOOD MEDIUM,2
2360,4,GCA_014201095,Cellulomonas hominis,Cellulomonas,Cellulomonadaceae,37.0,,5.0,facultative anaerobe,92,TRYPTICASE SOY YEAST EXTRACT MEDIUM,1
2361,4,GCF_018917805.1,Cellulomonas hominis,Cellulomonas,Cellulomonadaceae,28.0,,,,92,TRYPTICASE SOY YEAST EXTRACT MEDIUM,1
2363,4,GCF_055396485.1,Cellulomonas pakistanensis,Cellulomonas,Cellulomonadaceae,28.0,,,,92,TRYPTICASE SOY YEAST EXTRACT MEDIUM,1
2366,4,GCA_001315225,Cellulomonas iranensis,Cellulomonas,Cellulomonadaceae,29.0,,,facultative anaerobe,92,TRYPTICASE SOY YEAST EXTRACT MEDIUM,1
2369,4,GCA_000767165,Cellulomonas bogoriensis,Cellulomonas,Cellulomonadaceae,30.75,9.5,,facultative anaerobe,,,0
2374,4,GCA_016862775,Cellulomonas phragmiteti,Cellulomonas,Cellulomonadaceae,28.0,,,,92,TRYPTICASE SOY YEAST EXTRACT MEDIUM,1
2537,4,GCA_000299355,Gottschalkia acidurici,Gottschalkia,Gottschalkiaceae,34.0,7.85,,anaerobe,,,0
3036,4,GCA_000025265,Conexibacter woesei,Conexibacter,Conexibacteraceae,28.0,,,obligate aerobe,92,TRYPTICASE SOY YEAST EXTRACT MEDIUM,1
3040,4,GCA_000024225,Lancefieldella parvula,Lancefieldella,Atopobiaceae,37.0,,,anaerobe,104,PYG MEDIUM (modified),1
3042,4,GCA_000483125,Atopobium fossor,Atopobium,Atopobiaceae,37.0,,,obligate anaerobe,110,CHOPPED MEAT MEDIUM WITH CARBOHYDRATES,1
3043,4,GCA_000159235,Fannyhessea vaginae,Fannyhessea,Atopobiaceae,37.0,,,anaerobe,104|110|693,PYG MEDIUM (modified)|CHOPPED MEAT MEDIUM WITH CARBOHYDRATES|COLUMBIA BLOOD MEDIUM,3
3059,4,GCA_000143845,Olsenella uli,Olsenella,Atopobiaceae,37.0,,,obligate anaerobe,104|693,PYG MEDIUM (modified)|COLUMBIA BLOOD MEDIUM,2
3060,4,GCA_030811115,Olsenella profusa,Olsenella,Atopobiaceae,37.0,,,obligate anaerobe,104|693,PYG MEDIUM (modified)|COLUMBIA BLOOD MEDIUM,2
3755,4,GCA_000022145,Anaeromyxobacter dehalogenans,Anaeromyxobacter,Anaeromyxobacteraceae,28.0,,,anaerobe,830,R2A MEDIUM,1
3757,4,GCA_000013385,Anaeromyxobacter dehalogenans,Anaeromyxobacter,Anaeromyxobacteraceae,28.0,,,anaerobe,830,R2A MEDIUM,1
3942,4,GCA_000298175,Austwickia chelonae,Austwickia,Dermatophilaceae,30.0,,7.5,aerobe,535,TRYPTICASE SOY BROTH AGAR,1
4189,4,GCA_001481685,Ignicoccus islandicus,Ignicoccus,Desulfurococcaceae,90.0,5.8,2.0,anaerobe,,,0
4190,4,GCA_025340205,Ignicoccus pacificus,Ignicoccus,Desulfurococcaceae,90.0,6.0,2.0,anaerobe,,,0
4191,4,GCA_000017945,Ignicoccus hospitalis,Ignicoccus,Desulfurococcaceae,90.0,5.5,1.4,anaerobe,,,0
4198,4,GCA_000186365,Desulfurococcus mucosus,Desulfurococcus,Desulfurococcaceae,85.0,5.75,,anaerobe,,,0
4205,4,GCA_000092185,Thermosphaera aggregans,Thermosphaera,Desulfurococcaceae,85.0,6.5,,anaerobe,,,0
4283,4,GCF_000015585.1,Halorhodospira halophila,Halorhodospira,Halorhodospiraceae,25.0,,,anaerobe,,,0
4356,4,GCA_000264785,Edwardsiella ictaluri,Edwardsiella,Hafniaceae,30.5,,,facultative anaerobe,693|92,COLUMBIA BLOOD MEDIUM|TRYPTICASE SOY YEAST EXTRACT MEDIUM,2
4939,4,GCF_020150375.1,Hafnia paralvei,Hafnia,Hafniaceae,30.0,,,,693|92,COLUMBIA BLOOD MEDIUM|TRYPTICASE SOY YEAST EXTRACT MEDIUM,2
5093,4,GCA_000241955,Rahnella aquatilis,Rahnella,Yersiniaceae,33.5,,,facultative anaerobe,1,NUTRIENT AGAR,1
5094,4,GCF_000241955.1,Rahnella aquatilis,Rahnella,Yersiniaceae,29.0,,,,1|535,NUTRIENT AGAR|TRYPTICASE SOY BROTH AGAR,2
5095,4,GCA_003602055,Rahnella inusitata,Rahnella,Yersiniaceae,30.0,,,facultative anaerobe,1a,REACTIVATION WITH LIQUID MEDIUM 1,1
5153,4,GCA_016027835,Serratia plymuthica,Serratia,Yersiniaceae,30.0,,,,220,CASO AGAR (Merck 105458),1
5157,4,GCA_008830365,Serratia proteamaculans subsp. proteamaculans,Serratia,Yersiniaceae,30.0,,,aerobe,693|92,COLUMBIA BLOOD MEDIUM|TRYPTICASE SOY YEAST EXTRACT MEDIUM,2
5158,4,GCA_900457075,Serratia quinivorans,Serratia,Yersiniaceae,30.0,,,facultative anaerobe,1a,REACTIVATION WITH LIQUID MEDIUM 1,1
5159,4,GCA_001598675,Serratia rubidaea,Serratia,Yersiniaceae,32.75,,,facultative anaerobe,1,NUTRIENT AGAR,1
5161,4,GCA_000422085,Serratia liquefaciens,Serratia,Yersiniaceae,29.0,,,aerobe,1|693|92,NUTRIENT AGAR|COLUMBIA BLOOD MEDIUM|TRYPTICASE SOY YEAST EXTRACT MEDIUM,3
5163,4,GCA_001590905,Serratia grimesii,Serratia,Yersiniaceae,30.0,,,,1,NUTRIENT AGAR,1
5165,4,GCA_017654245,Serratia marcescens,Serratia,Yersiniaceae,33.5,,,aerobe,1|693|92,NUTRIENT AGAR|COLUMBIA BLOOD MEDIUM|TRYPTICASE SOY YEAST EXTRACT MEDIUM,3
5216,4,GCA_900637475,Yersinia pseudotuberculosis,Yersinia,Yersiniaceae,33.5,,,aerobe,215|693,BHI MEDIUM|COLUMBIA BLOOD MEDIUM,2
5217,4,GCA_000253175,Yersinia enterocolitica subsp. palearctica,Yersinia,Yersiniaceae,30.0,,,aerobe,1|693|92,NUTRIENT AGAR|COLUMBIA BLOOD MEDIUM|TRYPTICASE SOY YEAST EXTRACT MEDIUM,3
5225,4,GCA_013282725,Yersinia mollaretii,Yersinia,Yersiniaceae,29.0,,,,215|535,BHI MEDIUM|TRYPTICASE SOY BROTH AGAR,2
5226,4,GCA_013282745,Yersinia bercovieri,Yersinia,Yersiniaceae,30.0,,,aerobe,535,TRYPTICASE SOY BROTH AGAR,1
5227,4,GCA_000173715,Yersinia kristensenii subsp. kristensenii,Yersinia,Yersiniaceae,30.0,,,facultative anaerobe,535,TRYPTICASE SOY BROTH AGAR,1
5229,4,GCA_001656035,Yersinia entomophaga,Yersinia,Yersiniaceae,33.5,,,aerobe,535,TRYPTICASE SOY BROTH AGAR,1
5230,4,GCA_001112925,Yersinia nurmii,Yersinia,Yersiniaceae,30.0,,,aerobe,535,TRYPTICASE SOY BROTH AGAR,1
5367,4,GCA_900637845,Erysipelothrix rhusiopathiae,Erysipelothrix,Erysipelotrichaceae,37.0,,,facultative anaerobe,693,COLUMBIA BLOOD MEDIUM,1
5504,4,GCA_900104195,Cloacibacterium normanense,Cloacibacterium,Weeksellaceae,30.0,7.5,,facultative anaerobe,1,NUTRIENT AGAR,1
5506,4,GCA_900475375,Elizabethkingia meningoseptica,Elizabethkingia,Weeksellaceae,33.5,,,obligate aerobe,1,NUTRIENT AGAR,1
5507,4,GCA_900092045,Elizabethkingia miricola,Elizabethkingia,Weeksellaceae,30.0,,,aerobe,1|215,NUTRIENT AGAR|BHI MEDIUM,2
5518,4,GCF_029369705.1,Sphingobacterium sp.,Sphingobacterium,Sphingobacteriaceae,30.0,,,,1,NUTRIENT AGAR,1
5635,4,GCF_900101995.1,Riemerella columbipharyngis,Riemerella,Weeksellaceae,37.0,,,microaerophile,693,COLUMBIA BLOOD MEDIUM,1
5661,4,GCA_900637795,Weeksella virosa,Weeksella,Weeksellaceae,33.5,,,obligate aerobe,220,CASO AGAR (Merck 105458),1
5666,4,GCA_016728765,Chryseobacterium sp.,Chryseobacterium,Weeksellaceae,30.0,,,,830,R2A MEDIUM,1
5669,4,GCA_900099685,Chryseobacterium taeanense,Chryseobacterium,Weeksellaceae,27.5,5.0,,aerobe,830,R2A MEDIUM,1
5670,4,GCA_900168205,Chryseobacterium balustinum,Chryseobacterium,Weeksellaceae,30.0,,,obligate aerobe,92,TRYPTICASE SOY YEAST EXTRACT MEDIUM,1
5671,4,GCA_900460995,Chryseobacterium indologenes,Chryseobacterium,Weeksellaceae,30.0,,,,92,TRYPTICASE SOY YEAST EXTRACT MEDIUM,1
5677,4,GCA_003729955,Chryseobacterium daecheongense,Chryseobacterium,Weeksellaceae,30.0,,,aerobe,1,NUTRIENT AGAR,1
5678,4,GCA_900156575,Chryseobacterium shigense,Chryseobacterium,Weeksellaceae,25.0,6.5,,aerobe,1,NUTRIENT AGAR,1
5679,4,GCA_900116415,Chryseobacterium formosense,Chryseobacterium,Weeksellaceae,29.0,,,aerobe,1,NUTRIENT AGAR,1
5681,4,GCA_000426465,Chryseobacterium caeni,Chryseobacterium,Weeksellaceae,29.0,7.25,1.5,aerobe,830,R2A MEDIUM,1
5688,4,GCA_000430845,Chryseobacterium gregarium,Chryseobacterium,Weeksellaceae,25.0,,,aerobe,1,NUTRIENT AGAR,1
5694,4,GCA_900102265,Chryseobacterium hungaricum,Chryseobacterium,Weeksellaceae,29.0,7.0,,aerobe,1,NUTRIENT AGAR,1
5696,4,GCA_003730015,Chryseobacterium hominis,Chryseobacterium,Weeksellaceae,30.0,,,aerobe,1,NUTRIENT AGAR,1
5697,4,GCF_003730015.1,Chryseobacterium hominis,Chryseobacterium,Weeksellaceae,28.0,,,,92,TRYPTICASE SOY YEAST EXTRACT MEDIUM,1
5699,4,GCA_900142325,Chryseobacterium molle,Chryseobacterium,Weeksellaceae,30.0,,,aerobe,545,TRYPTONE SOYA BROTH (TSB),1
5701,4,GCA_900156735,Chryseobacterium ureilyticum,Chryseobacterium,Weeksellaceae,28.5,7.0,0.45,aerobe,545,TRYPTONE SOYA BROTH (TSB),1
5702,4,GCA_900100075,Chryseobacterium jejuense,Chryseobacterium,Weeksellaceae,29.0,6.5,,aerobe,830,R2A MEDIUM,1
5708,4,GCA_900114045,Chryseobacterium treverense,Chryseobacterium,Weeksellaceae,20.0,,6.0,aerobe,693|830,COLUMBIA BLOOD MEDIUM|R2A MEDIUM,2
5710,4,GCF_900156725.1,Chryseobacterium chaponense,Chryseobacterium,Weeksellaceae,28.0,,,,830,R2A MEDIUM,1
5741,4,GCA_900167905,Chryseobacterium buanense,Chryseobacterium,Weeksellaceae,30.0,7.0,0.75,aerobe,1,NUTRIENT AGAR,1
5804,4,GCA_000817955,Geobacter pickeringii,Geobacter,Geobacteraceae,30.0,,,anaerobe,,,0
5843,4,GCA_039531525,Glycomyces endophyticus,Glycomyces,Glycomycetaceae,28.0,7.0,,aerobe,553|65,GPHF-MEDIUM|GYM STREPTOMYCES MEDIUM,2
5845,4,GCA_900102815,Glycomyces sambucus,Glycomyces,Glycomycetaceae,28.5,,,aerobe,535|65,TRYPTICASE SOY BROTH AGAR|GYM STREPTOMYCES MEDIUM,2
5847,4,GCA_039531935,Glycomyces scopariae,Glycomyces,Glycomycetaceae,28.0,7.0,2.5,aerobe,535|65,TRYPTICASE SOY BROTH AGAR|GYM STREPTOMYCES MEDIUM,2
5850,4,GCA_000527155,Haloglycomyces albus,Haloglycomyces,Glycomycetaceae,37.0,7.25,10.0,aerobe,,,0
5851,4,GCA_000376785,Hahella ganghwensis,Hahella,Hahellaceae,35.0,7.5,5.0,aerobe,514,BACTO MARINE BROTH (DIFCO 2216),1
5884,4,GCA_000337115,Haloterrigena thermotolerans,Haloterrigena,Natrialbaceae,37.0,,,,,,0
5889,4,GCA_000337615,Natrinema pallidum,Natrinema,Natrialbaceae,37.0,,,,,,0
5892,4,GCA_000337195,Natrinema versiforme,Natrinema,Natrialbaceae,37.0,,,,,,0
5963,4,GCA_000337535,Natrialba aegyptia,Natrialba,Natrialbaceae,37.0,,,,,,0
5973,4,GCA_000217715,Halopiger xanaduensis,Halopiger,Natrialbaceae,37.0,,,,,,0
5974,4,GCA_003610195,Halopiger aswanensis,Halopiger,Natrialbaceae,40.0,7.5,23.75,aerobe,,,0
5989,4,GCA_000379025,Orenia marismortui,Orenia,Halobacteroidaceae,30.0,,,,,,0
6161,4,GCF_001402875.1,Blastochloris viridis,Blastochloris,Blastochloridaceae,25.0,,,anaerobe,,,0
6164,4,GCA_000743575,Devosia riboflavina,Devosia,Devosiaceae,30.0,,,,,,0
6168,4,GCA_014197055,Devosia subaequoris,Devosia,Devosiaceae,31.0,8.6,1.5,aerobe,514,BACTO MARINE BROTH (DIFCO 2216),1
6169,4,GCA_000969415,Devosia geojensis,Devosia,Devosiaceae,32.5,8.25,,aerobe,830,R2A MEDIUM,1
6173,4,GCA_900112505,Devosia psychrophila,Devosia,Devosiaceae,15.0,,,aerobe,830,R2A MEDIUM,1
6188,4,GCF_003258865.1,Rhodoplanes roseus,Rhodoplanes,Nitrobacteraceae,35.0,,,anaerobe,,,0
6196,4,GCA_000423365,Maritalea myrionectae,Maritalea,Devosiaceae,32.5,7.6,3.5,aerobe,514,BACTO MARINE BROTH (DIFCO 2216),1
6197,4,GCA_000429865,Cucumibacter marinus,Cucumibacter,Devosiaceae,32.5,7.0,2.0,aerobe,514,BACTO MARINE BROTH (DIFCO 2216),1
6198,4,GCA_000230555,Pelagibacterium halotolerans,Pelagibacterium,Devosiaceae,29.0,,,,514,BACTO MARINE BROTH (DIFCO 2216),1
6380,4,GCA_016128055,Pediococcus acidilactici,Pediococcus,Lactobacillaceae,32.5,,,facultative anaerobe,11,MRS MEDIUM,1
6385,4,GCA_002982135,Pediococcus inopinatus,Pediococcus,Lactobacillaceae,30.0,,,aerobe,11,MRS MEDIUM,1
6392,4,GCA_016028695,Pediococcus pentosaceus,Pediococcus,Lactobacillaceae,30.0,,,,11,MRS MEDIUM,1
6393,4,GCA_016127775,Pediococcus pentosaceus,Pediococcus,Lactobacillaceae,31.75,,,anaerobe,11,MRS MEDIUM,1
6400,4,GCA_001042405,Lactobacillus sp.,Lactobacillus,Lactobacillaceae,26.0,,,,,,0
6401,4,GCF_008831485.1,Lactobacillus acetotolerans,Lactobacillus,Lactobacillaceae,30.0,,,,,,0
6412,4,GCA_001437365,Lactobacillus amylovorus subsp. animalium,Lactobacillus,Lactobacillaceae,37.0,7.0,,microaerophile,11,MRS MEDIUM,1
6417,4,GCA_001435375,Ligilactobacillus araffinosus,Ligilactobacillus,Lactobacillaceae,37.0,,,anaerobe,58,BIFIDOBACTERIUM MEDIUM,1
6434,4,GCA_007989185,Lacticaseibacillus paracasei subsp. tolerans,Lacticaseibacillus,Lactobacillaceae,30.0,,,facultative anaerobe,11,MRS MEDIUM,1
6438,4,GCF_002706425.1,Loigolactobacillus coryniformis subsp. coryniformis,Loigolactobacillus,Lactobacillaceae,30.0,,,,11,MRS MEDIUM,1
6442,4,GCA_018987235,Lactobacillus crispatus,Lactobacillus,Lactobacillaceae,37.0,,,anaerobe,104|58,PYG MEDIUM (modified)|BIFIDOBACTERIUM MEDIUM,2
6455,4,GCA_002706745,Companilactobacillus farciminis,Companilactobacillus,Lactobacillaceae,30.0,,,facultative anaerobe,11,MRS MEDIUM,1
6461,4,GCA_000185465,Fructilactobacillus fructivorans,Fructilactobacillus,Lactobacillaceae,30.0,,,anaerobe,11,MRS MEDIUM,1
6463,4,GCA_001436935,Fructilactobacillus fructivorans,Fructilactobacillus,Lactobacillaceae,28.0,,,,,,0
6471,4,GCA_015698225,Lactobacillus helveticus,Lactobacillus,Lactobacillaceae,37.0,,,anaerobe,11,MRS MEDIUM,1
6473,4,GCA_000159315,Lentilactobacillus hilgardii,Lentilactobacillus,Lactobacillaceae,30.0,,,facultative anaerobe,11,MRS MEDIUM,1
6475,4,GCA_018094625,Lactobacillus jensenii,Lactobacillus,Lactobacillaceae,36.0,,,anaerobe,,,0
6480,4,GCF_001702115.1,Fructilactobacillus lindneri,Fructilactobacillus,Lactobacillaceae,26.5,,,,,,0
6481,4,GCA_002907025,Fructilactobacillus lindneri,Fructilactobacillus,Lactobacillaceae,28.0,,,,,,0
6482,4,GCA_000276905,Liquorilactobacillus mali,Liquorilactobacillus,Lactobacillaceae,30.0,,,,11,MRS MEDIUM,1
6484,4,GCA_001591685,Ligilactobacillus murinus,Ligilactobacillus,Lactobacillaceae,37.0,,,anaerobe,11,MRS MEDIUM,1
6486,4,GCA_001434465,Limosilactobacillus oris,Limosilactobacillus,Lactobacillaceae,37.0,,,aerobe,11,MRS MEDIUM,1
6489,4,GCA_001433915,Lactobacillus pasteurii,Lactobacillus,Lactobacillaceae,41.0,6.5,1.5,microaerophile,11,MRS MEDIUM,1
6493,4,GCA_001888655,Lactiplantibacillus plantarum subsp. plantarum,Lactiplantibacillus,Lactobacillaceae,30.0,,,facultative anaerobe,11,MRS MEDIUM,1
6505,4,GCA_000168255,Limosilactobacillus reuteri subsp. rodentium,Limosilactobacillus,Lactobacillaceae,37.0,,,microaerophile,11,MRS MEDIUM,1
6506,4,GCF_020784875.1,Limosilactobacillus reuteri,Limosilactobacillus,Lactobacillaceae,37.0,,,facultative anaerobe,11,MRS MEDIUM,1
6516,4,GCF_002370355.1,Latilactobacillus sakei subsp. sakei,Latilactobacillus,Lactobacillaceae,30.0,,,facultative anaerobe,11,MRS MEDIUM,1
6525,4,GCF_046109915.1,Lactobacillus helveticus,Lactobacillus,Lactobacillaceae,37.0,,,anaerobe,,,0
6527,4,GCF_036661375.1,Lactococcus sp.,Lactococcus,Streptococcaceae,26.0,,,microaerophile,,,0
6528,4,GCF_002706745.1,Companilactobacillus farciminis,Companilactobacillus,Lactobacillaceae,30.0,,,facultative anaerobe,11,MRS MEDIUM,1
6530,4,GCA_001434475,Paucilactobacillus suebicus,Paucilactobacillus,Lactobacillaceae,31.75,,,anaerobe,,,0
6535,4,GCA_001435325,Lactobacillus intestinalis,Lactobacillus,Lactobacillaceae,37.0,,,anaerobe,11,MRS MEDIUM,1
6543,4,GCA_045166205,Lentilactobacillus parabuchneri,Lentilactobacillus,Lactobacillaceae,30.0,,,,11,MRS MEDIUM,1
6544,4,GCA_001437335,Lentilactobacillus parabuchneri,Lentilactobacillus,Lactobacillaceae,30.0,,,microaerophile,11,MRS MEDIUM,1
6554,4,GCA_000949485,Lacticaseibacillus paracasei subsp. paracasei,Lacticaseibacillus,Lactobacillaceae,30.0,,,,11,MRS MEDIUM,1
6555,4,GCA_023656965,Lacticaseibacillus paracasei subsp. paracasei,Lacticaseibacillus,Lactobacillaceae,30.0,,,,11,MRS MEDIUM,1
6558,4,GCA_905371805,Limosilactobacillus vaginalis,Limosilactobacillus,Lactobacillaceae,37.0,,,anaerobe,11,MRS MEDIUM,1
6561,4,GCF_014058685.1,Lactobacillus johnsonii,Lactobacillus,Lactobacillaceae,37.0,,,anaerobe,11,MRS MEDIUM,1
6565,4,GCA_001434975,Lactobacillus gallinarum,Lactobacillus,Lactobacillaceae,37.0,,,anaerobe,11,MRS MEDIUM,1
6575,4,GCA_001435935,Limosilactobacillus panis,Limosilactobacillus,Lactobacillaceae,37.0,,,anaerobe,,,0
6576,4,GCA_001436045,Limosilactobacillus frumenti,Limosilactobacillus,Lactobacillaceae,37.0,,,anaerobe,,,0
6578,4,GCA_009764365,Companilactobacillus kimchii,Companilactobacillus,Lactobacillaceae,30.0,,,anaerobe,11,MRS MEDIUM,1
6581,4,GCF_011058775.1,Lactobacillus iners,Lactobacillus,Lactobacillaceae,37.0,,,anaerobe,58|693,BIFIDOBACTERIUM MEDIUM|COLUMBIA BLOOD MEDIUM,2
6582,4,GCA_001436805,Paralactobacillus selangorensis,Paralactobacillus,Lactobacillaceae,30.0,,,anaerobe,11,MRS MEDIUM,1
6587,4,GCA_001435055,Limosilactobacillus coleohominis,Limosilactobacillus,Lactobacillaceae,37.0,,,facultative anaerobe,11,MRS MEDIUM,1
6589,4,GCF_900258455.1,Latilactobacillus fuchuensis,Latilactobacillus,Lactobacillaceae,20.0,,,,11,MRS MEDIUM,1
6593,4,GCA_001434295,Companilactobacillus versmoldensis,Companilactobacillus,Lactobacillaceae,30.0,,,aerobe,11,MRS MEDIUM,1
6595,4,GCA_001435095,Levilactobacillus spicheri,Levilactobacillus,Lactobacillaceae,29.0,,,microaerophile,11,MRS MEDIUM,1
6599,4,GCF_001436295.1,Paucilactobacillus vaccinostercus,Paucilactobacillus,Lactobacillaceae,30.0,,,microaerophile,11,MRS MEDIUM,1
6601,4,GCA_000277855,Furfurilactobacillus rossiae,Furfurilactobacillus,Lactobacillaceae,30.0,,,anaerobe,11,MRS MEDIUM,1
6603,4,GCF_007992315.1,Latilactobacillus sakei subsp. carnosus,Latilactobacillus,Lactobacillaceae,30.0,,,microaerophile,11,MRS MEDIUM,1
6604,4,GCA_000615765,Ligilactobacillus equi,Ligilactobacillus,Lactobacillaceae,37.0,,,microaerophile,11,MRS MEDIUM,1
6605,4,GCA_001436945,Ligilactobacillus acidipiscis,Ligilactobacillus,Lactobacillaceae,37.0,,,facultative anaerobe,11,MRS MEDIUM,1
6606,4,GCA_007991135,Ligilactobacillus acidipiscis,Ligilactobacillus,Lactobacillaceae,30.0,,10.0,microaerophile,,,0
6607,4,GCA_001435155,Lacticaseibacillus pantheris,Lacticaseibacillus,Lactobacillaceae,37.0,,,anaerobe,11,MRS MEDIUM,1
6613,4,GCA_000160835,Limosilactobacillus antri,Limosilactobacillus,Lactobacillaceae,35.0,,,anaerobe,11,MRS MEDIUM,1
6619,4,GCA_000159415,Lactobacillus ultunensis,Lactobacillus,Lactobacillaceae,33.5,,,anaerobe,11,MRS MEDIUM,1
6626,4,GCA_003641165,Lactiplantibacillus argentoratensis,Lactiplantibacillus,Lactobacillaceae,30.0,,,microaerophile,11,MRS MEDIUM,1
6627,4,GCA_001434435,Lactobacillus kitasatonis,Lactobacillus,Lactobacillaceae,37.0,,,microaerophile,11,MRS MEDIUM,1
6628,4,GCA_001435815,Companilactobacillus nantensis,Companilactobacillus,Lactobacillaceae,30.0,6.050000000000001,,anaerobe,,,0
6645,4,GCA_024622405,Ligilactobacillus apodemi,Ligilactobacillus,Lactobacillaceae,37.0,,,anaerobe,11,MRS MEDIUM,1
6646,4,GCA_001434405,Ligilactobacillus apodemi,Ligilactobacillus,Lactobacillaceae,31.0,7.0,,anaerobe,11,MRS MEDIUM,1
6654,4,GCF_900475625.1,Levilactobacillus brevis,Levilactobacillus,Lactobacillaceae,30.0,,,facultative anaerobe,11,MRS MEDIUM,1
6655,4,GCA_000469365,Levilactobacillus brevis,Levilactobacillus,Lactobacillaceae,30.0,,,anaerobe,11,MRS MEDIUM,1
6658,4,GCF_001435235.1,Liquorilactobacillus ghanensis,Liquorilactobacillus,Lactobacillaceae,31.75,,,anaerobe,11,MRS MEDIUM,1
6659,4,GCF_000155515.2,Lacticaseibacillus paracasei subsp. paracasei,Lacticaseibacillus,Lactobacillaceae,37.0,,,microaerophile,11,MRS MEDIUM,1
6664,4,GCA_002735985,Ligilactobacillus salivarius,Ligilactobacillus,Lactobacillaceae,37.0,,,microaerophile,11,MRS MEDIUM,1
6666,4,GCA_001434555,Amylolactobacillus amylotrophicus,Amylolactobacillus,Lactobacillaceae,28.0,,,facultative anaerobe,11,MRS MEDIUM,1
6669,4,GCA_001437055,Limosilactobacillus secaliphilus,Limosilactobacillus,Lactobacillaceae,40.0,,3.0,microaerophile,,,0
6670,4,GCA_001436615,Lacticaseibacillus camelliae,Lacticaseibacillus,Lactobacillaceae,34.0,,,microaerophile,11,MRS MEDIUM,1
6671,4,GCA_001436135,Lacticaseibacillus thailandensis,Lacticaseibacillus,Lactobacillaceae,37.0,,,microaerophile,11,MRS MEDIUM,1
6673,4,GCF_019443985.1,Liquorilactobacillus hordei,Liquorilactobacillus,Lactobacillaceae,30.0,,,microaerophile,11,MRS MEDIUM,1
6674,4,GCA_001435555,Companilactobacillus nodensis,Companilactobacillus,Lactobacillaceae,26.0,,7.5,microaerophile,11,MRS MEDIUM,1
6676,4,GCA_001436275,Liquorilactobacillus oeni,Liquorilactobacillus,Lactobacillaceae,30.0,5.8,5.0,microaerophile,11,MRS MEDIUM,1
6684,4,GCA_001434135,Lentilactobacillus kisonensis,Lentilactobacillus,Lactobacillaceae,30.5,,,microaerophile,11,MRS MEDIUM,1
6687,4,GCA_001435575,Lentilactobacillus sunkii,Lentilactobacillus,Lactobacillaceae,30.0,,,microaerophile,11,MRS MEDIUM,1
6688,4,GCF_001435575.1,Lentilactobacillus sunkii,Lentilactobacillus,Lactobacillaceae,30.0,,,microaerophile,11,MRS MEDIUM,1
6691,4,GCA_001436755,Liquorilactobacillus aquaticus,Liquorilactobacillus,Lactobacillaceae,30.0,6.25,,microaerophile,11,MRS MEDIUM,1
6694,4,GCA_001436595,Secundilactobacillus similis,Secundilactobacillus,Lactobacillaceae,37.0,,,anaerobe,11,MRS MEDIUM,1
6695,4,GCA_001437125,Levilactobacillus paucivorans,Levilactobacillus,Lactobacillaceae,30.0,4.0,5.0,obligate anaerobe,,,0
6700,4,GCA_000296855,Lactobacillus gigeriorum,Lactobacillus,Lactobacillaceae,37.0,6.0,1.0,microaerophile,11,MRS MEDIUM,1
6704,4,GCA_001436115,Lacticaseibacillus brantae,Lacticaseibacillus,Lactobacillaceae,37.0,,,microaerophile,11,MRS MEDIUM,1
6813,4,GCA_000241055,Oenococcus kitaharae,Oenococcus,Lactobacillaceae,30.0,,,microaerophile,,,0
6824,4,GCF_000014445.1,Leuconostoc mesenteroides subsp. mesenteroides,Leuconostoc,Lactobacillaceae,30.0,,,,11|693|92,MRS MEDIUM|COLUMBIA BLOOD MEDIUM|TRYPTICASE SOY YEAST EXTRACT MEDIUM,3
6829,4,GCA_000820965,Leuconostoc citreum,Leuconostoc,Lactobacillaceae,30.0,,,anaerobe,11,MRS MEDIUM,1
6832,4,GCA_016127035,Leuconostoc pseudomesenteroides,Leuconostoc,Lactobacillaceae,30.0,,,,11,MRS MEDIUM,1
6834,4,GCF_004354645.1,Leuconostoc fallax,Leuconostoc,Lactobacillaceae,30.0,,,,11,MRS MEDIUM,1
6836,4,GCA_000165675,Leuconostoc fallax,Leuconostoc,Lactobacillaceae,30.0,,,,11,MRS MEDIUM,1
6837,4,GCA_019656015,Leuconostoc inhae,Leuconostoc,Lactobacillaceae,25.0,,,anaerobe,11,MRS MEDIUM,1
6838,4,GCA_000196855,Leuconostoc gasicomitatum,Leuconostoc,Lactobacillaceae,22.0,,,anaerobe,,,0
6839,4,GCA_019655995,Leuconostoc holzapfelii,Leuconostoc,Lactobacillaceae,23.5,3.9,,microaerophile,11,MRS MEDIUM,1
6841,4,GCA_019656055,Leuconostoc miyukkimchii,Leuconostoc,Lactobacillaceae,30.0,,,microaerophile,11,MRS MEDIUM,1
6844,4,GCA_007991875,Weissella confusa,Weissella,Lactobacillaceae,30.0,,,aerobe,11,MRS MEDIUM,1
6848,4,GCF_014789145.1,Weissella viridescens,Weissella,Lactobacillaceae,30.0,,,,11,MRS MEDIUM,1
6850,4,GCF_036327715.1,Weissella paramesenteroides,Weissella,Lactobacillaceae,30.0,,,,11,MRS MEDIUM,1
6853,4,GCA_007991555,Weissella soli,Weissella,Lactobacillaceae,30.0,,,anaerobe,11,MRS MEDIUM,1
6862,4,GCA_001047075,Fructobacillus ficulneus,Fructobacillus,Lactobacillaceae,30.0,,,obligate aerobe,11,MRS MEDIUM,1
7010,4,GCA_000275865,Methanofollis liminatans,Methanofollis,Methanomicrobiaceae,37.0,,,anaerobe,,,0
7011,4,GCF_000275865.1,Methanofollis liminatans,Methanofollis,Methanomicrobiaceae,37.0,,,anaerobe,,,0
7013,4,GCA_019633745,Methanofollis formosanus,Methanofollis,Methanomicrobiaceae,37.0,,,anaerobe,,,0
7016,4,GCA_000304355,Methanoculleus bourgensis,Methanoculleus,Methanomicrobiaceae,37.0,,,anaerobe,,,0
7023,4,GCF_001571405.1,Methanoculleus thermophilus,Methanoculleus,Methanomicrobiaceae,55.0,,,anaerobe,,,0
7028,4,GCA_045689355,Methanoculleus palmolei,Methanoculleus,Methanomicrobiaceae,37.0,,,anaerobe,,,0
7033,4,GCA_026684035,Methanogenium organophilum,Methanogenium,Methanomicrobiaceae,30.0,,,anaerobe,,,0
7036,4,GCA_028912405,Methanogenium marinum,Methanogenium,Methanomicrobiaceae,22.0,,,anaerobe,,,0
7040,4,GCA_000711215,Methanomicrobium mobile,Methanomicrobium,Methanomicrobiaceae,37.0,,,anaerobe,pdf,,1
7041,4,GCA_024662215,Methanoplanus endosymbiosus,Methanoplanus,Methanomicrobiaceae,30.0,,,anaerobe,,,0
7205,4,GCA_000421465,Methylohalobius crimeensis,Methylohalobius,Methylothermaceae,30.0,7.0,1.25,aerobe,,,0
8213,4,GCA_000276805,Moritella dasanensis,Moritella,Moritellaceae,9.0,8.0,2.5,aerobe,514,BACTO MARINE BROTH (DIFCO 2216),1
8216,4,GCF_002102345.1,Mycobacterium peregrinum,Mycobacterium,Mycobacteriaceae,28.0,,,,65,GYM STREPTOMYCES MEDIUM,1
8219,4,GCA_900637205,Mycobacterium chitae,Mycobacterium,Mycobacteriaceae,37.0,,,microaerophile,354|645,LÖWENSTEIN-JENSEN MEDIUM|MIDDLEBROOK MEDIUM,2
8226,4,GCA_019456655,Mycobacterium diernhoferi,Mycobacterium,Mycobacteriaceae,37.0,,,obligate aerobe,354,LÖWENSTEIN-JENSEN MEDIUM,1
8228,4,GCA_900454115,Mycobacterium senegalense,Mycobacterium,Mycobacteriaceae,29.0,,,,535,TRYPTICASE SOY BROTH AGAR,1
8232,4,GCA_000723385,Mycobacterium farcinogenes,Mycobacterium,Mycobacteriaceae,37.0,,,microaerophile,354|645,LÖWENSTEIN-JENSEN MEDIUM|MIDDLEBROOK MEDIUM,2
8246,4,GCA_002245615,Mycobacterium neumannii,Mycobacterium,Mycobacteriaceae,37.0,,,facultative anaerobe,645|65,MIDDLEBROOK MEDIUM|GYM STREPTOMYCES MEDIUM,2
8249,4,GCF_012396425.1,Mycobacterium septicum,Mycobacterium,Mycobacteriaceae,37.0,,,,354|645,LÖWENSTEIN-JENSEN MEDIUM|MIDDLEBROOK MEDIUM,2
8270,4,GCA_003431565,Mycobacterium marinum,Mycobacterium,Mycobacteriaceae,26.5,,,,354|645,LÖWENSTEIN-JENSEN MEDIUM|MIDDLEBROOK MEDIUM,2
8271,4,GCA_003431605,Mycobacterium marinum,Mycobacterium,Mycobacteriaceae,25.0,,,,354|645,LÖWENSTEIN-JENSEN MEDIUM|MIDDLEBROOK MEDIUM,2
8276,4,GCA_002102345,Mycobacterium peregrinum,Mycobacterium,Mycobacteriaceae,37.0,,,obligate aerobe,645,MIDDLEBROOK MEDIUM,1
8277,4,GCF_965230835.1,Mycobacterium sp.,Mycobacterium,Mycobacteriaceae,37.0,,,,354|645,LÖWENSTEIN-JENSEN MEDIUM|MIDDLEBROOK MEDIUM,2
8279,4,GCF_900453675.1,Mycobacterium phlei,Mycobacterium,Mycobacteriaceae,37.0,,,,1|645,NUTRIENT AGAR|MIDDLEBROOK MEDIUM,2
8280,4,GCA_001582005,Mycobacterium phlei,Mycobacterium,Mycobacteriaceae,37.0,,,,354,LÖWENSTEIN-JENSEN MEDIUM,1
8282,4,GCA_001581995,Mycobacterium phlei,Mycobacterium,Mycobacteriaceae,37.0,,,,354,LÖWENSTEIN-JENSEN MEDIUM,1
8285,4,GCA_001583415,Mycobacterium phlei,Mycobacterium,Mycobacteriaceae,37.0,,,obligate aerobe,354,LÖWENSTEIN-JENSEN MEDIUM,1
8289,4,GCF_001612785.1,Nocardia beijingensis,Nocardia,Nocardiaceae,37.0,,,,354|645,LÖWENSTEIN-JENSEN MEDIUM|MIDDLEBROOK MEDIUM,2
8299,4,GCA_019645875,Mycobacterium senegalense,Mycobacterium,Mycobacteriaceae,37.0,,,,645,MIDDLEBROOK MEDIUM,1
8330,4,GCA_016995035,Mycobacterium sp.,Mycobacterium,Mycobacteriaceae,30.0,,,,1,NUTRIENT AGAR,1
8346,4,GCA_002102265,Mycobacterium longobardum,Mycobacterium,Mycobacteriaceae,31.0,,,microaerophile,645,MIDDLEBROOK MEDIUM,1
8347,4,GCA_002101705,Mycobacterium iranicum,Mycobacterium,Mycobacteriaceae,37.0,,5.0,microaerophile,645,MIDDLEBROOK MEDIUM,1
8348,4,GCA_022370835,Mycobacterium parakoreense,Mycobacterium,Mycobacteriaceae,37.0,,,aerobe,645,MIDDLEBROOK MEDIUM,1
8360,4,GCF_010725485.1,Mycobacterium parafortuitum,Mycobacterium,Mycobacteriaceae,37.0,,,,354,LÖWENSTEIN-JENSEN MEDIUM,1
8375,4,GCA_027627515,Mycobacterium neoaurum,Mycobacterium,Mycobacteriaceae,37.0,,,,354|645,LÖWENSTEIN-JENSEN MEDIUM|MIDDLEBROOK MEDIUM,2
8393,4,GCA_000157895,Mycobacterium kansasii,Mycobacterium,Mycobacteriaceae,37.0,,,obligate aerobe,645,MIDDLEBROOK MEDIUM,1
8401,4,GCA_000184435,Mycobacterium gilvum,Mycobacterium,Mycobacteriaceae,37.0,,,,645,MIDDLEBROOK MEDIUM,1
8403,4,GCA_000277125,Mycobacterium intracellulare subsp. intracellulare,Mycobacterium,Mycobacteriaceae,37.0,,,microaerophile,645,MIDDLEBROOK MEDIUM,1
8404,4,GCF_000277125.1,Mycobacterium intracellulare,Mycobacterium,Mycobacteriaceae,37.0,,,,354|645,LÖWENSTEIN-JENSEN MEDIUM|MIDDLEBROOK MEDIUM,2
8407,4,GCA_000521195,Mycobacterium gastri,Mycobacterium,Mycobacteriaceae,37.0,,,obligate aerobe,645,MIDDLEBROOK MEDIUM,1
8422,4,GCA_010729895,Mycobacterium confluentis,Mycobacterium,Mycobacteriaceae,37.0,,,aerobe,354|645,LÖWENSTEIN-JENSEN MEDIUM|MIDDLEBROOK MEDIUM,2
8432,4,GCA_900078675,Mycobacterium interjectum,Mycobacterium,Mycobacteriaceae,37.0,,,microaerophile,354|645,LÖWENSTEIN-JENSEN MEDIUM|MIDDLEBROOK MEDIUM,2
8433,4,GCA_001044245,Mycobacterium obuense,Mycobacterium,Mycobacteriaceae,37.0,,,aerobe,354|645,LÖWENSTEIN-JENSEN MEDIUM|MIDDLEBROOK MEDIUM,2
8434,4,GCF_000317305.3,Mycobacterium neoaurum,Mycobacterium,Mycobacteriaceae,37.0,,,,354|645,LÖWENSTEIN-JENSEN MEDIUM|MIDDLEBROOK MEDIUM,2
8438,4,GCA_025822605,Mycobacterium komossense,Mycobacterium,Mycobacteriaceae,37.0,,,,354|645,LÖWENSTEIN-JENSEN MEDIUM|MIDDLEBROOK MEDIUM,2
8440,4,GCA_013357385,Mycobacterium avium subsp. paratuberculosis,Mycobacterium,Mycobacteriaceae,37.0,,,,,,0
8441,4,GCA_010726245,Mycobacterium aichiense,Mycobacterium,Mycobacteriaceae,37.0,,,aerobe,645,MIDDLEBROOK MEDIUM,1
8452,4,GCA_025822865,Mycobacterium paraffinicum,Mycobacterium,Mycobacteriaceae,36.0,,,,645,MIDDLEBROOK MEDIUM,1
8467,4,GCA_010726085,Mycobacterium moriokaense,Mycobacterium,Mycobacteriaceae,37.0,,,aerobe,354|645,LÖWENSTEIN-JENSEN MEDIUM|MIDDLEBROOK MEDIUM,2
8470,4,GCA_010729485,Mycobacterium hiberniae,Mycobacterium,Mycobacteriaceae,37.0,,,,645,MIDDLEBROOK MEDIUM,1
8473,4,GCA_000974705,Mycobacterium celatum,Mycobacterium,Mycobacteriaceae,37.0,,,,645,MIDDLEBROOK MEDIUM,1
8474,4,GCA_001053185,Mycobacterium bohemicum,Mycobacterium,Mycobacteriaceae,37.0,,,obligate aerobe,645,MIDDLEBROOK MEDIUM,1
8478,4,GCA_010728155,Mycobacterium doricum,Mycobacterium,Mycobacteriaceae,37.0,,,aerobe,354|645,LÖWENSTEIN-JENSEN MEDIUM|MIDDLEBROOK MEDIUM,2
8484,4,GCF_010730745.1,Mycobacterium heidelbergense,Mycobacterium,Mycobacteriaceae,37.0,,,,645,MIDDLEBROOK MEDIUM,1
8487,4,GCF_010727475.1,Mycobacterium mageritense,Mycobacterium,Mycobacteriaceae,37.0,,,,354|645,LÖWENSTEIN-JENSEN MEDIUM|MIDDLEBROOK MEDIUM,2
8488,4,GCA_019645835,Mycobacterium holsaticum,Mycobacterium,Mycobacteriaceae,37.0,,,aerobe,645,MIDDLEBROOK MEDIUM,1
8495,4,GCF_002101785.1,Mycobacterium palustre,Mycobacterium,Mycobacteriaceae,37.0,,,,645,MIDDLEBROOK MEDIUM,1
8498,4,GCA_010723305,Mycobacterium botniense,Mycobacterium,Mycobacteriaceae,45.0,,,aerobe,645,MIDDLEBROOK MEDIUM,1
8504,4,GCA_025822145,Mycobacterium frederiksbergense,Mycobacterium,Mycobacteriaceae,32.5,,,,645,MIDDLEBROOK MEDIUM,1
8507,4,GCA_025823255,Mycobacterium montefiorense,Mycobacterium,Mycobacteriaceae,25.0,,,,645,MIDDLEBROOK MEDIUM,1
8512,4,GCA_015689175,Mycobacterium kubicae,Mycobacterium,Mycobacteriaceae,37.0,,,,645,MIDDLEBROOK MEDIUM,1
8513,4,GCA_000340435,Mycobacterium haemophilum,Mycobacterium,Mycobacteriaceae,30.0,,,aerobe,693,COLUMBIA BLOOD MEDIUM,1
8515,4,GCA_000015305,Mycobacterium austroafricanum,Mycobacterium,Mycobacteriaceae,30.0,,,obligate aerobe,215|535|645,BHI MEDIUM|TRYPTICASE SOY BROTH AGAR|MIDDLEBROOK MEDIUM,3
8519,4,GCA_010731295,Mycobacterium boenickei,Mycobacterium,Mycobacteriaceae,31.5,,5.0,aerobe,645,MIDDLEBROOK MEDIUM,1
8521,4,GCA_001570425,Mycobacterium brisbanense,Mycobacterium,Mycobacteriaceae,31.5,,5.0,aerobe,645,MIDDLEBROOK MEDIUM,1
8522,4,GCA_010729305,Mycobacterium psychrotolerans,Mycobacterium,Mycobacteriaceae,37.0,,7.0,obligate aerobe,645,MIDDLEBROOK MEDIUM,1
8528,4,GCA_002219285,Mycobacterium intracellulare subsp. chimaera,Mycobacterium,Mycobacteriaceae,37.0,,,microaerophile,645,MIDDLEBROOK MEDIUM,1
8531,4,GCA_025822555,Mycobacterium hackensackense,Mycobacterium,Mycobacteriaceae,37.0,,,,645,MIDDLEBROOK MEDIUM,1
8532,4,GCA_025823185,Mycobacterium yunnanensis,Mycobacterium,Mycobacteriaceae,28.0,,,,645,MIDDLEBROOK MEDIUM,1
8533,4,GCA_000164135,Mycobacterium parascrofulaceum,Mycobacterium,Mycobacteriaceae,37.0,,5.0,obligate aerobe,645,MIDDLEBROOK MEDIUM,1
8536,4,GCA_002086515,Mycobacterium arupense,Mycobacterium,Mycobacteriaceae,33.5,7.0,5.0,aerobe,645,MIDDLEBROOK MEDIUM,1
8538,4,GCA_010731655,Mycobacterium paraseoulense,Mycobacterium,Mycobacteriaceae,37.0,,,aerobe,645,MIDDLEBROOK MEDIUM,1
8555,4,GCA_010093495,Mycobacterium kumamotonense,Mycobacterium,Mycobacteriaceae,35.0,,,aerobe,645,MIDDLEBROOK MEDIUM,1
8559,4,GCA_010731615,Mycobacterium insubricum,Mycobacterium,Mycobacteriaceae,34.0,,,microaerophile,645,MIDDLEBROOK MEDIUM,1
8566,4,GCA_001942555,Mycobacterium sp.,Mycobacterium,Mycobacteriaceae,37.0,,,,645,MIDDLEBROOK MEDIUM,1
8575,4,GCA_019456675,Mycobacterium pallens,Mycobacterium,Mycobacteriaceae,28.0,,,aerobe,645,MIDDLEBROOK MEDIUM,1
8576,4,GCA_001313925,Mycobacterium rufum,Mycobacterium,Mycobacteriaceae,28.0,,,aerobe,645,MIDDLEBROOK MEDIUM,1
8577,4,GCA_900108565,Mycobacterium rutilum,Mycobacterium,Mycobacteriaceae,37.0,,3.75,aerobe,645,MIDDLEBROOK MEDIUM,1
8580,4,GCA_000759695,Mycobacterium kyorinense,Mycobacterium,Mycobacteriaceae,36.0,,,,645,MIDDLEBROOK MEDIUM,1
8583,4,GCA_010731775,Mycobacterium mantenii,Mycobacterium,Mycobacteriaceae,36.0,,,,645,MIDDLEBROOK MEDIUM,1
8588,4,GCA_010731695,Mycobacterium litorale,Mycobacterium,Mycobacteriaceae,37.0,,,aerobe,645,MIDDLEBROOK MEDIUM,1
8592,4,GCA_000418535,Mycobacterium intracellulare subsp. chimaera,Mycobacterium,Mycobacteriaceae,37.0,5.5,,aerobe,645,MIDDLEBROOK MEDIUM,1
8593,4,GCA_000214175,Hoyosella subflava,Hoyosella,Nocardiaceae,34.75,8.0,8.0,aerobe,,,0
8600,4,GCA_900660505,Mesomycoplasma dispar,Mesomycoplasma,Metamycoplasmataceae,37.0,,,,1076b,SP4-Z MEDIUM,1
8602,4,GCF_000186005.1,Mycoplasmopsis fermentans,Mycoplasmopsis,Metamycoplasmataceae,37.0,,,,1076b,SP4-Z MEDIUM,1
8609,4,GCA_000383515,Mesomycoplasma hyorhinis,Mesomycoplasma,Metamycoplasmataceae,37.0,,,,,,0
8610,4,GCA_900660695,Mycoplasmopsis meleagridis,Mycoplasmopsis,Metamycoplasmataceae,37.0,,,,1076b,SP4-Z MEDIUM,1
8613,4,GCA_000420105,Metamycoplasma orale,Metamycoplasma,Metamycoplasmataceae,37.0,,,,1076b,SP4-Z MEDIUM,1
8628,4,GCA_006546935,Mycoplasmopsis mucosicanis,Mycoplasmopsis,Metamycoplasmataceae,37.0,,,aerobe,1076b,SP4-Z MEDIUM,1
10177,4,GCA_900112715,Nannocystis exedens,Nannocystis,Nannocystaceae,30.0,,,,9,VY/2 AGAR,1
10428,4,GCA_005843985,Caminibacter mediatlanticus,Caminibacter,Nautiliaceae,55.0,5.5,,anaerobe,,,0
10430,4,GCA_000021725,Nautilia profundicola,Nautilia,Nautiliaceae,40.0,7.0,3.0,anaerobe,,,0
10431,4,GCF_055388085.1,Nautilia abyssi,Nautilia,Nautiliaceae,60.0,6.25,3.0,anaerobe,,,0
10560,4,GCA_900683595,Rhodococcus rhodochrous,Rhodococcus,Nocardiaceae,29.0,,,,65,GYM STREPTOMYCES MEDIUM,1
10627,4,GCA_001612665,Nocardia alba,Nocardia,Nocardiaceae,28.0,,,obligate aerobe,65,GYM STREPTOMYCES MEDIUM,1
10640,4,GCA_900637185,Nocardia asteroides,Nocardia,Nocardiaceae,29.0,,,aerobe,65|693|92,GYM STREPTOMYCES MEDIUM|COLUMBIA BLOOD MEDIUM|TRYPTICASE SOY YEAST EXTRACT MEDIUM,3
10646,4,GCF_002209125.2,Nocardia brasiliensis,Nocardia,Nocardiaceae,37.0,,,,65|693|92,GYM STREPTOMYCES MEDIUM|COLUMBIA BLOOD MEDIUM|TRYPTICASE SOY YEAST EXTRACT MEDIUM,3
10676,4,GCF_007362295.1,Nocardia otitidiscaviarum,Nocardia,Nocardiaceae,28.0,,,,65,GYM STREPTOMYCES MEDIUM,1
10714,4,GCA_024172145,Nocardia amikacinitolerans,Nocardia,Nocardiaceae,28.0,,,,65,GYM STREPTOMYCES MEDIUM,1
10721,4,GCA_001613305,Nocardia vaccinii,Nocardia,Nocardiaceae,30.0,,2.5,aerobe,65,GYM STREPTOMYCES MEDIUM,1
10726,4,GCA_001613105,Nocardia pseudobrasiliensis,Nocardia,Nocardiaceae,37.0,,0.0,microaerophile,535,TRYPTICASE SOY BROTH AGAR,1
10731,4,GCA_000308455,Nocardia abscessus,Nocardia,Nocardiaceae,28.0,,,aerobe,553|65,GPHF-MEDIUM|GYM STREPTOMYCES MEDIUM,2
10750,4,GCF_001612865.1,Nocardia salmonicida subsp. cummidelens,Nocardia,Nocardiaceae,28.0,,,,65,GYM STREPTOMYCES MEDIUM,1
10751,4,GCA_002846365,Nocardia fluminea,Nocardia,Nocardiaceae,28.0,,,obligate aerobe,535|65,TRYPTICASE SOY BROTH AGAR|GYM STREPTOMYCES MEDIUM,2
10752,4,GCA_001612865,Nocardia salmonicida subsp. cummidelens,Nocardia,Nocardiaceae,28.0,,,aerobe,535|553|65,TRYPTICASE SOY BROTH AGAR|GPHF-MEDIUM|GYM STREPTOMYCES MEDIUM,3
10753,4,GCA_001612635,Nocardia africana,Nocardia,Nocardiaceae,28.0,,,aerobe,535|65,TRYPTICASE SOY BROTH AGAR|GYM STREPTOMYCES MEDIUM,2
10754,4,GCF_001612635.1,Nocardia africana,Nocardia,Nocardiaceae,28.0,,,,535|65,TRYPTICASE SOY BROTH AGAR|GYM STREPTOMYCES MEDIUM,2
10762,4,GCA_000308535,Nocardia cerradoensis,Nocardia,Nocardiaceae,28.0,,,obligate aerobe,215|535|65,BHI MEDIUM|TRYPTICASE SOY BROTH AGAR|GYM STREPTOMYCES MEDIUM,3
10763,4,GCA_001613225,Nocardia pseudovaccinii,Nocardia,Nocardiaceae,28.0,,,obligate aerobe,,,0
10764,4,GCA_001612905,Nocardia ignorata,Nocardia,Nocardiaceae,28.0,,,aerobe,535|65,TRYPTICASE SOY BROTH AGAR|GYM STREPTOMYCES MEDIUM,2
10774,4,GCA_007990735,Nocardia neocaledoniensis,Nocardia,Nocardiaceae,27.75,8.0,,aerobe,65,GYM STREPTOMYCES MEDIUM,1
10778,4,GCA_000308595,Nocardia higoensis,Nocardia,Nocardiaceae,28.0,,,aerobe,535,TRYPTICASE SOY BROTH AGAR,1
10779,4,GCA_001612765,Nocardia arthritidis,Nocardia,Nocardiaceae,28.0,,,obligate aerobe,535|553,TRYPTICASE SOY BROTH AGAR|GPHF-MEDIUM,2
10784,4,GCA_001613325,Nocardia yamanashiensis,Nocardia,Nocardiaceae,32.5,,,obligate aerobe,535|65,TRYPTICASE SOY BROTH AGAR|GYM STREPTOMYCES MEDIUM,2
10785,4,GCA_000308655,Nocardia niigatensis,Nocardia,Nocardiaceae,28.0,,,obligate aerobe,553|65,GPHF-MEDIUM|GYM STREPTOMYCES MEDIUM,2
10790,4,GCA_000308775,Nocardia testacea,Nocardia,Nocardiaceae,28.0,,,obligate aerobe,535|65,TRYPTICASE SOY BROTH AGAR|GYM STREPTOMYCES MEDIUM,2
10795,4,GCA_001612845,Nocardia elegans,Nocardia,Nocardiaceae,32.0,,,aerobe,535|553,TRYPTICASE SOY BROTH AGAR|GPHF-MEDIUM,2
10798,4,GCA_001612725,Nocardia anaemiae,Nocardia,Nocardiaceae,28.0,,,obligate aerobe,535|65,TRYPTICASE SOY BROTH AGAR|GYM STREPTOMYCES MEDIUM,2
10802,4,GCA_000308615,Nocardia jiangxiensis,Nocardia,Nocardiaceae,27.0,6.5,,aerobe,65,GYM STREPTOMYCES MEDIUM,1
10803,4,GCA_001613065,Nocardia miyunensis,Nocardia,Nocardiaceae,27.0,7.0,,aerobe,65,GYM STREPTOMYCES MEDIUM,1
10804,4,GCA_001612985,Nocardia gamkensis,Nocardia,Nocardiaceae,28.0,,,,65,GYM STREPTOMYCES MEDIUM,1
10808,4,GCA_001613145,Nocardia jejuensis,Nocardia,Nocardiaceae,30.75,7.6,,aerobe,535|65,TRYPTICASE SOY BROTH AGAR|GYM STREPTOMYCES MEDIUM,2
10809,4,GCA_001612805,Nocardia coubleae,Nocardia,Nocardiaceae,37.0,,,aerobe,535|65,TRYPTICASE SOY BROTH AGAR|GYM STREPTOMYCES MEDIUM,2
10813,4,GCA_001612685,Nocardia altamirensis,Nocardia,Nocardiaceae,29.0,7.0,,aerobe,553|65,GPHF-MEDIUM|GYM STREPTOMYCES MEDIUM,2
10817,4,GCA_001612885,Nocardia harenae,Nocardia,Nocardiaceae,28.0,,,,65,GYM STREPTOMYCES MEDIUM,1
10818,4,GCA_001625085,Nocardia acidivorans,Nocardia,Nocardiaceae,27.5,,,aerobe,553|65,GPHF-MEDIUM|GYM STREPTOMYCES MEDIUM,2
10820,4,GCA_001613245,Nocardia speluncae,Nocardia,Nocardiaceae,29.0,9.1,2.0,aerobe,535,TRYPTICASE SOY BROTH AGAR,1
10822,4,GCF_015477355.1,Nocardia blacklockiae,Nocardia,Nocardiaceae,28.0,,,,65,GYM STREPTOMYCES MEDIUM,1
10824,4,GCA_019222765,Nocardia iowensis,Nocardia,Nocardiaceae,28.5,,,,535|65,TRYPTICASE SOY BROTH AGAR|GYM STREPTOMYCES MEDIUM,2
10826,4,GCA_001613505,Nocardia mikamii,Nocardia,Nocardiaceae,35.0,,,aerobe,215|65,BHI MEDIUM|GYM STREPTOMYCES MEDIUM,2
10832,4,GCA_001894765,Rhodococcus corynebacterioides,Rhodococcus,Nocardiaceae,28.0,,,obligate aerobe,535,TRYPTICASE SOY BROTH AGAR,1
10836,4,GCA_900478115,Rhodococcus coprophilus,Rhodococcus,Nocardiaceae,28.0,,5.0,obligate aerobe,65,GYM STREPTOMYCES MEDIUM,1
10865,4,GCA_000454045,Rhodococcus erythropolis,Rhodococcus,Nocardiaceae,28.0,,,microaerophile,65,GYM STREPTOMYCES MEDIUM,1
10908,4,GCA_900187265,Rhodococcus rhodochrous,Rhodococcus,Nocardiaceae,30.0,,,aerobe,535|65,TRYPTICASE SOY BROTH AGAR|GYM STREPTOMYCES MEDIUM,2
11033,4,GCA_001646655,Rhodococcus gordoniae,Rhodococcus,Nocardiaceae,28.0,,5.0,aerobe,535,TRYPTICASE SOY BROTH AGAR,1
11040,4,GCA_014217765,Rhodococcus triatomae,Rhodococcus,Nocardiaceae,29.5,,,obligate aerobe,535|65,TRYPTICASE SOY BROTH AGAR|GYM STREPTOMYCES MEDIUM,2
11045,4,GCA_900188125,Rhodococcus kyotonensis,Rhodococcus,Nocardiaceae,28.5,7.0,4.5,obligate aerobe,215|535,BHI MEDIUM|TRYPTICASE SOY BROTH AGAR,2
11049,4,GCF_033042225.1,Rhodococcus cercidiphylli,Rhodococcus,Nocardiaceae,28.0,,,,535,TRYPTICASE SOY BROTH AGAR,1
11053,4,GCA_019285775,Skermania piniformis,Skermania,Nocardiaceae,26.0,,,obligate aerobe,,,0
11054,4,GCA_000380645,Smaragdicoccus niigatensis,Smaragdicoccus,Nocardiaceae,24.25,,,,645|693,MIDDLEBROOK MEDIUM|COLUMBIA BLOOD MEDIUM,2
11268,4,GCA_004363305,Marinomonas communis,Marinomonas,Oceanospirillaceae,25.0,,,,,,0
11270,4,GCA_000192865,Marinomonas mediterranea,Marinomonas,Oceanospirillaceae,25.0,,,,514,BACTO MARINE BROTH (DIFCO 2216),1
11274,4,GCA_026191375,Marinomonas pontica,Marinomonas,Oceanospirillaceae,22.5,7.0,5.25,aerobe,514,BACTO MARINE BROTH (DIFCO 2216),1
11275,4,GCA_016888445,Marinomonas ostreistagni,Marinomonas,Oceanospirillaceae,29.0,,,,514,BACTO MARINE BROTH (DIFCO 2216),1
11291,4,GCA_000967895,Oleispira antarctica,Oleispira,Oceanospirillaceae,15.0,,,,514,BACTO MARINE BROTH (DIFCO 2216),1
11294,4,GCA_000355675,Thalassolituus oleivorans,Thalassolituus,Oceanospirillaceae,22.5,8.0,,aerobe,514,BACTO MARINE BROTH (DIFCO 2216),1
11298,4,GCA_900156675,Oleibacter marinus,Oleibacter,Oceanospirillaceae,27.5,8.0,4.0,aerobe,,,0
11761,4,GCA_000512895,Dehalobacter restrictus,Dehalobacter,Desulfitobacteriaceae,30.0,,,anaerobe,,,0
11766,4,GCF_000021925.1,Desulfitobacterium hafniense,Desulfitobacterium,Desulfitobacteriaceae,37.0,,,anaerobe,,,0
11767,4,GCA_000238035,Desulfitobacterium hafniense,Desulfitobacterium,Desulfitobacteriaceae,37.0,,,anaerobe,,,0
11770,4,GCA_900143285,Desulfitobacterium chlororespirans,Desulfitobacterium,Desulfitobacteriaceae,37.0,,,anaerobe,,,0
11771,4,GCA_000231405,Desulfitobacterium metallireducens,Desulfitobacterium,Desulfitobacteriaceae,30.0,,,anaerobe,,,0
11869,4,GCA_003182275,Hoeflea marina,Hoeflea,Rhizobiaceae,28.0,,,,514,BACTO MARINE BROTH (DIFCO 2216),1
12496,4,GCA_000183135,Paludibacter propionicigenes,Paludibacter,Paludibacteraceae,30.0,6.6,,anaerobe,104,PYG MEDIUM (modified),1
12506,4,GCA_000010505,Porphyromonas gingivalis,Porphyromonas,Porphyromonadaceae,37.0,,,anaerobe,110|693,CHOPPED MEAT MEDIUM WITH CARBOHYDRATES|COLUMBIA BLOOD MEDIUM,2
12508,4,GCA_000379925,Porphyromonas levii,Porphyromonas,Porphyromonadaceae,37.0,,,anaerobe,693|78,COLUMBIA BLOOD MEDIUM|CHOPPED MEAT MEDIUM,2
12512,4,GCA_000372405,Porphyromonas somerae,Porphyromonas,Porphyromonadaceae,37.0,,,anaerobe,78,CHOPPED MEAT MEDIUM,1
12524,4,GCA_013409575,Macellibacteroides fermentans,Macellibacteroides,Porphyromonadaceae,37.5,7.0,,anaerobe,104,PYG MEDIUM (modified),1
12526,4,GCA_000184945,Segatella buccae,Segatella,Prevotellaceae,37.0,,,anaerobe,104|693,PYG MEDIUM (modified)|COLUMBIA BLOOD MEDIUM,2
12527,4,GCF_000184945.1,Segatella buccae,Segatella,Prevotellaceae,37.0,,,anaerobe,104|693,PYG MEDIUM (modified)|COLUMBIA BLOOD MEDIUM,2
12530,4,GCA_000467875,Prevotella disiens,Prevotella,Prevotellaceae,37.0,,,anaerobe,104|693,PYG MEDIUM (modified)|COLUMBIA BLOOD MEDIUM,2
12532,4,GCA_000185145,Hoylesella oralis,Hoylesella,Prevotellaceae,37.0,,,anaerobe,110|693,CHOPPED MEAT MEDIUM WITH CARBOHYDRATES|COLUMBIA BLOOD MEDIUM,2
12534,4,GCA_000144405,Prevotella melaninogenica,Prevotella,Prevotellaceae,37.0,,,anaerobe,104|693,PYG MEDIUM (modified)|COLUMBIA BLOOD MEDIUM,2
12539,4,GCA_000613445,Hoylesella shahii,Hoylesella,Prevotellaceae,37.0,,,anaerobe,104,PYG MEDIUM (modified),1
12540,4,GCA_000191065,Prevotella multiformis,Prevotella,Prevotellaceae,37.0,,,anaerobe,104|693,PYG MEDIUM (modified)|COLUMBIA BLOOD MEDIUM,2
12541,4,GCA_000426585,Segatella baroniae,Segatella,Prevotellaceae,37.0,,,anaerobe,,,0
12546,4,GCF_000585355.1,Xylanibacter oryzae,Xylanibacter,Prevotellaceae,30.0,,,anaerobe,,,0
12548,4,GCA_000235885,Leyella stercorea,Leyella,Prevotellaceae,37.0,,,anaerobe,104|1203a|693,PYG MEDIUM (modified)|FASTIDIOUS ANAEROBE BROTH|COLUMBIA BLOOD MEDIUM,3
12552,4,GCA_004342845,Prevotella heparinolytica,Prevotella,Prevotellaceae,37.0,,,anaerobe,693|78,COLUMBIA BLOOD MEDIUM|CHOPPED MEAT MEDIUM,2
12553,4,GCA_000378085,Hoylesella loescheii,Hoylesella,Prevotellaceae,37.0,,,anaerobe,104|693,PYG MEDIUM (modified)|COLUMBIA BLOOD MEDIUM,2
12554,4,GCA_000377625,Prevotella veroralis,Prevotella,Prevotellaceae,37.0,,,anaerobe,104|693,PYG MEDIUM (modified)|COLUMBIA BLOOD MEDIUM,2
12562,4,GCA_000378745,Prevotella amnii,Prevotella,Prevotellaceae,37.0,,,anaerobe,110|1203a|1611|693,CHOPPED MEAT MEDIUM WITH CARBOHYDRATES|FASTIDIOUS ANAEROBE BROTH|YCFA MEDIUM (modified)|COLUMBIA BLOOD MEDIUM,4
12565,4,GCA_000614065,Prevotella dentasini,Prevotella,Prevotellaceae,37.0,7.0,,anaerobe,,,0
12566,4,GCA_000614205,Hoylesella saccharolytica,Hoylesella,Prevotellaceae,35.0,7.0,,anaerobe,110,CHOPPED MEAT MEDIUM WITH CARBOHYDRATES,1
12569,4,GCA_000233955,Paraprevotella clara,Paraprevotella,Prevotellaceae,37.0,,,anaerobe,78,CHOPPED MEAT MEDIUM,1
12707,4,GCA_043587585,Azorhizophilus paspali,Azorhizophilus,Pseudomonadaceae,30.0,,,,,,0
12718,4,GCF_007830255.1,Azomonas agilis,Azomonas,Pseudomonadaceae,26.0,,,,,,0
12722,4,GCF_054779355.1,Azotobacter armeniacus,Azotobacter,Pseudomonadaceae,30.0,,,,,,0
12723,4,GCA_900112015,Azotobacter beijerinckii,Azotobacter,Pseudomonadaceae,30.0,,,,,,0
12725,4,GCA_900110885,Azotobacter beijerinckii,Azotobacter,Pseudomonadaceae,30.0,,0.0,obligate aerobe,,,0
12726,4,GCA_900114395,Azotobacter beijerinckii,Azotobacter,Pseudomonadaceae,30.0,,,,,,0
12760,4,GCA_002601815,Pseudomonas paraeruginosa,Pseudomonas,Pseudomonadaceae,30.0,,,obligate aerobe,1|693|92,NUTRIENT AGAR|COLUMBIA BLOOD MEDIUM|TRYPTICASE SOY YEAST EXTRACT MEDIUM,3
12795,4,GCA_050569955,Pseudomonas aeruginosa,Pseudomonas,Pseudomonadaceae,37.0,,,,381,LB (Luria-Bertani) MEDIUM,1
12807,4,GCA_000467105,Pseudomonas alcaligenes,Pseudomonas,Pseudomonadaceae,30.0,,,aerobe,1a,REACTIVATION WITH LIQUID MEDIUM 1,1
12809,4,GCF_900105475.1,Pseudomonas asplenii,Pseudomonas,Pseudomonadaceae,28.5,,,,1,NUTRIENT AGAR,1
12832,4,GCF_900100795.1,Pseudomonas abietaniphila,Pseudomonas,Pseudomonadaceae,28.0,,,,220|457,CASO AGAR (Merck 105458)|MINERAL MEDIUM (BRUNNER),2
12862,4,GCF_013285305.1,Pseudomonas rhodesiae,Pseudomonas,Pseudomonadaceae,25.0,,,,220,CASO AGAR (Merck 105458),1
12867,4,GCA_900455615,Pseudomonas oleovorans,Pseudomonas,Pseudomonadaceae,30.0,,,obligate aerobe,1,NUTRIENT AGAR,1
12878,4,GCF_000425785.1,Pseudomonas taiwanensis,Pseudomonas,Pseudomonadaceae,30.0,,,,1,NUTRIENT AGAR,1
12908,4,GCA_030159555,Pseudomonas putida,Pseudomonas,Pseudomonadaceae,25.0,,,obligate aerobe,,,0
12928,4,GCF_020917325.1,Pseudomonas savastanoi,Pseudomonas,Pseudomonadaceae,30.0,,,,1a,REACTIVATION WITH LIQUID MEDIUM 1,1
12963,4,GCA_000955815,Pseudomonas sp.,Pseudomonas,Pseudomonadaceae,28.0,,,,,,0
12982,4,GCA_000708695,Pseudomonas sp.,Pseudomonas,Pseudomonadaceae,30.0,,,,1,NUTRIENT AGAR,1
13003,4,GCA_000495915,Pseudomonas stutzeri,Pseudomonas,Pseudomonadaceae,30.0,,,aerobe,1|830,NUTRIENT AGAR|R2A MEDIUM,2
13005,4,GCA_002909485,Pseudomonas stutzeri,Pseudomonas,Pseudomonadaceae,31.75,,,aerobe,220,CASO AGAR (Merck 105458),1
13006,4,GCA_002890915,Pseudomonas stutzeri,Pseudomonas,Pseudomonadaceae,31.75,,,aerobe,220,CASO AGAR (Merck 105458),1
13013,4,GCA_900638035,Pseudomonas stutzeri,Pseudomonas,Pseudomonadaceae,29.0,,,obligate aerobe,1,NUTRIENT AGAR,1
13014,4,GCA_002891015,Pseudomonas stutzeri,Pseudomonas,Pseudomonadaceae,30.0,,,obligate aerobe,,,0
13023,4,GCA_040120455,Pseudomonas syringae,Pseudomonas,Pseudomonadaceae,25.0,,,,1,NUTRIENT AGAR,1
13026,4,GCA_000498595,Pseudomonas syringae,Pseudomonas,Pseudomonadaceae,27.0,,,,1|535,NUTRIENT AGAR|TRYPTICASE SOY BROTH AGAR,2
13027,4,GCA_040120655,Pseudomonas syringae,Pseudomonas,Pseudomonadaceae,27.0,,,,1a,REACTIVATION WITH LIQUID MEDIUM 1,1
13030,4,GCA_040120615,Pseudomonas syringae,Pseudomonas,Pseudomonadaceae,28.0,,,,1|220|535|545,NUTRIENT AGAR|CASO AGAR (Merck 105458)|TRYPTICASE SOY BROTH AGAR|TRYPTONE SOYA BROTH (TSB),4
13031,4,GCA_040120575,Pseudomonas syringae,Pseudomonas,Pseudomonadaceae,26.0,,,,1|535,NUTRIENT AGAR|TRYPTICASE SOY BROTH AGAR,2
13033,4,GCA_040120475,Pseudomonas syringae,Pseudomonas,Pseudomonadaceae,26.0,,,,1|535,NUTRIENT AGAR|TRYPTICASE SOY BROTH AGAR,2
13048,4,GCA_000730625,Pseudomonas oryzihabitans,Pseudomonas,Pseudomonadaceae,29.0,,,obligate aerobe,220|693,CASO AGAR (Merck 105458)|COLUMBIA BLOOD MEDIUM,2
13049,4,GCA_900108595,Pseudomonas asplenii,Pseudomonas,Pseudomonadaceae,28.0,,,aerobe,1|535,NUTRIENT AGAR|TRYPTICASE SOY BROTH AGAR,2
13052,4,GCA_900100365,Pseudomonas cannabina,Pseudomonas,Pseudomonadaceae,26.5,,0.0,aerobe,,,0
13067,4,GCF_008370715.1,Pseudomonas brassicacearum,Pseudomonas,Pseudomonadaceae,30.0,,,,220,CASO AGAR (Merck 105458),1
13075,4,GCA_000364625,Pseudomonas thermotolerans,Pseudomonas,Pseudomonadaceae,40.0,,,aerobe,1|457,NUTRIENT AGAR|MINERAL MEDIUM (BRUNNER),2
13076,4,GCA_000349845,Pseudomonas nitroreducens,Pseudomonas,Pseudomonadaceae,28.0,,,aerobe,1,NUTRIENT AGAR,1
13084,4,GCA_001439805,Pseudomonas trivialis,Pseudomonas,Pseudomonadaceae,29.0,,,aerobe,1a,REACTIVATION WITH LIQUID MEDIUM 1,1
13085,4,GCA_900103225,Pseudomonas congelans,Pseudomonas,Pseudomonadaceae,26.0,,,aerobe,1a,REACTIVATION WITH LIQUID MEDIUM 1,1
13086,4,GCA_000730665,Pseudomonas plecoglossicida,Pseudomonas,Pseudomonadaceae,30.0,,,aerobe,220,CASO AGAR (Merck 105458),1
13097,4,GCA_014646955,Pseudomonas koreensis,Pseudomonas,Pseudomonadaceae,30.0,,,aerobe,220,CASO AGAR (Merck 105458),1
13104,4,GCA_001401155,Pseudomonas tremae,Pseudomonas,Pseudomonadaceae,30.0,,,,,,0
13109,4,GCA_000425745,Pseudomonas cremoricolorata,Pseudomonas,Pseudomonadaceae,30.0,,,aerobe,220,CASO AGAR (Merck 105458),1
13110,4,GCA_001983165,Pseudomonas gessardii,Pseudomonas,Pseudomonadaceae,30.0,,,aerobe,220,CASO AGAR (Merck 105458),1
13112,4,GCA_001439685,Pseudomonas libanensis,Pseudomonas,Pseudomonadaceae,29.0,,,aerobe,220,CASO AGAR (Merck 105458),1
13113,4,GCA_900111835,Pseudomonas otitidis,Pseudomonas,Pseudomonadaceae,37.0,,,obligate aerobe,693|92,COLUMBIA BLOOD MEDIUM|TRYPTICASE SOY YEAST EXTRACT MEDIUM,2
13114,4,GCA_900110795,Pseudomonas lutea,Pseudomonas,Pseudomonadaceae,25.0,,,aerobe,1|535,NUTRIENT AGAR|TRYPTICASE SOY BROTH AGAR,2
13116,4,GCA_001439815,Pseudomonas orientalis,Pseudomonas,Pseudomonadaceae,30.0,,,obligate aerobe,1|535,NUTRIENT AGAR|TRYPTICASE SOY BROTH AGAR,2
13118,4,GCA_007858185,Pseudomonas grimontii,Pseudomonas,Pseudomonadaceae,30.0,,,aerobe,,,0
13127,4,GCF_039634495.1,Pseudomonas fulva,Pseudomonas,Pseudomonadaceae,28.0,,,,381,LB (Luria-Bertani) MEDIUM,1
13130,4,GCA_900099645,Pseudomonas peli,Pseudomonas,Pseudomonadaceae,33.5,7.0,,aerobe,1|535,NUTRIENT AGAR|TRYPTICASE SOY BROTH AGAR,2
13132,4,GCA_900105995,Pseudomonas pohangensis,Pseudomonas,Pseudomonadaceae,30.0,,,aerobe,,,0
13135,4,GCA_900108535,Pseudomonas xanthomarina,Pseudomonas,Pseudomonadaceae,29.0,,,aerobe,514|535,BACTO MARINE BROTH (DIFCO 2216)|TRYPTICASE SOY BROTH AGAR,2
13136,4,GCF_900108535.1,Pseudomonas xanthomarina,Pseudomonas,Pseudomonadaceae,28.0,,,,830,R2A MEDIUM,1
13141,4,GCA_900103345,Pseudomonas azotoformans,Pseudomonas,Pseudomonadaceae,25.0,,,aerobe,535,TRYPTICASE SOY BROTH AGAR,1
13143,4,GCA_001400735,Pseudomonas caricapapayae,Pseudomonas,Pseudomonadaceae,25.0,,,obligate aerobe,,,0
13145,4,GCA_900106045,Pseudomonas mucidolens,Pseudomonas,Pseudomonadaceae,25.0,,,aerobe,,,0
13147,4,GCA_000423545,Pseudomonas resinovorans,Pseudomonas,Pseudomonadaceae,29.0,,,obligate aerobe,,,0
13148,4,GCA_900475285,Pseudomonas taetrolens,Pseudomonas,Pseudomonadaceae,28.0,,,aerobe,535,TRYPTICASE SOY BROTH AGAR,1
13155,4,GCA_000689415,Pseudomonas knackmussii,Pseudomonas,Pseudomonadaceae,30.5,7.2,,aerobe,1|457,NUTRIENT AGAR|MINERAL MEDIUM (BRUNNER),2
13159,4,GCA_003851835,Pseudomonas chlororaphis subsp. aurantiaca,Pseudomonas,Pseudomonadaceae,25.0,,,obligate aerobe,1,NUTRIENT AGAR,1
13162,4,GCA_900116605,Pseudomonas marincola,Pseudomonas,Pseudomonadaceae,26.5,7.5,,aerobe,535,TRYPTICASE SOY BROTH AGAR,1
13166,4,GCF_014219065.1,Pseudomonas xiamenensis,Pseudomonas,Pseudomonadaceae,27.5,,,aerobe,535,TRYPTICASE SOY BROTH AGAR,1
13168,4,GCA_001400815,Pseudomonas ficuserectae,Pseudomonas,Pseudomonadaceae,28.0,,,,,,0
13169,4,GCA_900105255,Pseudomonas sabulinigri,Pseudomonas,Pseudomonadaceae,30.0,,,aerobe,535,TRYPTICASE SOY BROTH AGAR,1
13171,4,GCA_016937595,Pseudomonas cedrina subsp. fulgida,Pseudomonas,Pseudomonadaceae,28.0,,,,1|220,NUTRIENT AGAR|CASO AGAR (Merck 105458),2
13174,4,GCF_052439295.1,Pseudomonas brassicacearum subsp. neoaurantiaca,Pseudomonas,Pseudomonadaceae,26.5,,,obligate aerobe,535,TRYPTICASE SOY BROTH AGAR,1
13176,4,GCA_000410875,Pseudomonas pelagia,Pseudomonas,Pseudomonadaceae,25.0,7.8,,aerobe,514,BACTO MARINE BROTH (DIFCO 2216),1
13177,4,GCA_900102035,Pseudomonas extremaustralis,Pseudomonas,Pseudomonadaceae,30.0,,,obligate aerobe,1|535,NUTRIENT AGAR|TRYPTICASE SOY BROTH AGAR,2
13182,4,GCA_900102335,Pseudomonas seleniipraecipitans,Pseudomonas,Pseudomonadaceae,28.0,,,,1a,REACTIVATION WITH LIQUID MEDIUM 1,1
13192,4,GCA_000429185,Actinoalloteichus cyanogriseus,Actinoalloteichus,Pseudonocardiaceae,29.0,,,obligate aerobe,535|65,TRYPTICASE SOY BROTH AGAR|GYM STREPTOMYCES MEDIUM,2
13194,4,GCA_001747425,Actinoalloteichus hymeniacidonis,Actinoalloteichus,Pseudonocardiaceae,28.0,,,obligate aerobe,65,GYM STREPTOMYCES MEDIUM,1
13199,4,GCA_024171925,Actinokineospora diospyrosa,Actinokineospora,Pseudonocardiaceae,28.0,,2.5,aerobe,65,GYM STREPTOMYCES MEDIUM,1
13209,4,GCA_003663795,Actinokineospora cianjurensis,Actinokineospora,Pseudonocardiaceae,26.5,7.0,1.0,,65,GYM STREPTOMYCES MEDIUM,1
13212,4,GCA_013387285,Actinosynnema pretiosum subsp. auranticum,Actinosynnema,Pseudonocardiaceae,28.0,,,,65,GYM STREPTOMYCES MEDIUM,1
13213,4,GCA_024171695,Actinosynnema pretiosum subsp. pretiosum,Actinosynnema,Pseudonocardiaceae,28.0,,5.0,,65,GYM STREPTOMYCES MEDIUM,1
13217,4,GCF_001613305.1,Nocardia vaccinii,Nocardia,Nocardiaceae,28.0,,,,65,GYM STREPTOMYCES MEDIUM,1
13231,4,GCA_000732925,Amycolatopsis japonica,Amycolatopsis,Pseudonocardiaceae,28.0,,2.5,obligate aerobe,,,0
13239,4,GCA_000473265,Amycolatopsis thermoflava,Amycolatopsis,Pseudonocardiaceae,45.0,,7.5,aerobe,65,GYM STREPTOMYCES MEDIUM,1
13240,4,GCA_900105855,Amycolatopsis keratiniphila subsp. keratiniphila,Amycolatopsis,Pseudonocardiaceae,28.0,,,,65,GYM STREPTOMYCES MEDIUM,1
13241,4,GCA_000384295,Amycolatopsis balhimycina,Amycolatopsis,Pseudonocardiaceae,28.0,,2.5,obligate aerobe,65,GYM STREPTOMYCES MEDIUM,1
13242,4,GCA_001620365,Amycolatopsis keratiniphila subsp. keratiniphila,Amycolatopsis,Pseudonocardiaceae,28.0,,,obligate aerobe,65,GYM STREPTOMYCES MEDIUM,1
13254,4,GCA_003385185,Amycolatopsis palatopharyngis,Amycolatopsis,Pseudonocardiaceae,35.0,,6.0,facultative anaerobe,554,N-Z-AMINE-MEDIUM,1
13257,4,GCA_000383915,Amycolatopsis benzoatilytica,Amycolatopsis,Pseudonocardiaceae,28.0,,,,553,GPHF-MEDIUM,1
13260,4,GCA_900110575,Amycolatopsis saalfeldensis,Amycolatopsis,Pseudonocardiaceae,27.75,6.25,2.0,aerobe,65,GYM STREPTOMYCES MEDIUM,1
13265,4,GCA_014174495,Amycolatopsis echigonensis,Amycolatopsis,Pseudonocardiaceae,30.0,9.0,5.0,aerobe,65,GYM STREPTOMYCES MEDIUM,1
13268,4,GCA_039536925,Amycolatopsis ultiminotia,Amycolatopsis,Pseudonocardiaceae,28.25,7.1,2.5,aerobe,553|65,GPHF-MEDIUM|GYM STREPTOMYCES MEDIUM,2
13278,4,GCF_011758765.1,Amycolatopsis viridis,Amycolatopsis,Pseudonocardiaceae,28.0,,0.0,,,,0
13279,4,GCA_003385235,Amycolatopsis circi,Amycolatopsis,Pseudonocardiaceae,28.0,,,,65,GYM STREPTOMYCES MEDIUM,1
13285,4,GCF_014654205.1,Amycolatopsis bullii,Amycolatopsis,Pseudonocardiaceae,28.0,,,,65,GYM STREPTOMYCES MEDIUM,1
13286,4,GCA_039542405,Amycolatopsis dongchuanensis,Amycolatopsis,Pseudonocardiaceae,28.0,7.5,,aerobe,65,GYM STREPTOMYCES MEDIUM,1
13288,4,GCA_014204915,Crossiella cryophila,Crossiella,Pseudonocardiaceae,25.0,,2.5,obligate aerobe,65,GYM STREPTOMYCES MEDIUM,1
13290,4,GCA_900176515,Kibdelosporangium aridum subsp. aridum,Kibdelosporangium,Pseudonocardiaceae,28.0,,2.5,,553|65,GPHF-MEDIUM|GYM STREPTOMYCES MEDIUM,2
13294,4,GCA_046763725,Kutzneria viridogrisea,Kutzneria,Pseudonocardiaceae,30.0,,2.5,,65|84,GYM STREPTOMYCES MEDIUM|ROLLED OATS MINERAL MEDIUM,2
13305,4,GCA_003269295,Lentzea atacamensis,Lentzea,Pseudonocardiaceae,30.0,7.5,,aerobe,65,GYM STREPTOMYCES MEDIUM,1
13308,4,GCA_900115955,Lentzea waywayandensis,Lentzea,Pseudonocardiaceae,28.0,,2.5,,65,GYM STREPTOMYCES MEDIUM,1
13311,4,GCA_900111005,Lentzea albida,Lentzea,Pseudonocardiaceae,28.0,,,,65,GYM STREPTOMYCES MEDIUM,1
13314,4,GCA_002150765,Lentzea kentuckyensis,Lentzea,Pseudonocardiaceae,23.5,,,obligate aerobe,65,GYM STREPTOMYCES MEDIUM,1
13317,4,GCA_024171735,Prauserella alba,Prauserella,Pseudonocardiaceae,28.0,,,facultative anaerobe,514|65,BACTO MARINE BROTH (DIFCO 2216)|GYM STREPTOMYCES MEDIUM,2
13322,4,GCA_007993965,Prauserella muralis,Prauserella,Pseudonocardiaceae,28.0,,,aerobe,535|65,TRYPTICASE SOY BROTH AGAR|GYM STREPTOMYCES MEDIUM,2
13324,4,GCA_003945385,Pseudonocardia autotrophica,Pseudonocardia,Pseudonocardiaceae,28.0,,4.0,obligate aerobe,535|65,TRYPTICASE SOY BROTH AGAR|GYM STREPTOMYCES MEDIUM,2
13326,4,GCA_001902615,Pseudonocardia autotrophica,Pseudonocardia,Pseudonocardiaceae,28.0,,,,,,0
13356,4,GCA_014235185,Pseudonocardia petroleophila,Pseudonocardia,Pseudonocardiaceae,26.5,,2.5,obligate aerobe,535|81,TRYPTICASE SOY BROTH AGAR|MINERAL MEDIUM FOR CHEMOLITHOTROPHIC GROWTH (H-3),2
13361,4,GCF_050948485.1,Pseudonocardia halophobica,Pseudonocardia,Pseudonocardiaceae,28.0,,,,65,GYM STREPTOMYCES MEDIUM,1
13369,4,GCA_000423625,Pseudonocardia asaccharolytica,Pseudonocardia,Pseudonocardiaceae,29.0,,2.0,obligate aerobe,535,TRYPTICASE SOY BROTH AGAR,1
13386,4,GCA_001313845,Pseudonocardia chloroethenivorans,Pseudonocardia,Pseudonocardiaceae,28.0,,1.5,aerobe,535|84,TRYPTICASE SOY BROTH AGAR|ROLLED OATS MINERAL MEDIUM,2
13387,4,GCA_042665945,Pseudonocardia benzenivorans,Pseudonocardia,Pseudonocardiaceae,27.75,,,aerobe,65,GYM STREPTOMYCES MEDIUM,1
13390,4,GCA_039525585,Pseudonocardia zijingensis,Pseudonocardia,Pseudonocardiaceae,29.0,,0.0,,65,GYM STREPTOMYCES MEDIUM,1
13394,4,GCA_900102195,Pseudonocardia oroxyli,Pseudonocardia,Pseudonocardiaceae,28.0,,,,535|65,TRYPTICASE SOY BROTH AGAR|GYM STREPTOMYCES MEDIUM,2
13398,4,GCA_039531635,Pseudonocardia ailaonensis,Pseudonocardia,Pseudonocardiaceae,28.0,7.5,,aerobe,553|65,GPHF-MEDIUM|GYM STREPTOMYCES MEDIUM,2
13401,4,GCF_017876315.1,Pseudonocardia parietis,Pseudonocardia,Pseudonocardiaceae,28.0,,,,535,TRYPTICASE SOY BROTH AGAR,1
13404,4,GCA_039544595,Pseudonocardia tropica,Pseudonocardia,Pseudonocardiaceae,28.0,7.0,1.0,aerobe,553,GPHF-MEDIUM,1
13406,4,GCA_014208095,Pseudonocardia eucalypti,Pseudonocardia,Pseudonocardiaceae,28.0,,0.0,,535|553|65,TRYPTICASE SOY BROTH AGAR|GPHF-MEDIUM|GYM STREPTOMYCES MEDIUM,3
13412,4,GCA_039541715,Pseudonocardia xishanensis,Pseudonocardia,Pseudonocardiaceae,28.5,6.5,1.5,aerobe,65,GYM STREPTOMYCES MEDIUM,1
13415,4,GCF_000023865.1,Micropolyspora internatus,Micropolyspora,Nocardiaceae,45.0,,,,83,CZAPEK PEPTONE AGAR,1
13421,4,GCF_050942245.1,Saccharomonospora caesia,Saccharomonospora,Pseudonocardiaceae,32.5,,,,65,GYM STREPTOMYCES MEDIUM,1
13424,4,GCA_000243395,Saccharomonospora glauca,Saccharomonospora,Pseudonocardiaceae,37.0,,7.5,,65,GYM STREPTOMYCES MEDIUM,1
13428,4,GCF_027317685.1,Saccharomonospora sp.,Saccharomonospora,Pseudonocardiaceae,37.0,,,,514,BACTO MARINE BROTH (DIFCO 2216),1
13430,4,GCA_000244975,Saccharomonospora cyanea,Saccharomonospora,Pseudonocardiaceae,28.0,,7.5,aerobe,65|83,GYM STREPTOMYCES MEDIUM|CZAPEK PEPTONE AGAR,2
13436,4,GCA_000244955,Saccharomonospora marina,Saccharomonospora,Pseudonocardiaceae,28.0,7.0,,aerobe,65,GYM STREPTOMYCES MEDIUM,1
13438,4,GCF_000710755.1,Saccharopolyspora rectivirgula,Saccharopolyspora,Pseudonocardiaceae,55.0,,,,65,GYM STREPTOMYCES MEDIUM,1
13441,4,GCA_000497205,Saccharopolyspora rectivirgula,Saccharopolyspora,Pseudonocardiaceae,45.0,,10.0,,65,GYM STREPTOMYCES MEDIUM,1
13444,4,GCA_000062885,Saccharopolyspora erythraea,Saccharopolyspora,Pseudonocardiaceae,30.0,,2.5,,65,GYM STREPTOMYCES MEDIUM,1
13455,4,GCA_000194155,Saccharopolyspora spinosa,Saccharopolyspora,Pseudonocardiaceae,28.0,,5.0,,535|553|65,TRYPTICASE SOY BROTH AGAR|GPHF-MEDIUM|GYM STREPTOMYCES MEDIUM,3
13457,4,GCA_039524975,Saccharopolyspora thermophila,Saccharopolyspora,Pseudonocardiaceae,47.5,,,,,,0
13458,4,GCA_900116135,Saccharopolyspora flava,Saccharopolyspora,Pseudonocardiaceae,28.0,,,aerobe,65,GYM STREPTOMYCES MEDIUM,1
13459,4,GCA_900108315,Saccharopolyspora kobensis,Saccharopolyspora,Pseudonocardiaceae,32.5,,,,252|65,STARCH - MINERAL SALT - AGAR (STMS)|GYM STREPTOMYCES MEDIUM,2
13461,4,GCF_017434145.1,Saccharopolyspora sp.,Saccharopolyspora,Pseudonocardiaceae,28.0,,,,553|65,GPHF-MEDIUM|GYM STREPTOMYCES MEDIUM,2
13465,4,GCA_039542665,Saccharopolyspora cebuensis,Saccharopolyspora,Pseudonocardiaceae,28.0,,,aerobe,514,BACTO MARINE BROTH (DIFCO 2216),1
13474,4,GCA_014203395,Saccharopolyspora phatthalungensis,Saccharopolyspora,Pseudonocardiaceae,31.0,,2.5,aerobe,553|554,GPHF-MEDIUM|N-Z-AMINE-MEDIUM,2
13480,4,GCA_009498035,Saccharothrix syringae,Saccharothrix,Pseudonocardiaceae,28.0,,2.5,,65,GYM STREPTOMYCES MEDIUM,1
13481,4,GCA_042431045,Saccharothrix mutabilis subsp. capreolus,Saccharothrix,Pseudonocardiaceae,28.0,,,,65,GYM STREPTOMYCES MEDIUM,1
13483,4,GCF_000328705.1,Saccharothrix espanaensis,Saccharothrix,Pseudonocardiaceae,28.0,,,,65,GYM STREPTOMYCES MEDIUM,1
13492,4,GCA_900129375,Streptoalloteichus hindustanus,Streptoalloteichus,Pseudonocardiaceae,28.0,,2.5,,65,GYM STREPTOMYCES MEDIUM,1
13496,4,GCA_000427905,Thermocrispum agreste,Thermocrispum,Pseudonocardiaceae,50.0,,5.0,,65,GYM STREPTOMYCES MEDIUM,1
13502,4,GCA_003096675,Actinomycetospora cinnamomea,Actinomycetospora,Pseudonocardiaceae,28.0,,,,65,GYM STREPTOMYCES MEDIUM,1
13505,4,GCA_028737255,Actinomycetospora straminea,Actinomycetospora,Pseudonocardiaceae,28.0,,,,65,GYM STREPTOMYCES MEDIUM,1
13509,4,GCA_900103775,Allokutzneria albata,Allokutzneria,Pseudonocardiaceae,28.0,,0.0,,65,GYM STREPTOMYCES MEDIUM,1
13532,4,GCA_016906285,Agrobacterium sp.,Agrobacterium,Rhizobiaceae,28.0,,,,1,NUTRIENT AGAR,1
13535,4,GCF_016864595.1,Rhizobium rhizogenes,Rhizobium,Rhizobiaceae,26.0,,,obligate aerobe,1,NUTRIENT AGAR,1
13546,4,GCA_006539625,Ensifer meliloti,Ensifer,Rhizobiaceae,30.0,,,aerobe,98,RHIZOBIUM MEDIUM,1
13550,4,GCA_041260785,Ensifer fredii,Ensifer,Rhizobiaceae,28.0,,,,98,RHIZOBIUM MEDIUM,1
13551,4,GCA_001651875,Ensifer saheli,Ensifer,Rhizobiaceae,30.0,,0.0,,98,RHIZOBIUM MEDIUM,1
13557,4,GCF_000427465.1,Ensifer arboris,Ensifer,Rhizobiaceae,30.0,,,,98,RHIZOBIUM MEDIUM,1
13560,4,GCA_017873015,Ensifer morelensis,Ensifer,Rhizobiaceae,28.0,,,,,,0
13573,4,GCA_017873055,Agrobacterium rubi,Agrobacterium,Rhizobiaceae,28.0,,,,1,NUTRIENT AGAR,1
13574,4,GCF_000739935.1,Agrobacterium rubi,Agrobacterium,Rhizobiaceae,28.0,,,obligate aerobe,1,NUTRIENT AGAR,1
13580,4,GCA_000421945,Agrobacterium radiobacter,Agrobacterium,Rhizobiaceae,30.0,,,aerobe,1,NUTRIENT AGAR,1
13583,4,GCF_053550115.1,Rhizobium sp.,Rhizobium,Rhizobiaceae,25.5,,,,1|98,NUTRIENT AGAR|RHIZOBIUM MEDIUM,2
13602,4,GCA_014138565,Rhizobium leguminosarum,Rhizobium,Rhizobiaceae,25.0,,,,830|98,R2A MEDIUM|RHIZOBIUM MEDIUM,2
13607,4,GCF_001664385.1,Rhizobium phaseoli,Rhizobium,Rhizobiaceae,26.0,,,,98,RHIZOBIUM MEDIUM,1
13624,4,GCA_000330885,Rhizobium tropici,Rhizobium,Rhizobiaceae,30.0,,,,98,RHIZOBIUM MEDIUM,1
13625,4,GCA_000092045,Rhizobium etli,Rhizobium,Rhizobiaceae,28.75,,,,830|98,R2A MEDIUM|RHIZOBIUM MEDIUM,2
13628,4,GCF_025200715.1,Rhizobium sullae,Rhizobium,Rhizobiaceae,28.0,,,,98,RHIZOBIUM MEDIUM,1
13640,4,GCA_000732195,Neorhizobium vignae,Neorhizobium,Rhizobiaceae,28.0,7.0,1.0,aerobe,1|98,NUTRIENT AGAR|RHIZOBIUM MEDIUM,2
13641,4,GCA_014196535,Allorhizobium borbori,Allorhizobium,Rhizobiaceae,28.0,6.9,0.25,aerobe,1,NUTRIENT AGAR,1
13648,4,GCA_017873095,Rhizobium halophytocola,Rhizobium,Rhizobiaceae,29.0,7.5,4.0,aerobe,830,R2A MEDIUM,1
13905,4,GCA_022899355,Shinella yambaruensis,Shinella,Rhizobiaceae,28.5,6.5,1.0,aerobe,1|830,NUTRIENT AGAR|R2A MEDIUM,2
13928,4,GCA_009646355,Rhodocyclus tenuis,Rhodocyclus,Rhizobiaceae,28.0,,,anaerobe,,,0
14091,4,GCA_000427965,Olivibacter sitiensis,Olivibacter,Sphingobacteriaceae,30.0,6.5,,aerobe,92,TRYPTICASE SOY YEAST EXTRACT MEDIUM,1
14096,4,GCF_965279535.1,Pedobacter sp.,Pedobacter,Sphingobacteriaceae,28.0,,,,545,TRYPTONE SOYA BROTH (TSB),1
14099,4,GCA_900129215,Pedobacter caeni,Pedobacter,Sphingobacteriaceae,28.0,,,aerobe,545,TRYPTONE SOYA BROTH (TSB),1
14100,4,GCA_900100705,Pedobacter terrae,Pedobacter,Sphingobacteriaceae,25.0,7.0,0.5,aerobe,1,NUTRIENT AGAR,1
14101,4,GCA_900111825,Pedobacter suwonensis,Pedobacter,Sphingobacteriaceae,34.0,6.75,0.25,aerobe,545,TRYPTONE SOYA BROTH (TSB),1
14102,4,GCA_900101435,Pedobacter soli,Pedobacter,Sphingobacteriaceae,28.0,,,,545,TRYPTONE SOYA BROTH (TSB),1
14107,4,GCA_004362715,Pedobacter metabolipauper,Pedobacter,Sphingobacteriaceae,25.0,6.95,2.0,,830,R2A MEDIUM,1
14115,4,GCA_000425145,Pedobacter glucosidilyticus,Pedobacter,Sphingobacteriaceae,30.0,7.5,0.5,,830,R2A MEDIUM,1
14116,4,GCA_004339765,Albibacterium bauzanense,Albibacterium,Sphingobacteriaceae,22.5,7.5,,aerobe,830,R2A MEDIUM,1
14117,4,GCA_000159515,Sphingobacterium spiritivorum,Sphingobacterium,Sphingobacteriaceae,29.0,,,,1,NUTRIENT AGAR,1
14119,4,GCF_016894225.1,Sphingobacterium multivorum,Sphingobacterium,Sphingobacteriaceae,30.0,,,obligate aerobe,1,NUTRIENT AGAR,1
14121,4,GCA_900457115,Sphingobacterium multivorum,Sphingobacterium,Sphingobacteriaceae,30.0,,,obligate aerobe,1,NUTRIENT AGAR,1
14124,4,GCA_007990875,Sphingobacterium faecium,Sphingobacterium,Sphingobacteriaceae,29.0,,,obligate aerobe,1,NUTRIENT AGAR,1
14129,4,GCA_900116225,Sphingobacterium wenxiniae,Sphingobacterium,Sphingobacteriaceae,30.0,7.5,1.0,aerobe,545,TRYPTONE SOYA BROTH (TSB),1
14132,4,GCA_900168125,Sphingobacterium nematocida,Sphingobacterium,Sphingobacteriaceae,28.0,,,,,,0
14133,4,GCA_003633615,Mucilaginibacter gracilis,Mucilaginibacter,Sphingobacteriaceae,17.5,6.2,0.5,microaerophile,,,0
14138,4,GCA_900109575,Olivibacter domesticus,Olivibacter,Sphingobacteriaceae,25.5,6.75,2.5,aerobe,,,0
14140,4,GCA_900182575,Solitalea koreensis,Solitalea,Sphingobacteriaceae,29.0,6.5,0.5,aerobe,830,R2A MEDIUM,1
14322,4,GCA_000147075,Spirochaeta thermophila,Spirochaeta,Spirochaetaceae,65.0,,,anaerobe,,,0
14336,4,GCA_000378205,Sediminispirochaeta bajacaliforniensis,Sediminispirochaeta,Spirochaetaceae,35.0,7.5,,anaerobe,,,0
14337,4,GCA_000426705,Spirochaeta cellobiosiphila,Spirochaeta,Spirochaetaceae,37.0,7.5,,anaerobe,,,0
14351,4,GCA_000190435,Sphaerochaeta globosa,Sphaerochaeta,Sphaerochaetaceae,27.5,7.0,,anaerobe,,,0
14692,4,GCF_000468955.1,Lactococcus cremoris subsp. cremoris,Lactococcus,Streptococcaceae,30.0,,,,92,TRYPTICASE SOY YEAST EXTRACT MEDIUM,1
14693,4,GCA_001456625,Lactococcus lactis subsp. hordniae,Lactococcus,Streptococcaceae,30.0,,,,92,TRYPTICASE SOY YEAST EXTRACT MEDIUM,1
14703,4,GCA_009663915,Lactococcus lactis,Lactococcus,Streptococcaceae,30.0,,,,92,TRYPTICASE SOY YEAST EXTRACT MEDIUM,1
14704,4,GCA_009885055,Lactococcus lactis,Lactococcus,Streptococcaceae,30.0,,,,92,TRYPTICASE SOY YEAST EXTRACT MEDIUM,1
14706,4,GCA_001591745,Lactococcus plantarum,Lactococcus,Streptococcaceae,30.0,,6.5,facultative anaerobe,92,TRYPTICASE SOY YEAST EXTRACT MEDIUM,1
14711,4,GCA_001921825,Streptococcus acidominimus,Streptococcus,Streptococcaceae,37.0,,,microaerophile,693|92,COLUMBIA BLOOD MEDIUM|TRYPTICASE SOY YEAST EXTRACT MEDIUM,2
14713,4,GCA_000323085,Streptococcus agalactiae,Streptococcus,Streptococcaceae,37.0,,,microaerophile,693|92,COLUMBIA BLOOD MEDIUM|TRYPTICASE SOY YEAST EXTRACT MEDIUM,2
14715,4,GCF_042649785.1,Streptococcus alactolyticus,Streptococcus,Streptococcaceae,37.0,,,aerobe,,,0
14722,4,GCA_900459125,Streptococcus constellatus subsp. constellatus,Streptococcus,Streptococcaceae,37.0,,,anaerobe,104|693,PYG MEDIUM (modified)|COLUMBIA BLOOD MEDIUM,2
14727,4,GCA_900459295,Streptococcus equinus,Streptococcus,Streptococcaceae,37.0,,,microaerophile,693|92,COLUMBIA BLOOD MEDIUM|TRYPTICASE SOY YEAST EXTRACT MEDIUM,2
14728,4,GCF_900475025.1,Streptococcus ferus,Streptococcus,Streptococcaceae,37.0,,,microaerophile,693|92,COLUMBIA BLOOD MEDIUM|TRYPTICASE SOY YEAST EXTRACT MEDIUM,2
14731,4,GCF_000831485.1,Streptococcus iniae,Streptococcus,Streptococcaceae,35.25,,,microaerophile,693|92,COLUMBIA BLOOD MEDIUM|TRYPTICASE SOY YEAST EXTRACT MEDIUM,2
14732,4,GCA_900475975,Streptococcus intermedius,Streptococcus,Streptococcaceae,37.0,,,microaerophile,693|92,COLUMBIA BLOOD MEDIUM|TRYPTICASE SOY YEAST EXTRACT MEDIUM,2
14735,4,GCA_019344865,Streptococcus mutans,Streptococcus,Streptococcaceae,37.0,,,microaerophile,693|92,COLUMBIA BLOOD MEDIUM|TRYPTICASE SOY YEAST EXTRACT MEDIUM,2
14743,4,GCF_001457635.1,Streptococcus pneumoniae,Streptococcus,Streptococcaceae,37.0,,,microaerophile,693|92,COLUMBIA BLOOD MEDIUM|TRYPTICASE SOY YEAST EXTRACT MEDIUM,2
14745,4,GCA_001677235,Streptococcus pneumoniae,Streptococcus,Streptococcaceae,37.0,,,microaerophile,693,COLUMBIA BLOOD MEDIUM,1
14750,4,GCA_003966485,Streptococcus pneumoniae,Streptococcus,Streptococcaceae,37.0,,,microaerophile,693|92,COLUMBIA BLOOD MEDIUM|TRYPTICASE SOY YEAST EXTRACT MEDIUM,2
14752,4,GCA_900475415,Streptococcus porcinus,Streptococcus,Streptococcaceae,37.0,,,microaerophile,693|92,COLUMBIA BLOOD MEDIUM|TRYPTICASE SOY YEAST EXTRACT MEDIUM,2
14753,4,GCF_900475035.1,Streptococcus pyogenes,Streptococcus,Streptococcaceae,37.0,,,microaerophile,693|92,COLUMBIA BLOOD MEDIUM|TRYPTICASE SOY YEAST EXTRACT MEDIUM,2
14758,4,GCA_002055535,Streptococcus pyogenes,Streptococcus,Streptococcaceae,37.0,,6.5,microaerophile,693|92,COLUMBIA BLOOD MEDIUM|TRYPTICASE SOY YEAST EXTRACT MEDIUM,2
14788,4,GCF_000187935.1,Streptococcus parauberis,Streptococcus,Streptococcaceae,37.0,,,microaerophile,693|92,COLUMBIA BLOOD MEDIUM|TRYPTICASE SOY YEAST EXTRACT MEDIUM,2
14795,4,GCA_900475445,Streptococcus cristatus,Streptococcus,Streptococcaceae,37.0,,,microaerophile,693|92,COLUMBIA BLOOD MEDIUM|TRYPTICASE SOY YEAST EXTRACT MEDIUM,2
14797,4,GCA_901543625,Streptococcus suis,Streptococcus,Streptococcaceae,37.0,,,microaerophile,693|92,COLUMBIA BLOOD MEDIUM|TRYPTICASE SOY YEAST EXTRACT MEDIUM,2
14802,4,GCA_000420785,Streptococcus hyovaginalis,Streptococcus,Streptococcaceae,37.0,,,microaerophile,693|92,COLUMBIA BLOOD MEDIUM|TRYPTICASE SOY YEAST EXTRACT MEDIUM,2
14807,4,GCA_000187585,Streptococcus peroris,Streptococcus,Streptococcaceae,37.0,,,microaerophile,693|92,COLUMBIA BLOOD MEDIUM|TRYPTICASE SOY YEAST EXTRACT MEDIUM,2
14810,4,GCA_000767835,Streptococcus sinensis,Streptococcus,Streptococcaceae,37.0,,,facultative anaerobe,92,TRYPTICASE SOY YEAST EXTRACT MEDIUM,1
14814,4,GCA_000380005,Streptococcus didelphis,Streptococcus,Streptococcaceae,37.0,,,microaerophile,693|92,COLUMBIA BLOOD MEDIUM|TRYPTICASE SOY YEAST EXTRACT MEDIUM,2
14819,4,GCA_900459545,Streptococcus gallolyticus subsp. macedonicus,Streptococcus,Streptococcaceae,37.0,,,microaerophile,92,TRYPTICASE SOY YEAST EXTRACT MEDIUM,1
14820,4,GCA_000380125,Streptococcus ovis,Streptococcus,Streptococcaceae,35.25,,,microaerophile,693|92,COLUMBIA BLOOD MEDIUM|TRYPTICASE SOY YEAST EXTRACT MEDIUM,2
14829,4,GCA_000188035,Streptococcus pseudoporcinus,Streptococcus,Streptococcaceae,37.0,,,microaerophile,693|92,COLUMBIA BLOOD MEDIUM|TRYPTICASE SOY YEAST EXTRACT MEDIUM,2
14831,4,GCA_002087075,Streptococcus pseudopneumoniae,Streptococcus,Streptococcaceae,37.0,,,microaerophile,693|92,COLUMBIA BLOOD MEDIUM|TRYPTICASE SOY YEAST EXTRACT MEDIUM,2
14832,4,GCA_016127275,Streptococcus infantarius subsp. infantarius,Streptococcus,Streptococcaceae,37.0,,,microaerophile,693|92,COLUMBIA BLOOD MEDIUM|TRYPTICASE SOY YEAST EXTRACT MEDIUM,2
14833,4,GCA_016403165,Streptococcus infantarius subsp. coli,Streptococcus,Streptococcaceae,37.0,,,microaerophile,693|92,COLUMBIA BLOOD MEDIUM|TRYPTICASE SOY YEAST EXTRACT MEDIUM,2
14835,4,GCA_000380045,Streptococcus marimammalium,Streptococcus,Streptococcaceae,37.0,,,microaerophile,693|92,COLUMBIA BLOOD MEDIUM|TRYPTICASE SOY YEAST EXTRACT MEDIUM,2
14849,4,GCF_051107055.1,Streptococcus oralis subsp. tigurinus,Streptococcus,Streptococcaceae,37.0,,,microaerophile,693|92,COLUMBIA BLOOD MEDIUM|TRYPTICASE SOY YEAST EXTRACT MEDIUM,2
16633,4,GCA_000482845,Anaerobiospirillum succiniciproducens,Anaerobiospirillum,Succinivibrionaceae,37.0,,,anaerobe,104|110|339,PYG MEDIUM (modified)|CHOPPED MEAT MEDIUM WITH CARBOHYDRATES|WILKINS-CHALGREN ANAEROBE BROTH,3
16636,4,GCA_000378405,Succinimonas amylolytica,Succinimonas,Succinivibrionaceae,37.0,,,anaerobe,,,0
16637,4,GCA_900167015,Succinivibrio dextrinosolvens,Succinivibrio,Succinivibrionaceae,37.0,,,anaerobe,1611,YCFA MEDIUM (modified),1
16703,4,GCA_000092125,Meiothermus silvanus,Meiothermus,Thermaceae,50.0,,,,,,0
16708,4,GCA_000423425,Meiothermus rufus,Meiothermus,Thermaceae,55.0,,,,,,0
16709,4,GCF_000423425.1,Meiothermus rufus,Meiothermus,Thermaceae,55.0,,,,,,0
16711,4,GCA_007990975,Meiothermus hypogaeus,Meiothermus,Thermaceae,50.0,7.6,,aerobe,,,0
16713,4,GCA_007991015,Oceanithermus desulfurans,Oceanithermus,Thermaceae,60.0,,,,,,0
16714,4,GCA_001280255,Thermus aquaticus,Thermus,Thermaceae,70.0,,,,,,0
16715,4,GCF_026417435.1,Thermus sp.,Thermus,Thermaceae,65.0,,,,,,0
16717,4,GCA_000091545,Thermus thermophilus,Thermus,Thermaceae,75.0,,,facultative anaerobe,,,0
16725,4,GCF_000381045.1,Thermus scotoductus,Thermus,Thermaceae,70.0,,,,,,0
16726,4,GCA_000373145,Thermus oshimai,Thermus,Thermaceae,67.5,,,,,,0
16727,4,GCA_000376265,Thermus igniterrae,Thermus,Thermaceae,70.0,,,,,,0
16732,4,GCA_000421625,Thermus islandicus,Thermus,Thermaceae,65.0,6.5,,aerobe,,,0
16733,4,GCA_014647535,Thermus composti,Thermus,Thermaceae,67.5,7.0,,aerobe,1|830,NUTRIENT AGAR|R2A MEDIUM,2
16737,4,GCF_024927925.1,Laceyella sacchari,Laceyella,Thermoactinomycetaceae,47.5,,,,84,ROLLED OATS MINERAL MEDIUM,1
16741,4,GCA_004343255,Laceyella sacchari,Laceyella,Thermoactinomycetaceae,50.0,,,aerobe,554|65|83,N-Z-AMINE-MEDIUM|GYM STREPTOMYCES MEDIUM|CZAPEK PEPTONE AGAR,3
16751,4,GCA_900113175,Planifilum fulgidum,Planifilum,Thermoactinomycetaceae,62.5,,,aerobe,381|83,LB (Luria-Bertani) MEDIUM|CZAPEK PEPTONE AGAR,2
16755,4,GCA_003688725,Thermoactinomyces vulgaris,Thermoactinomyces,Thermoactinomycetaceae,52.5,,,,215|65|83,BHI MEDIUM|GYM STREPTOMYCES MEDIUM|CZAPEK PEPTONE AGAR,3
16786,4,GCA_003046315,Desmospora activa,Desmospora,Thermoactinomycetaceae,40.0,,,aerobe,535|693|83|987,TRYPTICASE SOY BROTH AGAR|COLUMBIA BLOOD MEDIUM|CZAPEK PEPTONE AGAR|ISP 2 MEDIUM,4
16787,4,GCA_013282215,Kroppenstedtia eburnea,Kroppenstedtia,Thermoactinomycetaceae,41.0,,,aerobe,215|553,BHI MEDIUM|GPHF-MEDIUM,2
16792,4,GCF_000007085.1,Caldanaerobacter subterraneus,Caldanaerobacter,Thermoanaerobacteraceae,70.0,,,anaerobe,,,0
16796,4,GCA_000007085,Caldanaerobacter subterraneus subsp. tengcongensis,Caldanaerobacter,Thermoanaerobacteraceae,75.0,,,anaerobe,,,0
16801,4,GCA_000213235,Tepidanaerobacter acetatoxydans,Tepidanaerobacter,Tepidanaerobacteraceae,37.0,,,anaerobe,,,0
16802,4,GCA_900176005,Thermanaeromonas toyohensis,Thermanaeromonas,Neomoorellaceae,70.0,,,anaerobe,,,0
16806,4,GCA_000012865,Carboxydothermus hydrogenoformans,Carboxydothermus,Thermoanaerobacteraceae,65.0,,,anaerobe,,,0
16809,4,GCF_001950325.1,Carboxydothermus islandicus,Carboxydothermus,Thermoanaerobacteraceae,60.0,,,anaerobe,,,0
16817,4,GCA_001875325,Moorella caeni,Moorella,Neomoorellaceae,60.0,,,anaerobe,,,0
16820,4,GCA_009735625,Moorella glycerini,Moorella,Neomoorellaceae,60.0,,,anaerobe,,,0
16826,4,GCA_900102395,Thermoanaerobacter thermohydrosulfuricus,Thermoanaerobacter,Thermoanaerobacteraceae,65.0,,,anaerobe,,,0
16829,4,GCA_900112905,Thermoanaerobacter thermohydrosulfuricus,Thermoanaerobacter,Thermoanaerobacteraceae,65.0,,,anaerobe,,,0
16833,4,GCA_000175295,Thermoanaerobacter brockii subsp. finnii,Thermoanaerobacter,Thermoanaerobacteraceae,65.0,,,anaerobe,,,0
16837,4,GCA_000025645,Thermoanaerobacter italicus,Thermoanaerobacter,Thermoanaerobacteraceae,65.0,,,anaerobe,,,0
16840,4,GCF_054657755.1,Thermoanaerobacter brockii subsp. lactiethylicus,Thermoanaerobacter,Thermoanaerobacteraceae,60.0,,,anaerobe,,,0
16841,4,GCA_000147695,Thermoanaerobacter wiegelii,Thermoanaerobacter,Thermoanaerobacteraceae,65.0,,,anaerobe,,,0
16844,4,GCA_000262445,Thermoanaerobacter siderophilus,Thermoanaerobacter,Thermoanaerobacteraceae,70.0,,,anaerobe,,,0
16848,4,GCA_000019085,Thermoanaerobacter pseudethanolicus,Thermoanaerobacter,Thermoanaerobacteraceae,65.0,,,anaerobe,,,0
16905,4,GCA_000021685,Thermomicrobium roseum,Thermomicrobium,Thermomicrobiaceae,70.0,,,,,,0
17060,4,GCA_000230655,Thermotoga maritima,Thermotoga,Thermotogaceae,80.0,,,anaerobe,,,0
17070,4,GCA_000017865,Pseudothermotoga lettingae,Pseudothermotoga,Thermotogaceae,65.0,,,anaerobe,,,0
17208,4,GCA_014203095,Prosthecobacter vanneervenii,Prosthecobacter,Verrucomicrobiaceae,28.0,,,,,,0
17721,4,GCA_000371785,Actinopolyspora halophila,Actinopolyspora,Pseudonocardiaceae,37.0,,,,,,0
17722,4,GCA_000384035,Actinopolyspora mortivallis,Actinopolyspora,Pseudonocardiaceae,45.0,,2.5,,,,0
17723,4,GCA_000430445,Saccharomonospora iraqiensis,Saccharomonospora,Pseudonocardiaceae,28.0,,,,,,0
17729,4,GCA_900112765,Actinopolyspora alba,Actinopolyspora,Pseudonocardiaceae,37.0,,,,,,0
17800,4,GCA_000144915,Acidilobus saccharovorans,Acidilobus,Acidilobaceae,80.0,,,anaerobe,,,0
17994,4,GCF_000525775.1,Mogibacterium timidum,Mogibacterium,Anaerovoracaceae,37.0,,,anaerobe,693|78,COLUMBIA BLOOD MEDIUM|CHOPPED MEAT MEDIUM,2
18034,4,GCA_900176145,Sulfobacillus thermosulfidooxidans,Sulfobacillus,Sulfobacillaceae,50.0,,,,,,0
18049,4,GCA_051201035,Thermoanaerobacterium thermosulfurigenes,Thermoanaerobacterium,Thermoanaerobacteraceae,60.0,,,anaerobe,,,0
18052,4,GCF_000307585.2,Thermoanaerobacterium saccharolyticum,Thermoanaerobacterium,Thermoanaerobacteraceae,60.0,,,anaerobe,,,0
18053,4,GCA_000307585,Thermoanaerobacterium saccharolyticum,Thermoanaerobacterium,Thermoanaerobacteraceae,60.0,,,anaerobe,,,0
22955,4,GCA_000312005,Cellulomonas massiliensis,Cellulomonas,Cellulomonadaceae,28.0,,,,92,TRYPTICASE SOY YEAST EXTRACT MEDIUM,1
23022,4,GCA_014201785,Chryseobacterium koreense,Chryseobacterium,Weeksellaceae,30.0,,,aerobe,,,0
23031,4,GCA_018476905,Geomobilimonas luticola,Geomobilimonas,Geobacteraceae,33.5,7.0,,anaerobe,,,0
23157,4,GCA_001613445,Nocardia grenadensis,Nocardia,Nocardiaceae,27.5,,,aerobe,215|65,BHI MEDIUM|GYM STREPTOMYCES MEDIUM,2
23159,4,GCA_000470885,Rhodococcus sp.,Rhodococcus,Nocardiaceae,28.0,,,,535,TRYPTICASE SOY BROTH AGAR,1
23160,4,GCA_014635345,Rhodococcus trifolii,Rhodococcus,Nocardiaceae,29.0,,,aerobe,535,TRYPTICASE SOY BROTH AGAR,1
23161,4,GCF_033042195.1,Rhodococcus cerastii,Rhodococcus,Nocardiaceae,30.0,7.5,2.5,aerobe,535,TRYPTICASE SOY BROTH AGAR,1
23168,4,GCF_965225885.1,Marinomonas sp.,Marinomonas,Oceanospirillaceae,17.5,,,,514,BACTO MARINE BROTH (DIFCO 2216),1
23216,4,GCA_900104175,Lentzea jiangxiensis,Lentzea,Pseudonocardiaceae,24.0,6.0,6.0,,65,GYM STREPTOMYCES MEDIUM,1
23222,4,GCA_001921215,Actinophytocola xinjiangensis,Actinophytocola,Pseudonocardiaceae,28.0,,,,554,N-Z-AMINE-MEDIUM,1
23261,4,GCA_016726045,Sphingobacterium multivorum,Sphingobacterium,Sphingobacteriaceae,29.0,,,,1,NUTRIENT AGAR,1
23262,4,GCA_016725925,Sphingobacterium multivorum,Sphingobacterium,Sphingobacteriaceae,28.0,,,,1,NUTRIENT AGAR,1
23263,4,GCA_016725465,Sphingobacterium multivorum,Sphingobacterium,Sphingobacteriaceae,28.0,,,,1,NUTRIENT AGAR,1
23329,4,GCA_000353265,Thermoanaerobacter thermohydrosulfuricus,Thermoanaerobacter,Thermoanaerobacteraceae,60.0,,,anaerobe,,,0
23330,4,GCA_030803985,Thermoanaerobacter pentosaceus,Thermoanaerobacter,Thermoanaerobacteraceae,70.0,7.0,,anaerobe,,,0
23339,4,GCA_003315205,Roseimicrobium gellanilyticum,Roseimicrobium,Verrucomicrobiaceae,28.0,,,aerobe,830,R2A MEDIUM,1
23435,4,GCA_025999835,Caldinitratiruptor microaerophilus,Caldinitratiruptor,"Bacillota, not assigned to family",62.5,,,anaerobe,,,0
23521,4,GCA_030811425,Gleimia europaea,Gleimia,Actinomycetaceae,37.0,,,anaerobe,104|693,PYG MEDIUM (modified)|COLUMBIA BLOOD MEDIUM,2
23522,4,GCA_900103885,Actinomyces ruminicola,Actinomyces,Actinomycetaceae,45.0,,,obligate anaerobe,104|215,PYG MEDIUM (modified)|BHI MEDIUM,2
23525,4,GCA_014118685,Flaviflexus huanghaiensis,Flaviflexus,Actinomycetaceae,29.0,7.75,1.0,facultative anaerobe,514,BACTO MARINE BROTH (DIFCO 2216),1
23533,4,GCA_020341435,Aeromonas enteropelogenes,Aeromonas,Aeromonadaceae,30.0,,,,1|693|92,NUTRIENT AGAR|COLUMBIA BLOOD MEDIUM|TRYPTICASE SOY YEAST EXTRACT MEDIUM,3
23544,4,GCF_028751155.1,Aeromonas bestiarum,Aeromonas,Aeromonadaceae,30.0,,,,,,0
23583,4,GCA_014196405,Aureimonas phyllosphaerae,Aureimonas,Aurantimonadaceae,28.0,,,,,,0
23794,4,GCA_039537705,Georgenia daeguensis,Georgenia,Allobogoriellaceae,27.5,7.0,,aerobe,830,R2A MEDIUM,1
23832,4,GCA_016862715,Cellulomonas marina,Cellulomonas,Cellulomonadaceae,26.5,7.5,,facultative anaerobe,65,GYM STREPTOMYCES MEDIUM,1
24016,4,GCA_002023665,Elizabethkingia anophelis subsp. anophelis,Elizabethkingia,Weeksellaceae,30.0,,,aerobe,693|92,COLUMBIA BLOOD MEDIUM|TRYPTICASE SOY YEAST EXTRACT MEDIUM,2
24035,4,GCA_900113805,Chryseobacterium frigidisoli,Chryseobacterium,Weeksellaceae,20.0,6.5,0.5,aerobe,1,NUTRIENT AGAR,1
24039,4,GCA_000708615,Chryseobacterium hispalense,Chryseobacterium,Weeksellaceae,27.5,,,aerobe,1,NUTRIENT AGAR,1
24042,4,GCA_900129245,Chryseobacterium arachidis,Chryseobacterium,Weeksellaceae,29.0,,,,220,CASO AGAR (Merck 105458),1
24044,4,GCF_002797535.1,Chryseobacterium geocarposphaerae,Chryseobacterium,Weeksellaceae,28.0,,,,220,CASO AGAR (Merck 105458),1
24045,4,GCA_900141765,Chryseobacterium zeae,Chryseobacterium,Weeksellaceae,29.0,,,,220,CASO AGAR (Merck 105458),1
24068,4,GCF_043677095.1,Natronococcus roseus,Natronococcus,Natrialbaceae,41.0,9.25,25.0,aerobe,,,0
24104,4,GCA_000971295,Devosia epidermidihirudinis,Devosia,Devosiaceae,26.5,,,obligate aerobe,545,TRYPTONE SOYA BROTH (TSB),1
24107,4,GCA_022568795,Arsenicicoccus dermatophilus,Arsenicicoccus,Dermatophilaceae,33.5,,,facultative anaerobe,693,COLUMBIA BLOOD MEDIUM,1
24108,4,GCF_045782605.1,Arsenicicoccus dermatophilus,Arsenicicoccus,Dermatophilaceae,37.0,,,,693,COLUMBIA BLOOD MEDIUM,1
24122,4,GCF_003533255.1,Pediococcus sp.,Pediococcus,Lactobacillaceae,30.0,,,,11,MRS MEDIUM,1
24126,4,GCF_019444005.1,Liquorilactobacillus nagelii,Liquorilactobacillus,Lactobacillaceae,30.0,,,microaerophile,11,MRS MEDIUM,1
24127,4,GCA_007991295,Ligilactobacillus pobuzihii,Ligilactobacillus,Lactobacillaceae,37.0,7.0,10.0,microaerophile,11,MRS MEDIUM,1
24128,4,GCA_001435525,Levilactobacillus koreensis,Levilactobacillus,Lactobacillaceae,30.0,,,microaerophile,,,0
24129,4,GCA_001888965,Lactobacillus delbrueckii subsp. sunkii,Lactobacillus,Lactobacillaceae,30.0,,,microaerophile,11,MRS MEDIUM,1
24133,4,GCA_001311525,Secundilactobacillus oryzae,Secundilactobacillus,Lactobacillaceae,30.0,,,microaerophile,11,MRS MEDIUM,1
24144,4,GCF_003946325.1,Companilactobacillus furfuricola,Companilactobacillus,Lactobacillaceae,30.0,,,microaerophile,11,MRS MEDIUM,1
24147,4,GCA_020089445,Leuconostoc gelidum subsp. aenigmaticum,Leuconostoc,Lactobacillaceae,25.0,,,microaerophile,11,MRS MEDIUM,1
24150,4,GCA_012396505,Periweissella fabalis,Periweissella,Lactobacillaceae,30.0,,,microaerophile,11,MRS MEDIUM,1
24260,4,GCA_039537985,Litoribacillus peritrichatus,Litoribacillus,Oceanospirillaceae,27.5,,,,,,0
24339,4,GCA_042654485,Falsiporphyromonas endometrii,Falsiporphyromonas,Porphyromonadaceae,37.0,,,anaerobe,693|78,COLUMBIA BLOOD MEDIUM|CHOPPED MEAT MEDIUM,2
24343,4,GCA_900187995,Prevotella jejuni,Prevotella,Prevotellaceae,37.0,6.5,,anaerobe,104|693,PYG MEDIUM (modified)|COLUMBIA BLOOD MEDIUM,2
24344,4,GCA_000518545,Hallella seregens,Hallella,Prevotellaceae,37.0,,,anaerobe,693,COLUMBIA BLOOD MEDIUM,1
24393,4,GCF_007858285.1,Pseudomonas brenneri,Pseudomonas,Pseudomonadaceae,30.0,,,,1|457,NUTRIENT AGAR|MINERAL MEDIUM (BRUNNER),2
24434,4,GCA_900115475,Pseudomonas composti,Pseudomonas,Pseudomonadaceae,29.0,,,aerobe,,,0
24443,4,GCA_001940455,Actinokineospora bangkokensis,Actinokineospora,Pseudonocardiaceae,26.75,,,aerobe,65,GYM STREPTOMYCES MEDIUM,1
24444,4,GCA_006715045,Amycolatopsis cihanbeyliensis,Amycolatopsis,Pseudonocardiaceae,28.0,7.2,,aerobe,553,GPHF-MEDIUM,1
24452,4,GCA_014137975,Saccharopolyspora lacisalsi,Saccharopolyspora,Pseudonocardiaceae,37.0,,,aerobe,,,0
24454,4,GCA_007829955,Saccharopolyspora dendranthemae,Saccharopolyspora,Pseudonocardiaceae,28.0,,,aerobe,553,GPHF-MEDIUM,1
24456,4,GCA_042653685,Actinomycetospora atypica,Actinomycetospora,Pseudonocardiaceae,28.0,,,,65,GYM STREPTOMYCES MEDIUM,1
24476,4,GCF_040801995.1,Agrobacterium radiobacter,Agrobacterium,Rhizobiaceae,30.0,,,aerobe,1,NUTRIENT AGAR,1
24481,4,GCF_900099775.1,Rhizobium mongolense subsp. loessense,Rhizobium,Rhizobiaceae,30.0,,,,,,0
24485,4,GCA_030815055,Rhizobium mesoamericanum,Rhizobium,Rhizobiaceae,28.0,7.0,1.5,aerobe,98,RHIZOBIUM MEDIUM,1
24548,4,GCA_900168015,Daejeonella lutea,Daejeonella,Sphingobacteriaceae,25.0,,,aerobe,830,R2A MEDIUM,1
24549,4,GCA_003208655,Pedobacter nutrimenti,Pedobacter,Sphingobacteriaceae,30.0,,,aerobe,545,TRYPTONE SOYA BROTH (TSB),1
24553,4,GCF_053551015.1,Arcticibacter sp.,Arcticibacter,Sphingobacteriaceae,28.0,,,,1,NUTRIENT AGAR,1
24603,4,GCA_040545265,Streptococcus porcorum,Streptococcus,Streptococcaceae,37.0,,,microaerophile,693|92,COLUMBIA BLOOD MEDIUM|TRYPTICASE SOY YEAST EXTRACT MEDIUM,2
24604,4,GCA_040545225,Streptococcus rupicaprae,Streptococcus,Streptococcaceae,37.0,,,microaerophile,693|92,COLUMBIA BLOOD MEDIUM|TRYPTICASE SOY YEAST EXTRACT MEDIUM,2
24606,4,GCA_016127875,Streptococcus constellatus subsp. viborgensis,Streptococcus,Streptococcaceae,37.0,,,microaerophile,693|92,COLUMBIA BLOOD MEDIUM|TRYPTICASE SOY YEAST EXTRACT MEDIUM,2
24607,4,GCF_053204245.1,Streptococcus orisasini,Streptococcus,Streptococcaceae,37.0,,,microaerophile,693|92,COLUMBIA BLOOD MEDIUM|TRYPTICASE SOY YEAST EXTRACT MEDIUM,2
24609,4,GCA_004785935,Streptococcus rubneri,Streptococcus,Streptococcaceae,31.0,,,microaerophile,693,COLUMBIA BLOOD MEDIUM,1
24610,4,GCA_000382825,Streptococcus oralis subsp. dentisani,Streptococcus,Streptococcaceae,37.0,,0.79,microaerophile,693|92,COLUMBIA BLOOD MEDIUM|TRYPTICASE SOY YEAST EXTRACT MEDIUM,2
24638,4,GCA_003574345,Calidithermus terrae,Calidithermus,Thermaceae,50.0,,,,830,R2A MEDIUM,1
24640,4,GCA_021462405,Thermus tengchongensis,Thermus,Thermaceae,65.0,,,aerobe,,,0
24641,4,GCA_021462525,Thermus caliditerrae,Thermus,Thermaceae,65.0,,,,,,0
24650,4,GCA_000427425,Caldanaerobius polysaccharolyticus,Caldanaerobius,Thermoanaerobacteraceae,65.0,,,anaerobe,,,0
24655,4,GCA_000828675,Thermotoga profunda,Thermotoga,Thermotogaceae,60.0,,,anaerobe,,,0
24727,4,GCA_900104475,Actinopolyspora xinjiangensis,Actinopolyspora,Pseudonocardiaceae,37.0,,,aerobe,,,0
24731,4,GCA_900116555,Actinopolyspora righensis,Actinopolyspora,Pseudonocardiaceae,29.0,,,aerobe,,,0
24746,4,GCF_046054155.1,Celerinatantimonas yamalensis,Celerinatantimonas,Celerinatantimonadaceae,20.0,6.1,7.0,facultative anaerobe,,,0
24761,4,GCA_004341245,Plasticicumulans lactativorans,Plasticicumulans,Competibacteraceae,40.0,7.0,1.16,aerobe,830,R2A MEDIUM,1
24773,4,GCA_000687145,Thermoanaerobaculum aquaticum,Thermoanaerobaculum,Thermoanaerobaculaceae,60.0,6.75,,anaerobe,,,0
24775,4,GCF_000014005.1,Koribacter versatilis,Koribacter,Korobacteraceae,25.0,,,,,,0
24788,4,GCA_900182555,Aliifodinibius sediminis,Aliifodinibius,Balneolaceae,28.0,7.0,8.0,aerobe,,,0
130157,4,GCA_014196625,Martelella radicis,Martelella,Rhizobiaceae,25.0,,,,514,BACTO MARINE BROTH (DIFCO 2216),1
130319,4,GCA_000951135,Rouxiella chamberiensis,Rouxiella,Yersiniaceae,30.0,,,aerobe,535,TRYPTICASE SOY BROTH AGAR,1
130323,4,GCF_900459315.1,Faecalicoccus pleomorphus,Faecalicoccus,Erysipelotrichaceae,37.0,,,obligate anaerobe,104,PYG MEDIUM (modified),1
130339,4,GCA_000827125,Geoalkalibacter subterraneus,Geoalkalibacter,Geoalkalibacteraceae,40.0,7.0,2.0,anaerobe,,,0
130345,4,GCA_006716355,Stackebrandtia endophytica,Stackebrandtia,Glycomycetaceae,28.0,,,,535|553|554|65,TRYPTICASE SOY BROTH AGAR|GPHF-MEDIUM|N-Z-AMINE-MEDIUM|GYM STREPTOMYCES MEDIUM,4
130363,4,GCF_003288115.1,Ligilactobacillus murinus,Ligilactobacillus,Lactobacillaceae,37.0,,,microaerophile,11,MRS MEDIUM,1
130377,4,GCF_000970755.1,Lactobacillus kimbladii,Lactobacillus,Lactobacillaceae,33.5,,,anaerobe,11,MRS MEDIUM,1
130466,4,GCA_010731795,Mycobacterium celeriflavum,Mycobacterium,Mycobacteriaceae,37.0,,,,645,MIDDLEBROOK MEDIUM,1
130542,4,GCA_014192515,Microbacter margulisiae,Microbacter,Porphyromonadaceae,30.0,,,anaerobe,,,0
130568,4,GCA_014646755,Pseudomonas asuensis,Pseudomonas,Pseudomonadaceae,27.5,,,,,,0
130571,4,GCA_000307715,Pseudomonas viridiflava,Pseudomonas,Pseudomonadaceae,25.0,,,,1|830,NUTRIENT AGAR|R2A MEDIUM,2
130573,4,GCF_000818015.1,Pseudomonas balearica,Pseudomonas,Pseudomonadaceae,28.0,,,,1,NUTRIENT AGAR,1
130574,4,GCA_900143095,Pseudomonas asturiensis,Pseudomonas,Pseudomonadaceae,28.0,,,,535,TRYPTICASE SOY BROTH AGAR,1
130579,4,GCA_003696365,Pseudomonas zhaodongensis,Pseudomonas,Pseudomonadaceae,28.0,,,,,,0
130582,4,GCA_004363035,Thiopseudomonas denitrificans,Thiopseudomonas,Pseudomonadaceae,29.0,,,aerobe,535|545,TRYPTICASE SOY BROTH AGAR|TRYPTONE SOYA BROTH (TSB),2
130585,4,GCA_000564855,Actinokineospora spheciospongiae,Actinokineospora,Pseudonocardiaceae,28.0,,,,65,GYM STREPTOMYCES MEDIUM,1
130588,4,GCA_003202275,Prauserella coralliicola,Prauserella,Pseudonocardiaceae,28.0,,,,65,GYM STREPTOMYCES MEDIUM,1
130593,4,GCA_042657905,Actinomycetospora rhizophila,Actinomycetospora,Pseudonocardiaceae,28.0,,,,553,GPHF-MEDIUM,1
130600,4,GCA_002008165,Rhizobium laguerreae,Rhizobium,Rhizobiaceae,30.0,,,,98,RHIZOBIUM MEDIUM,1
130711,4,GCA_021654455,Streptococcus parasuis,Streptococcus,Streptococcaceae,37.0,,,microaerophile,693|92,COLUMBIA BLOOD MEDIUM|TRYPTICASE SOY YEAST EXTRACT MEDIUM,2
130739,4,GCF_000025645.1,Thermoanaerobacter italicus,Thermoanaerobacter,Thermoanaerobacteraceae,65.0,,,anaerobe,,,0
130810,4,GCA_042432495,Pseudochelatococcus lubricantis,Pseudochelatococcus,Beijerinckiaceae,28.0,,,,,,0
130811,4,GCA_014195635,Pseudochelatococcus contaminans,Pseudochelatococcus,Beijerinckiaceae,28.0,,,,830,R2A MEDIUM,1
130826,4,GCF_001552785.1,Atopobium deltae,Atopobium,Atopobiaceae,37.0,,,obligate anaerobe,104|693,PYG MEDIUM (modified)|COLUMBIA BLOOD MEDIUM,2
130827,4,GCA_001494635,Tractidigestivibacter scatoligenes,Tractidigestivibacter,Atopobiaceae,37.0,,,anaerobe,104,PYG MEDIUM (modified),1
130846,4,GCA_001861355,Natrialba sp.,Natrialba,Natrialbaceae,37.0,,,,,,0
130934,4,GCF_040183135.1,Thermoanaerobacter thermohydrosulfuricus,Thermoanaerobacter,Thermoanaerobacteraceae,60.0,,,anaerobe,104b,PY + X MEDIUM,1
130960,4,GCA_024622325,Ligilactobacillus murinus,Ligilactobacillus,Lactobacillaceae,37.0,,,microaerophile,11,MRS MEDIUM,1
130963,4,GCA_024622365,Ligilactobacillus murinus,Ligilactobacillus,Lactobacillaceae,37.0,,,microaerophile,11,MRS MEDIUM,1
130965,4,GCA_024622285,Limosilactobacillus reuteri,Limosilactobacillus,Lactobacillaceae,37.0,,,microaerophile,11,MRS MEDIUM,1
130972,4,GCA_004346135,Anseongella ginsenosidimutans,Anseongella,Sphingobacteriaceae,30.0,6.5,,obligate aerobe,830,R2A MEDIUM,1
130977,4,GCF_001545095.1,Erysipelothrix larvae,Erysipelothrix,Erysipelotrichaceae,37.0,,,anaerobe,104|693,PYG MEDIUM (modified)|COLUMBIA BLOOD MEDIUM,2
130992,4,GCA_015613235,Pediococcus pentosaceus,Pediococcus,Lactobacillaceae,33.5,,,,11|381,MRS MEDIUM|LB (Luria-Bertani) MEDIUM,2
131085,4,GCF_002091635.1,Pseudomonas indica,Pseudomonas,Pseudomonadaceae,30.0,,,,1,NUTRIENT AGAR,1
131130,4,GCF_900111155.1,Pedobacter rhizosphaerae,Pedobacter,Sphingobacteriaceae,28.0,,,,830,R2A MEDIUM,1
131360,4,GCA_019586025,Lactococcus laudensis,Lactococcus,Streptococcaceae,30.0,,,microaerophile,11,MRS MEDIUM,1
131382,4,GCA_000259195,Pseudomonas donghuensis,Pseudomonas,Pseudomonadaceae,28.0,,,,535,TRYPTICASE SOY BROTH AGAR,1
131441,4,GCA_000764665,Aeromonas lacus,Aeromonas,Aeromonadaceae,28.0,,,,1,NUTRIENT AGAR,1
131485,4,GCA_042654785,Pseudonocardia nematodicida,Pseudonocardia,Pseudonocardiaceae,28.0,,,,514,BACTO MARINE BROTH (DIFCO 2216),1
131505,4,GCA_001618405,Nocardia arizonensis,Nocardia,Nocardiaceae,28.0,,,,553,GPHF-MEDIUM,1
131552,4,GCA_001039045,Lactiplantibacillus herbarum,Lactiplantibacillus,Lactobacillaceae,30.0,,,anaerobe,11,MRS MEDIUM,1
131673,4,GCA_001421435,Chryseobacterium sp.,Chryseobacterium,Weeksellaceae,28.0,,,,830,R2A MEDIUM,1
131674,4,GCA_001424105,Chryseobacterium sp.,Chryseobacterium,Weeksellaceae,28.0,,,,830,R2A MEDIUM,1
131681,4,GCA_001424195,Cellulomonas sp.,Cellulomonas,Cellulomonadaceae,28.0,,,,92,TRYPTICASE SOY YEAST EXTRACT MEDIUM,1
131699,4,GCA_001421945,Devosia sp.,Devosia,Devosiaceae,28.0,,,,830,R2A MEDIUM,1
131728,4,GCA_000597785,Hafnia alvei,Hafnia,Hafniaceae,28.0,,,,1,NUTRIENT AGAR,1
131823,4,GCA_900078665,Mycobacterium houstonense,Mycobacterium,Mycobacteriaceae,35.0,,5.0,aerobe,645,MIDDLEBROOK MEDIUM,1
131866,4,GCA_001421515,Pedobacter sp.,Pedobacter,Sphingobacteriaceae,28.0,,,,830,R2A MEDIUM,1
131867,4,GCA_920984695,Pedobacter sp.,Pedobacter,Sphingobacteriaceae,28.0,,,,830,R2A MEDIUM,1
131869,4,GCA_920984665,Pedobacter sp.,Pedobacter,Sphingobacteriaceae,28.0,,,,830,R2A MEDIUM,1
131870,4,GCA_920984735,Pedobacter sp.,Pedobacter,Sphingobacteriaceae,28.0,,,,830,R2A MEDIUM,1
131877,4,GCF_900106025.1,Pseudomonas migulae,Pseudomonas,Pseudomonadaceae,28.0,,,,535,TRYPTICASE SOY BROTH AGAR,1
131888,4,GCA_000498395,Pseudomonas putida,Pseudomonas,Pseudomonadaceae,28.0,,,,1,NUTRIENT AGAR,1
131892,4,GCA_001294575,Pseudomonas versuta,Pseudomonas,Pseudomonadaceae,28.0,,,,1,NUTRIENT AGAR,1
131894,4,GCA_001429205,Pseudomonas sp.,Pseudomonas,Pseudomonadaceae,28.0,,,,535,TRYPTICASE SOY BROTH AGAR,1
131895,4,GCA_001429045,Pseudomonas sp.,Pseudomonas,Pseudomonadaceae,28.0,,,,1,NUTRIENT AGAR,1
131898,4,GCA_001427125,Pseudomonas sp.,Pseudomonas,Pseudomonadaceae,28.0,,,,1,NUTRIENT AGAR,1
131901,4,GCA_001425545,Pseudomonas sp.,Pseudomonas,Pseudomonadaceae,28.0,,,,1,NUTRIENT AGAR,1
131907,4,GCA_001423465,Pseudomonas sp.,Pseudomonas,Pseudomonadaceae,28.0,,,,1,NUTRIENT AGAR,1
132033,4,GCA_002245355,Paludifilum halophilum,Paludifilum,Thermoactinomycetaceae,42.5,8.5,,aerobe,514,BACTO MARINE BROTH (DIFCO 2216),1
132059,4,GCA_900167105,Porphyromonas circumdentaria,Porphyromonas,Porphyromonadaceae,37.0,,,anaerobe,110|693,CHOPPED MEAT MEDIUM WITH CARBOHYDRATES|COLUMBIA BLOOD MEDIUM,2
132093,4,GCA_002631205,Lewinella marina,Lewinella,Lewinellaceae,27.5,7.5,3.0,aerobe,514,BACTO MARINE BROTH (DIFCO 2216),1
132133,4,GCA_013410405,Amycolatopsis endophytica,Amycolatopsis,Pseudonocardiaceae,28.0,,,aerobe,65,GYM STREPTOMYCES MEDIUM,1
132134,4,GCA_014873115,Kibdelosporangium phytohabitans,Kibdelosporangium,Pseudonocardiaceae,28.0,,,aerobe,65,GYM STREPTOMYCES MEDIUM,1
132135,4,GCF_054779575.1,Glycomyces halotolerans,Glycomyces,Glycomycetaceae,37.0,,,aerobe,514|535,BACTO MARINE BROTH (DIFCO 2216)|TRYPTICASE SOY BROTH AGAR,2
132153,4,GCF_021733145.1,Edwardsiella piscicida,Edwardsiella,Hafniaceae,31.75,,,aerobe,693|92,COLUMBIA BLOOD MEDIUM|TRYPTICASE SOY YEAST EXTRACT MEDIUM,2
132222,4,GCA_003602095,Rahnella woolbedingensis,Rahnella,Yersiniaceae,28.0,,,,1,NUTRIENT AGAR,1
132231,4,GCA_001429005,Ensifer sp.,Ensifer,Rhizobiaceae,28.0,,,,,,0
132232,4,GCA_001425885,Ensifer sp.,Ensifer,Rhizobiaceae,28.0,,,,,,0
132237,4,GCA_001428785,Ensifer sp.,Ensifer,Rhizobiaceae,28.0,,,,,,0
132239,4,GCA_001429285,Ensifer sp.,Ensifer,Rhizobiaceae,28.0,,,,,,0
132241,4,GCA_001426275,Ensifer sp.,Ensifer,Rhizobiaceae,28.0,,,,830,R2A MEDIUM,1
132242,4,GCA_001427045,Ensifer sp.,Ensifer,Rhizobiaceae,28.0,,,,535,TRYPTICASE SOY BROTH AGAR,1
132243,4,GCA_017352135,Rhizobium lentis,Rhizobium,Rhizobiaceae,30.0,,,,98,RHIZOBIUM MEDIUM,1
132250,4,GCA_001187785,Wenzhouxiangella marina,Wenzhouxiangella,Wenzhouxiangellaceae,28.0,,,,514,BACTO MARINE BROTH (DIFCO 2216),1
132279,4,GCF_028622115.1,Kutzneria chonburiensis,Kutzneria,Pseudonocardiaceae,28.0,,,,65,GYM STREPTOMYCES MEDIUM,1
132315,4,GCA_001425865,Rhizobacter sp.,Rhizobacter,Pseudomonadaceae,28.0,,,,830,R2A MEDIUM,1
132362,4,GCA_003946015,Companilactobacillus insicii,Companilactobacillus,Lactobacillaceae,30.0,,,facultative aerobe,11,MRS MEDIUM,1
132400,4,GCA_013265585,Kroppenstedtia pulmonis,Kroppenstedtia,Thermoactinomycetaceae,43.5,,,aerobe,215|535,BHI MEDIUM|TRYPTICASE SOY BROTH AGAR,2
132424,4,GCA_001564455,Faecalibaculum rodentium,Faecalibaculum,Erysipelotrichaceae,37.0,,,anaerobe,104,PYG MEDIUM (modified),1
132427,4,GCA_001701025,Lentzea guizhouensis,Lentzea,Pseudonocardiaceae,28.0,,,,65,GYM STREPTOMYCES MEDIUM,1
132453,4,GCA_002812985,Aeromonas lusitana,Aeromonas,Aeromonadaceae,28.0,,,,535,TRYPTICASE SOY BROTH AGAR,1
132481,4,GCA_014646135,Nocardia camponoti,Nocardia,Nocardiaceae,28.0,7.0,,aerobe,65,GYM STREPTOMYCES MEDIUM,1
132521,4,GCA_002081715,Nocardia donostiensis,Nocardia,Nocardiaceae,28.0,,,,535|553,TRYPTICASE SOY BROTH AGAR|GPHF-MEDIUM,2
132524,4,GCA_000942395,Risungbinella massiliensis,Risungbinella,Thermoactinomycetaceae,37.0,,,,535,TRYPTICASE SOY BROTH AGAR,1
132579,4,GCA_001293125,Lawsonella clevelandensis,Lawsonella,Lawsonellaceae,35.0,,,anaerobe,693,COLUMBIA BLOOD MEDIUM,1
132633,4,GCA_004216555,Herbihabitans rhizosphaerae,Herbihabitans,Pseudonocardiaceae,28.0,7.0,1.0,aerobe,553,GPHF-MEDIUM,1
132651,4,GCA_001027545,Endomicrobium proavitum,Endomicrobium,Endomicrobiaceae,30.0,,,,,,0
132665,4,GCA_029633915,Methanomicrobium antiquum,Methanomicrobium,Methanomicrobiaceae,35.0,7.25,,obligate anaerobe,,,0
132669,4,GCF_052936305.1,Saccharothrix isguenensis,Saccharothrix,Pseudonocardiaceae,30.0,7.0,,aerobe,554,N-Z-AMINE-MEDIUM,1
132746,4,GCF_001888925.1,Lactobacillus delbrueckii,Lactobacillus,Lactobacillaceae,37.0,,,,11,MRS MEDIUM,1
132791,4,GCA_001424965,Rhizobium sp.,Rhizobium,Rhizobiaceae,30.0,,,,1,NUTRIENT AGAR,1
132794,4,GCA_001427345,Rhizobium sp.,Rhizobium,Rhizobiaceae,30.0,,,,1,NUTRIENT AGAR,1
132797,4,GCA_001426565,Rhizobium sp.,Rhizobium,Rhizobiaceae,27.5,,,,1|830|pdf,NUTRIENT AGAR|R2A MEDIUM|,3
132800,4,GCA_001427405,Rhizobium sp.,Rhizobium,Rhizobiaceae,30.0,,,,1,NUTRIENT AGAR,1
132807,4,GCA_001424085,Rhizobium sp.,Rhizobium,Rhizobiaceae,30.0,,,,1,NUTRIENT AGAR,1
132812,4,GCA_001423425,Rhizobium sp.,Rhizobium,Rhizobiaceae,30.0,,,,98,RHIZOBIUM MEDIUM,1
132813,4,GCA_001421235,Rhizobium sp.,Rhizobium,Rhizobiaceae,30.0,,,,1,NUTRIENT AGAR,1
132815,4,GCA_920984715,Rhizobium sp.,Rhizobium,Rhizobiaceae,30.0,,,,1,NUTRIENT AGAR,1
132849,4,GCA_900476255,Porphyromonas crevioricanis,Porphyromonas,Porphyromonadaceae,37.0,,,anaerobe,110|693,CHOPPED MEAT MEDIUM WITH CARBOHYDRATES|COLUMBIA BLOOD MEDIUM,2
132857,4,GCF_000813825.1,Chryseobacterium taiwanense,Chryseobacterium,Weeksellaceae,28.0,,,,545|830|pdf,TRYPTONE SOYA BROTH (TSB)|R2A MEDIUM|,3
132874,4,GCA_040545315,Chryseobacterium flavum,Chryseobacterium,Weeksellaceae,32.5,6.5,1.0,aerobe,1,NUTRIENT AGAR,1
132879,4,GCA_018415925,Wohlfahrtiimonas chitiniclastica,Wohlfahrtiimonas,Ignatzschineriaceae,37.0,,,,215|693|92,BHI MEDIUM|COLUMBIA BLOOD MEDIUM|TRYPTICASE SOY YEAST EXTRACT MEDIUM,3
132881,4,GCA_018415875,Wohlfahrtiimonas chitiniclastica,Wohlfahrtiimonas,Ignatzschineriaceae,37.0,,,,215|693,BHI MEDIUM|COLUMBIA BLOOD MEDIUM,2
132890,4,GCA_000284115,Phycisphaera mikurensis,Phycisphaera,Phycisphaeraceae,25.0,,,,514,BACTO MARINE BROTH (DIFCO 2216),1
132894,4,GCA_001425835,Afipia sp.,Afipia,Nitrobacteraceae,30.0,,,,585,BCYE AGAR,1
132917,4,GCA_040545145,Rhizobium tarimense,Rhizobium,Rhizobiaceae,30.0,7.5,0.25,aerobe,98,RHIZOBIUM MEDIUM,1
132944,4,GCA_004102725,Methanoculleus taiwanensis,Methanoculleus,Methanomicrobiaceae,37.0,,,,,,0
132969,4,GCA_900018365,Apibacter mensalis,Apibacter,Weeksellaceae,37.0,7.0,,anaerobe,693,COLUMBIA BLOOD MEDIUM,1
132982,4,GCA_000327285,Holdemania massiliensis,Holdemania,Erysipelotrichaceae,37.0,,,,104|693,PYG MEDIUM (modified)|COLUMBIA BLOOD MEDIUM,2
133020,4,GCA_003576535,Nakamurella silvestris,Nakamurella,Nakamurellaceae,25.0,6.5,,aerobe,92,TRYPTICASE SOY YEAST EXTRACT MEDIUM,1
133063,4,GCF_037327425.1,Rhodococcus sovatensis,Rhodococcus,Nocardiaceae,29.0,7.0,,aerobe,535,TRYPTICASE SOY BROTH AGAR,1
133068,4,GCA_003815015,Thermodesulfitimonas autotrophica,Thermodesulfitimonas,Thermoanaerobacteraceae,65.0,6.25,,anaerobe,,,0
133108,4,GCA_001921205,Actinophytocola xanthii,Actinophytocola,Pseudonocardiaceae,28.0,8.0,,aerobe,987,ISP 2 MEDIUM,1
133139,4,GCA_003096695,Porphyromonas loveana,Porphyromonas,Porphyromonadaceae,37.0,,,obligate anaerobe,110|693,CHOPPED MEAT MEDIUM WITH CARBOHYDRATES|COLUMBIA BLOOD MEDIUM,2
133164,4,GCA_014196845,Aurantimonas endophytica,Aurantimonas,Aurantimonadaceae,30.0,7.0,,aerobe,514,BACTO MARINE BROTH (DIFCO 2216),1
133338,4,GCA_001708305,Streptococcus himalayensis,Streptococcus,Streptococcaceae,37.0,,,facultative anaerobe,693,COLUMBIA BLOOD MEDIUM,1
133381,4,GCF_054780855.1,Pseudaeromonas pectinilytica,Pseudaeromonas,Aeromonadaceae,28.0,,,aerobe,1,NUTRIENT AGAR,1
133425,4,GCA_011927835,Lewinella antarctica,Lewinella,Lewinellaceae,20.0,6.0,3.0,aerobe,,,0
133703,4,GCA_011758745,Amycolatopsis granulosa,Amycolatopsis,Pseudonocardiaceae,31.5,,,aerobe,65,GYM STREPTOMYCES MEDIUM,1
133878,4,GCA_018326425,Polycladomyces abyssicola,Polycladomyces,Thermoactinomycetaceae,57.5,7.5,,aerobe,830,R2A MEDIUM,1
136780,4,GCF_005670685.2,Mycobacterium mucogenicum,Mycobacterium,Mycobacteriaceae,37.0,,,obligate aerobe,645,MIDDLEBROOK MEDIUM,1
137583,4,GCA_900447195,Elizabethkingia meningoseptica,Elizabethkingia,Weeksellaceae,33.5,,,obligate aerobe,1|830,NUTRIENT AGAR|R2A MEDIUM,2
138443,4,GCA_014202125,Rhizobium leguminosarum,Rhizobium,Rhizobiaceae,30.0,,,,830|98|pdf,R2A MEDIUM|RHIZOBIUM MEDIUM|,3
138574,4,GCA_000381965,Oceanimonas smirnovii,Oceanimonas,Aeromonadaceae,26.5,,,obligate aerobe,,,0
139763,4,GCA_000242335,Prevotella dentalis,Prevotella,Prevotellaceae,37.0,,,anaerobe,693,COLUMBIA BLOOD MEDIUM,1
139767,4,GCA_000163095,Pediococcus acidilactici,Pediococcus,Lactobacillaceae,37.0,,,,11,MRS MEDIUM,1
139780,4,GCA_001375655,Streptococcus varani,Streptococcus,Streptococcaceae,37.0,,,,693,COLUMBIA BLOOD MEDIUM,1
139781,4,GCA_900095845,Streptococcus timonensis,Streptococcus,Streptococcaceae,37.0,,,,693,COLUMBIA BLOOD MEDIUM,1
139853,4,GCA_000309885,Thermus oshimai,Thermus,Thermaceae,75.0,,,,,,0
140052,4,GCF_025447695.1,Streptococcus danieliae,Streptococcus,Streptococcaceae,37.0,,,,693|92,COLUMBIA BLOOD MEDIUM|TRYPTICASE SOY YEAST EXTRACT MEDIUM,2
140064,4,GCA_015355765,Actinomyces haliotis,Actinomyces,Actinomycetaceae,33.5,,,,104|215,PYG MEDIUM (modified)|BHI MEDIUM,2
140094,4,GCA_014138555,Sphingobacterium soli,Sphingobacterium,Sphingobacteriaceae,30.0,7.0,,aerobe,830,R2A MEDIUM,1
140104,4,GCA_900114875,Chryseobacterium limigenitum,Chryseobacterium,Weeksellaceae,29.0,,,,1,NUTRIENT AGAR,1
140116,4,GCF_964203435.1,Synechococcus sp.,Synechococcus,Synechococcaceae,17.0,,,,,,0
140118,4,GCA_019038465,Cyanobium gracile,Cyanobium,Synechococcaceae,23.0,,,,,,0
140128,4,GCA_022869165,Sphaerochaeta associata,Sphaerochaeta,Sphaerochaetaceae,37.0,,,,,,0
140189,4,GCA_000317495,Crinalium epipsammum,Crinalium,Gomontiellaceae,23.0,,,,,,0
140231,4,GCA_036350065,Mycoplasmopsis ciconiae,Mycoplasmopsis,Metamycoplasmataceae,37.0,,,,1076b,SP4-Z MEDIUM,1
140263,4,GCF_053207205.1,Streptococcus caviae,Streptococcus,Streptococcaceae,37.0,8.0,,facultative anaerobe,693|92,COLUMBIA BLOOD MEDIUM|TRYPTICASE SOY YEAST EXTRACT MEDIUM,2
140284,4,GCA_022374935,Mycobacterium virginiense,Mycobacterium,Mycobacteriaceae,37.0,,,,645,MIDDLEBROOK MEDIUM,1
140287,4,GCA_001687305,Actinomyces vulturis,Actinomyces,Actinomycetaceae,33.25,,,facultative anaerobe,,,0
140288,4,GCA_002086675,Mycobacterium persicum,Mycobacterium,Mycobacteriaceae,37.0,,,,645,MIDDLEBROOK MEDIUM,1
140295,4,GCA_023897015,Desulfosporosinus nitroreducens,Desulfosporosinus,Desulfitobacteriaceae,21.5,,,,,,0
140299,4,GCA_001439845,Pseudomonas lactis,Pseudomonas,Pseudomonadaceae,28.0,6.5,,aerobe,1,NUTRIENT AGAR,1
140308,4,GCA_030161635,Mobilicoccus caccae,Mobilicoccus,Dermatophilaceae,28.0,7.5,,facultative anaerobe,65,GYM STREPTOMYCES MEDIUM,1
140324,4,GCA_900104665,Traorella massiliensis,Traorella,Erysipelotrichaceae,37.0,,,,,,0
140347,4,GCA_019396355,Pseudonocardia nigra,Pseudonocardia,Pseudonocardiaceae,24.0,5.0,,aerobe,553|554,GPHF-MEDIUM|N-Z-AMINE-MEDIUM,2
140356,4,GCA_014635905,Limosilactobacillus caviae,Limosilactobacillus,Lactobacillaceae,34.75,,,anaerobe,11,MRS MEDIUM,1
140357,4,GCA_001907975,Silvanigrella aquatica,Silvanigrella,Silvanigrellaceae,21.0,,,aerobe,830,R2A MEDIUM,1
140364,4,GCA_900094945,Gilliamella bombicola,Gilliamella,Orbaceae,37.0,,,,535,TRYPTICASE SOY BROTH AGAR,1
140369,4,GCA_004354905,Mycobacterium eburneum,Mycobacterium,Mycobacteriaceae,37.0,7.0,,aerobe,354|645,LÖWENSTEIN-JENSEN MEDIUM|MIDDLEBROOK MEDIUM,2
140371,4,GCA_002086485,Mycobacterium aquaticum,Mycobacterium,Mycobacteriaceae,37.0,,,,645,MIDDLEBROOK MEDIUM,1
140372,4,GCA_014646495,Actinomyces gaoshouyii,Actinomyces,Actinomycetaceae,30.0,6.5,1.0,facultative anaerobe,693,COLUMBIA BLOOD MEDIUM,1
140409,4,GCA_002583405,Secundilactobacillus silagincola,Secundilactobacillus,Lactobacillaceae,30.0,,,facultative anaerobe,11,MRS MEDIUM,1
140452,4,GCF_054657875.1,Halanaerocella petrolearia,Halanaerocella,Halobacteroidaceae,40.0,,,,,,0
140568,4,GCA_014635825,Mucilaginibacter galii,Mucilaginibacter,Sphingobacteriaceae,21.5,,3.0,,830,R2A MEDIUM,1
141051,4,GCA_020177375,Saliphagus infecundisoli,Saliphagus,Natrialbaceae,37.0,7.25,,aerobe,,,0
157075,4,GCA_001984715,Streptococcus azizii,Streptococcus,Streptococcaceae,37.0,,,microaerophile,693|92,COLUMBIA BLOOD MEDIUM|TRYPTICASE SOY YEAST EXTRACT MEDIUM,2
157816,4,GCA_000196695,Corynebacterium hoagii,Corynebacterium,Nocardiaceae,28.0,,,,535,TRYPTICASE SOY BROTH AGAR,1
157962,4,GCA_900098745,Actinomyces sp.,Actinomyces,Actinomycetaceae,37.0,,,,,,0
157981,4,GCA_003626895,Nocardia yunnanensis,Nocardia,Nocardiaceae,28.0,,,aerobe,65,GYM STREPTOMYCES MEDIUM,1
158019,4,GCA_900095385,Methanoculleus chikugoensis,Methanoculleus,Methanomicrobiaceae,37.0,,,,,,0
158037,4,GCA_000834015,Prevotella pectinovora,Prevotella,Prevotellaceae,37.0,,,,104|78,PYG MEDIUM (modified)|CHOPPED MEAT MEDIUM,2
158084,4,GCF_009730055.1,Yersinia intermedia,Yersinia,Yersiniaceae,28.0,,,,1,NUTRIENT AGAR,1
158142,4,GCF_000312485.1,Yersinia massiliensis,Yersinia,Yersiniaceae,28.0,,,,1,NUTRIENT AGAR,1
158185,4,GCF_003610915.1,Rahnella variigena,Rahnella,Yersiniaceae,28.0,,,,381,LB (Luria-Bertani) MEDIUM,1
158187,4,GCA_007993045,Phaeodactylibacter luteus,Phaeodactylibacter,Lewinellaceae,28.25,,,aerobe,514,BACTO MARINE BROTH (DIFCO 2216),1
158226,4,GCA_001439745,Pseudomonas lactis,Pseudomonas,Pseudomonadaceae,28.0,,,,1,NUTRIENT AGAR,1
158253,4,GCA_042658055,Pseudonocardia lutea,Pseudonocardia,Pseudonocardiaceae,32.5,6.5,,aerobe,554|65,N-Z-AMINE-MEDIUM|GYM STREPTOMYCES MEDIUM,2
158264,4,GCA_008329645,Mycobacterium grossiae,Mycobacterium,Mycobacteriaceae,37.0,,,,645,MIDDLEBROOK MEDIUM,1
158301,4,GCA_002335445,Lebetimonas natsushimae,Lebetimonas,Nautiliaceae,55.0,,,,,,0
158311,4,GCA_003254575,Mycobacterium kyogaense,Mycobacterium,Mycobacteriaceae,37.0,7.0,,aerobe,645,MIDDLEBROOK MEDIUM,1
158318,4,GCF_030403505.1,Glycomyces tritici,Glycomyces,Glycomycetaceae,28.0,,,,252|65|84|987,STARCH - MINERAL SALT - AGAR (STMS)|GYM STREPTOMYCES MEDIUM|ROLLED OATS MINERAL MEDIUM|ISP 2 MEDIUM,4
158335,4,GCF_028702905.1,Methanofollis sp.,Methanofollis,Methanomicrobiaceae,37.0,,,,,,0
158338,4,GCF_021890735.1,Thermanaeromonas sp.,Thermanaeromonas,Neomoorellaceae,60.0,,,,,,0
158344,4,GCA_001661075,Pseudomonas silesiensis,Pseudomonas,Pseudomonadaceae,28.0,,,,535,TRYPTICASE SOY BROTH AGAR,1
158353,4,GCF_052073645.1,Desulfothermobacter acidiphilus,Desulfothermobacter,Thermoanaerobacteraceae,55.0,4.5,,anaerobe,,,0
158357,4,GCF_055396005.1,Pleomorphochaeta naphthae,Pleomorphochaeta,Sphaerochaetaceae,37.0,6.9,40.0,anaerobe,,,0
158367,4,GCA_004912155,Glycomyces paridis,Glycomyces,Glycomycetaceae,29.0,,,aerobe,514|65|83,BACTO MARINE BROTH (DIFCO 2216)|GYM STREPTOMYCES MEDIUM|CZAPEK PEPTONE AGAR,3
158388,4,GCA_002260845,Lactococcus reticulitermitis,Lactococcus,Streptococcaceae,30.0,,,facultative anaerobe,104,PYG MEDIUM (modified),1
158413,4,GCA_002993975,Apilactobacillus micheneri,Apilactobacillus,Lactobacillaceae,32.5,6.0,,aerobe,11,MRS MEDIUM,1
158414,4,GCA_003595525,Streptococcus respiraculi,Streptococcus,Streptococcaceae,37.0,,,facultative anaerobe,693,COLUMBIA BLOOD MEDIUM,1
158482,4,GCA_001941645,Actinoalloteichus fjordicus,Actinoalloteichus,Pseudonocardiaceae,28.0,,,,514,BACTO MARINE BROTH (DIFCO 2216),1
158499,4,GCA_003864415,Ligilactobacillus salitolerans,Ligilactobacillus,Lactobacillaceae,30.0,,,,11,MRS MEDIUM,1
158748,4,GCA_002154895,Lactococcus petauri,Lactococcus,Streptococcaceae,30.0,6.5,7.0,facultative anaerobe,92,TRYPTICASE SOY YEAST EXTRACT MEDIUM,1
158793,4,GCA_004117915,Companilactobacillus metriopterae,Companilactobacillus,Lactobacillaceae,30.0,,7.0,facultative anaerobe,11,MRS MEDIUM,1
158794,4,GCA_002887775,Streptococcus penaeicida,Streptococcus,Streptococcaceae,29.5,,,facultative anaerobe,693,COLUMBIA BLOOD MEDIUM,1
158922,4,GCA_009695905,Mogibacterium kristiansenii,Mogibacterium,Anaerovoracaceae,37.0,,,obligate anaerobe,,,0
158984,4,GCA_012843665,Ligilactobacillus agilis,Ligilactobacillus,Lactobacillaceae,37.0,,,,11|339,MRS MEDIUM|WILKINS-CHALGREN ANAEROBE BROTH,2
158988,4,GCA_012843605,Ligilactobacillus ruminis,Ligilactobacillus,Lactobacillaceae,37.0,,,,11,MRS MEDIUM,1
159039,4,GCA_902153285,Rhizobium sp.,Rhizobium,Rhizobiaceae,28.0,,,,830,R2A MEDIUM,1
159190,4,GCA_009696165,Stecheria intestinalis,Stecheria,Erysipelotrichaceae,37.0,,,,,,0
159210,4,GCA_012843525,Lactobacillus johnsonii,Lactobacillus,Lactobacillaceae,37.0,,,,339,WILKINS-CHALGREN ANAEROBE BROTH,1
159213,4,GCA_004886325,Cellulomonas telluris,Cellulomonas,Cellulomonadaceae,28.0,7.0,,aerobe,92,TRYPTICASE SOY YEAST EXTRACT MEDIUM,1
159364,4,GCA_009695705,Schaalia hyovaginalis,Schaalia,Actinomycetaceae,37.0,,,,339,WILKINS-CHALGREN ANAEROBE BROTH,1
159531,4,GCA_001896125,Pseudomonas moraviensis,Pseudomonas,Pseudomonadaceae,28.0,,,,535|545,TRYPTICASE SOY BROTH AGAR|TRYPTONE SOYA BROTH (TSB),2
159559,4,GCA_009695965,Lactobacillus equicursoris,Lactobacillus,Lactobacillaceae,37.0,,,,104|693,PYG MEDIUM (modified)|COLUMBIA BLOOD MEDIUM,2
159584,4,GCF_900101095.1,Actinopolyspora mzabensis,Actinopolyspora,Pseudonocardiaceae,28.0,,,,,,0
159624,4,GCA_007858355,Pseudomonas saxonica,Pseudomonas,Pseudomonadaceae,28.0,,,,535|545,TRYPTICASE SOY BROTH AGAR|TRYPTONE SOYA BROTH (TSB),2
159627,4,GCA_003719305,Mycolicibacterium stellerae,Mycolicibacterium,Mycobacteriaceae,37.0,,,aerobe,645,MIDDLEBROOK MEDIUM,1
159642,4,GCA_003265345,Lentzea terrae,Lentzea,Pseudonocardiaceae,28.0,7.0,,aerobe,65,GYM STREPTOMYCES MEDIUM,1
159645,4,GCA_003049725,Oceanimonas marisflavi,Oceanimonas,Aeromonadaceae,32.5,9.0,,aerobe,,,0
159650,4,GCA_009695985,Lactobacillus porci,Lactobacillus,Lactobacillaceae,37.0,,,,11,MRS MEDIUM,1
159681,4,GCA_040545545,Rhizobium aquaticum,Rhizobium,Rhizobiaceae,20.5,,,,1,NUTRIENT AGAR,1
159691,4,GCA_004102045,Oenococcus sicerae,Oenococcus,Lactobacillaceae,30.0,,,,,,0
159896,4,GCA_009176305,Rhizobium dioscoreae,Rhizobium,Rhizobiaceae,28.0,,,,830,R2A MEDIUM,1
159902,4,GCA_013868055,Thermoactinomyces mirandus,Thermoactinomyces,Thermoactinomycetaceae,50.0,,,,,,0
160080,4,GCA_000179455,Limosilactobacillus reuteri subsp. murium,Limosilactobacillus,Lactobacillaceae,37.0,,,,11,MRS MEDIUM,1
160092,4,GCA_015674855,Nocardia bovistercoris,Nocardia,Nocardiaceae,28.0,,0.0,,987,ISP 2 MEDIUM,1
160151,4,GCA_001375295,Pseudomonas aeruginosa,Pseudomonas,Pseudomonadaceae,37.0,,,,92,TRYPTICASE SOY YEAST EXTRACT MEDIUM,1
160159,4,GCA_900119915,Olsenella timonensis,Olsenella,Atopobiaceae,37.0,,,,104,PYG MEDIUM (modified),1
160165,4,GCA_004342335,Rhizobium sp.,Rhizobium,Rhizobiaceae,25.0,,,,830,R2A MEDIUM,1
160172,4,GCA_002896715,Agrobacterium bohemicum,Agrobacterium,Rhizobiaceae,30.0,,,,92,TRYPTICASE SOY YEAST EXTRACT MEDIUM,1
160173,4,GCA_004912145,Rhizobium rhizophilum,Rhizobium,Rhizobiaceae,30.0,,,,1,NUTRIENT AGAR,1
160218,4,GCA_016587775,Lactobacillus nasalidis,Lactobacillus,Lactobacillaceae,37.0,,,,11,MRS MEDIUM,1
160219,4,GCA_014145455,Limosilactobacillus rudii,Limosilactobacillus,Lactobacillaceae,37.0,,,,11,MRS MEDIUM,1
160222,4,GCA_014145615,Limosilactobacillus balticus,Limosilactobacillus,Lactobacillaceae,37.0,,,,11,MRS MEDIUM,1
160307,4,GCA_900157375,Mycobacterium rhizamassiliense,Mycobacterium,Mycobacteriaceae,28.0,,,,645,MIDDLEBROOK MEDIUM,1
160318,4,GCA_006704125,Rhodococcus spelaei,Rhodococcus,Nocardiaceae,30.0,,,,535|987,TRYPTICASE SOY BROTH AGAR|ISP 2 MEDIUM,2
160319,4,GCA_013466425,Mycobacterium vicinigordonae,Mycobacterium,Mycobacteriaceae,30.0,,,,354|645|65,LÖWENSTEIN-JENSEN MEDIUM|MIDDLEBROOK MEDIUM|GYM STREPTOMYCES MEDIUM,3
160348,4,GCF_003946505.1,Companilactobacillus salsicarnum,Companilactobacillus,Lactobacillaceae,30.0,,,,11,MRS MEDIUM,1
160361,4,GCA_011170065,Lactococcus insecticola,Lactococcus,Streptococcaceae,30.0,,,,104|693,PYG MEDIUM (modified)|COLUMBIA BLOOD MEDIUM,2
160439,4,GCA_039534065,Pseudonocardia yunnanensis,Pseudonocardia,Pseudonocardiaceae,28.0,,,,987,ISP 2 MEDIUM,1
160521,4,GCA_014926385,Trueperella sp.,Trueperella,Actinomycetaceae,37.0,,,,693,COLUMBIA BLOOD MEDIUM,1
160543,4,GCA_013280595,Kibdelosporangium persicum,Kibdelosporangium,Pseudonocardiaceae,30.0,,,,65,GYM STREPTOMYCES MEDIUM,1
160553,4,GCA_900079775,Leyella lascolaii,Leyella,Prevotellaceae,37.0,,,,104|693|78,PYG MEDIUM (modified)|COLUMBIA BLOOD MEDIUM|CHOPPED MEAT MEDIUM,3
160554,4,GCA_013166575,Xylanibacter rodentium,Xylanibacter,Prevotellaceae,37.0,,,,1203a,FASTIDIOUS ANAEROBE BROTH,1
160558,4,GCA_013166515,Xylanibacter caecicola,Xylanibacter,Prevotellaceae,37.0,,,,1203a,FASTIDIOUS ANAEROBE BROTH,1
160697,4,GCF_014137975.1,Saccharopolyspora lacisalsi,Saccharopolyspora,Pseudonocardiaceae,28.0,,,,,,0
160715,4,GCA_021533215,Portibacter lacus,Portibacter,Lewinellaceae,28.0,,,,514,BACTO MARINE BROTH (DIFCO 2216),1
160728,4,GCF_002916915.1,Lactobacillus bombicola,Lactobacillus,Lactobacillaceae,30.0,,,,,,0
160802,4,GCA_000949895,Agrobacterium arsenijevicii,Agrobacterium,Rhizobiaceae,30.0,,,,1,NUTRIENT AGAR,1
160816,4,GCF_001457795.1,Olsenella massiliensis,Olsenella,Atopobiaceae,37.0,,,,58|693,BIFIDOBACTERIUM MEDIUM|COLUMBIA BLOOD MEDIUM,2
164430,4,GCA_009208775,Silvanigrella paludirubra,Silvanigrella,Silvanigrellaceae,25.0,,1.1,,535|830,TRYPTICASE SOY BROTH AGAR|R2A MEDIUM,2
164432,4,GCA_009208585,Fluviispira multicolorata,Fluviispira,Silvanigrellaceae,25.0,,1.2,,830,R2A MEDIUM,1
164598,4,GCA_009831235,Shimazuella alba,Shimazuella,Thermoactinomycetaceae,30.0,7.0,,aerobe,987|pdf,ISP 2 MEDIUM|,2
164700,4,GCA_011067745,Lentzea alba,Lentzea,Pseudonocardiaceae,28.0,,,,65|84|987,GYM STREPTOMYCES MEDIUM|ROLLED OATS MINERAL MEDIUM|ISP 2 MEDIUM,3
166496,4,GCA_900566085,Mycobacterium attenuatum,Mycobacterium,Mycobacteriaceae,37.0,,,,645,MIDDLEBROOK MEDIUM,1
166497,4,GCA_900566055,Mycobacterium innocens,Mycobacterium,Mycobacteriaceae,37.0,,,,645,MIDDLEBROOK MEDIUM,1
166589,4,GCA_013200955,Pseudomonas campi,Pseudomonas,Pseudomonadaceae,28.0,,,,1|535,NUTRIENT AGAR|TRYPTICASE SOY BROTH AGAR,2
166958,4,GCA_019263585,Pseudonocardia oceani,Pseudonocardia,Pseudonocardiaceae,28.0,,,,65,GYM STREPTOMYCES MEDIUM,1
166970,4,GCA_017347605,Prevotella herbatica,Prevotella,Prevotellaceae,37.0,,,,104,PYG MEDIUM (modified),1
167001,4,GCA_003933745,Glycomyces terrestris,Glycomyces,Glycomycetaceae,28.0,,,,535|65,TRYPTICASE SOY BROTH AGAR|GYM STREPTOMYCES MEDIUM,2
167183,4,GCA_902170305,Yersinia alsatica,Yersinia,Yersiniaceae,30.0,,,,693|92,COLUMBIA BLOOD MEDIUM|TRYPTICASE SOY YEAST EXTRACT MEDIUM,2
167189,4,GCA_902726565,Yersinia vastinensis,Yersinia,Yersiniaceae,28.0,,,,535|545,TRYPTICASE SOY BROTH AGAR|TRYPTONE SOYA BROTH (TSB),2
167335,4,GCA_900148495,Negativibacillus massiliensis,Negativibacillus,"Bacillota, not assigned to family",37.0,,,,104,PYG MEDIUM (modified),1
167394,4,GCF_014230465.1,Pseudomonas cremoris,Pseudomonas,Pseudomonadaceae,28.0,,,,1|535,NUTRIENT AGAR|TRYPTICASE SOY BROTH AGAR,2
167833,4,GCA_007845675,Lentzea tibetensis,Lentzea,Pseudonocardiaceae,28.0,,,,65,GYM STREPTOMYCES MEDIUM,1
168013,4,GCA_017569225,Pengzhenrongella sicca,Pengzhenrongella,"Micrococcales, not assigned to family",20.0,,,,830,R2A MEDIUM,1
168382,4,GCA_017426725,Prevotella illustrans,Prevotella,Prevotellaceae,37.0,,,,104,PYG MEDIUM (modified),1
168421,4,GCA_016860605,Lentilactobacillus fungorum,Lentilactobacillus,Lactobacillaceae,30.0,,,,11,MRS MEDIUM,1
168936,4,GCF_036352135.1,Metamycoplasma gateae,Metamycoplasma,Metamycoplasmataceae,37.0,,,,1076b,SP4-Z MEDIUM,1
169196,4,GCA_007748075,Mucisphaera calidilacus,Mucisphaera,Phycisphaeraceae,28.0,,,,,,0
169279,4,GCA_009659615,Pseudomonas sp.,Pseudomonas,Pseudomonadaceae,30.0,,,,1|535|545,NUTRIENT AGAR|TRYPTICASE SOY BROTH AGAR|TRYPTONE SOYA BROTH (TSB),3
169282,4,GCA_015351415,Rhodococcus rhodochrous,Rhodococcus,Nocardiaceae,28.0,,,,535,TRYPTICASE SOY BROTH AGAR,1
169309,4,GCF_001936615.1,Desulfosporosinus metallidurans,Desulfosporosinus,Desulfitobacteriaceae,28.0,,,,,,0
169379,4,GCF_023336985.1,Marseilla massiliensis,Marseilla,Prevotellaceae,37.0,,,,78,CHOPPED MEAT MEDIUM,1
169479,4,GCF_014237355.1,Desulfosporosinus sp.,Desulfosporosinus,Desulfitobacteriaceae,30.0,,,,,,0
169502,4,GCA_943192935,Limosilactobacillus caecicola,Limosilactobacillus,Lactobacillaceae,37.0,,,,104|339,PYG MEDIUM (modified)|WILKINS-CHALGREN ANAEROBE BROTH,2
169505,4,GCA_023218935,Fructobacillus cardui,Fructobacillus,Lactobacillaceae,30.0,,,,,,0
169535,4,GCA_019249865,Segatella copri,Segatella,Prevotellaceae,37.0,,,,1611|693,YCFA MEDIUM (modified)|COLUMBIA BLOOD MEDIUM,2
169536,4,GCF_020735445.1,Segatella copri,Segatella,Prevotellaceae,37.0,,,,1611|693,YCFA MEDIUM (modified)|COLUMBIA BLOOD MEDIUM,2
169538,4,GCA_019249715,Segatella copri,Segatella,Prevotellaceae,37.0,,,,1611|693,YCFA MEDIUM (modified)|COLUMBIA BLOOD MEDIUM,2
169539,4,GCA_019249635,Segatella copri,Segatella,Prevotellaceae,37.0,,,,1611|693,YCFA MEDIUM (modified)|COLUMBIA BLOOD MEDIUM,2
169613,4,GCA_018415795,Wohlfahrtiimonas chitiniclastica,Wohlfahrtiimonas,Ignatzschineriaceae,37.0,,,,535|693|92,TRYPTICASE SOY BROTH AGAR|COLUMBIA BLOOD MEDIUM|TRYPTICASE SOY YEAST EXTRACT MEDIUM,3
169614,4,GCA_018415725,Wohlfahrtiimonas chitiniclastica,Wohlfahrtiimonas,Ignatzschineriaceae,37.0,,,,693|92,COLUMBIA BLOOD MEDIUM|TRYPTICASE SOY YEAST EXTRACT MEDIUM,2
169624,4,GCA_016482825,Antrihabitans stalagmiti,Antrihabitans,Nocardiaceae,30.0,,,,535|987,TRYPTICASE SOY BROTH AGAR|ISP 2 MEDIUM,2
169714,4,GCA_018860155,Nocardia albiluteola,Nocardia,Nocardiaceae,30.0,,,,65,GYM STREPTOMYCES MEDIUM,1
169748,4,GCF_004793885.1,Dubosiella muris,Dubosiella,Erysipelotrichaceae,37.0,,,,1203a|693|78,FASTIDIOUS ANAEROBE BROTH|COLUMBIA BLOOD MEDIUM|CHOPPED MEAT MEDIUM,3
169763,4,GCA_004792655,Palleniella muris,Palleniella,Prevotellaceae,37.0,,,,1203a|58|693,FASTIDIOUS ANAEROBE BROTH|BIFIDOBACTERIUM MEDIUM|COLUMBIA BLOOD MEDIUM,3
169764,4,GCA_004793925,Muricaecibacterium torontonense,Muricaecibacterium,Atopobiaceae,37.0,,,,104,PYG MEDIUM (modified),1
170339,4,GCF_019038455.1,Nocardia noduli,Nocardia,Nocardiaceae,28.0,,,,65,GYM STREPTOMYCES MEDIUM,1
170477,4,GCF_024399475.1,Allocoprobacillus halotolerans,Allocoprobacillus,Erysipelotrichaceae,37.0,,,,104,PYG MEDIUM (modified),1
170569,4,GCF_022810315.1,Pseudomonas marianensis,Pseudomonas,Pseudomonadaceae,28.0,,,,1|535,NUTRIENT AGAR|TRYPTICASE SOY BROTH AGAR,2
170716,4,GCF_025941625.1,Rhizobium acaciae,Rhizobium,Rhizobiaceae,28.0,,,,830,R2A MEDIUM,1
170926,4,GCA_011812995,Entomospira nematocera,Entomospira,Spirochaetaceae,30.5,,,,pdf,,1
174439,4,GCF_000270085.1,Erysipelothrix rhusiopathiae,Erysipelothrix,Erysipelotrichaceae,37.0,,,,693|92,COLUMBIA BLOOD MEDIUM|TRYPTICASE SOY YEAST EXTRACT MEDIUM,2
174524,4,GCF_963681955.1,Pseudomonas paraveronii,Pseudomonas,Pseudomonadaceae,25.0,,,,1|535|830,NUTRIENT AGAR|TRYPTICASE SOY BROTH AGAR|R2A MEDIUM,3
174534,4,GCF_033949945.1,Lentzea miocenica,Lentzea,Pseudonocardiaceae,28.0,,,,65,GYM STREPTOMYCES MEDIUM,1
174542,4,GCF_016127815.1,Pediococcus acidilactici,Pediococcus,Lactobacillaceae,37.0,,,,693|92,COLUMBIA BLOOD MEDIUM|TRYPTICASE SOY YEAST EXTRACT MEDIUM,2
174612,4,GCF_033949975.1,Lentzea sokolovensis,Lentzea,Pseudonocardiaceae,28.0,,,,65,GYM STREPTOMYCES MEDIUM,1
174622,4,GCF_036324045.1,Pseudomonas carassii,Pseudomonas,Pseudomonadaceae,30.0,,,,693|92,COLUMBIA BLOOD MEDIUM|TRYPTICASE SOY YEAST EXTRACT MEDIUM,2
174642,4,GCF_949794035.1,Serratia proteamaculans subsp. proteamaculans,Serratia,Yersiniaceae,25.0,,,,693|92,COLUMBIA BLOOD MEDIUM|TRYPTICASE SOY YEAST EXTRACT MEDIUM,2
174705,4,GCF_024112395.2,Pseudomonas pergaminensis,Pseudomonas,Pseudomonadaceae,32.0,,,,1|535,NUTRIENT AGAR|TRYPTICASE SOY BROTH AGAR,2
174794,4,GCF_027923555.1,Vulcanimicrobium alpinus,Vulcanimicrobium,Vulcanimicrobiaceae,30.0,,,,pdf,,1
174848,4,GCF_008693825.1,Pseudomonas oryzihabitans,Pseudomonas,Pseudomonadaceae,37.0,,,,92,TRYPTICASE SOY YEAST EXTRACT MEDIUM,1
174919,4,GCF_045862825.1,Lactiplantibacillus brownii,Lactiplantibacillus,Lactobacillaceae,30.0,,,,11,MRS MEDIUM,1
175010,4,GCF_017470295.1,Succinivibrio sp.,Succinivibrio,Succinivibrionaceae,37.0,,,,104c,PY + X MEDIUM (N2/CO2),1
175032,4,GCF_963681935.1,Pseudomonas kulmbachensis,Pseudomonas,Pseudomonadaceae,28.0,,,,1|535|830,NUTRIENT AGAR|TRYPTICASE SOY BROTH AGAR|R2A MEDIUM,3
175154,4,GCF_039906175.1,Limosilactobacillus allomucosae,Limosilactobacillus,Lactobacillaceae,37.0,,,,11,MRS MEDIUM,1
175205,4,GCF_001553195.1,Mycoplasmopsis canis,Mycoplasmopsis,Metamycoplasmataceae,37.0,,,,1076b,SP4-Z MEDIUM,1
175265,4,GCF_902497555.1,Amycolatopsis camponoti,Amycolatopsis,Pseudonocardiaceae,28.0,,,,65,GYM STREPTOMYCES MEDIUM,1
175332,4,GCF_003696365.1,Pseudomonas zhaodongensis,Pseudomonas,Pseudomonadaceae,28.0,,,,1|535,NUTRIENT AGAR|TRYPTICASE SOY BROTH AGAR,2
175333,4,GCA_003024455,Ensifer sp.,Ensifer,Rhizobiaceae,28.0,,,,830,R2A MEDIUM,1
175401,4,GCF_047723615.1,Oenococcus sp.,Oenococcus,Lactobacillaceae,30.0,,,,,,0
175427,4,GCF_037299205.1,Segatella sp.,Segatella,Prevotellaceae,37.0,,,,104|693,PYG MEDIUM (modified)|COLUMBIA BLOOD MEDIUM,2
175437,4,GCF_000016285.1,Allorhizobium ampelinum,Allorhizobium,Rhizobiaceae,28.0,,,,830,R2A MEDIUM,1
175442,4,GCF_004306515.1,Rhizobium beringeri,Rhizobium,Rhizobiaceae,28.0,,,,830,R2A MEDIUM,1
175449,4,GCF_022511585.1,Shimazuella soli,Shimazuella,Thermoactinomycetaceae,28.0,,,,553|65|830,GPHF-MEDIUM|GYM STREPTOMYCES MEDIUM|R2A MEDIUM,3
175489,4,GCF_947381495.1,Limosilactobacillus galli,Limosilactobacillus,Lactobacillaceae,37.0,,,,,,0
175493,4,GCF_947381805.1,Ligilactobacillus hohenheimensis,Ligilactobacillus,Lactobacillaceae,37.0,,,,,,0
175513,4,GCF_033971865.1,Grylomicrobium aquisgranensis,Grylomicrobium,Erysipelotrichaceae,37.0,,,,110,CHOPPED MEAT MEDIUM WITH CARBOHYDRATES,1
175515,4,GCF_033971885.1,Absicoccus intestinalis,Absicoccus,Erysipelotrichaceae,37.0,,,,693,COLUMBIA BLOOD MEDIUM,1
175519,4,GCF_030770295.1,Lacticaseibacillus styriensis,Lacticaseibacillus,Lactobacillaceae,37.0,,,,11,MRS MEDIUM,1
175523,4,GCF_045278715.1,Moorella carbonis,Moorella,Neomoorellaceae,60.0,,,,,,0
175527,4,GCF_037546185.1,Nicoliella lavandulae,Nicoliella,Lactobacillaceae,30.0,,,,11,MRS MEDIUM,1
176000,4,GCF_028657055.1,Pseudomonas aphyarum,Pseudomonas,Pseudomonadaceae,25.0,,,,1|535|545,NUTRIENT AGAR|TRYPTICASE SOY BROTH AGAR|TRYPTONE SOYA BROTH (TSB),3
176412,4,GCF_900475375.1,Elizabethkingia meningoseptica,Elizabethkingia,Weeksellaceae,37.0,,,,92,TRYPTICASE SOY YEAST EXTRACT MEDIUM,1
176485,4,GCF_045862745.1,Furfurilactobacillus entadae,Furfurilactobacillus,Lactobacillaceae,30.0,,,,11,MRS MEDIUM,1
176769,4,GCF_044582135.1,Guyparkeria halopsychrophila,Guyparkeria,Thioalkalibacteraceae,30.0,,,,,,0
176804,4,GCF_001483145.1,Elizabethkingia miricola,Elizabethkingia,Weeksellaceae,30.0,,,,1,NUTRIENT AGAR,1
177018,4,GCF_031845345.1,Pseudonocardia charpentierae,Pseudonocardia,Pseudonocardiaceae,28.0,,,,65,GYM STREPTOMYCES MEDIUM,1
177029,4,GCF_038024865.1,Oxyplasma meridianum,Oxyplasma,Thermoplasmataceae,40.0,,,,pdf,,1
177055,4,GCF_044054575.1,Fructilactobacillus frigidiflavus,Fructilactobacillus,Lactobacillaceae,30.0,,,,,,0
177077,4,GCF_041821185.1,Natronomicrosphaera hydrolytica,Natronomicrosphaera,Phycisphaeraceae,35.0,,,,pdf,,1
177092,4,GCF_042849255.1,Oceaniferula spumae,Oceaniferula,Verrucomicrobiaceae,28.0,,,,514,BACTO MARINE BROTH (DIFCO 2216),1
177099,4,GCF_052697045.1,Pseudomonas ceruminis,Pseudomonas,Pseudomonadaceae,28.0,,,,1,NUTRIENT AGAR,1
